sent_len_avg,sent_len_var,vocab_density,hapax_ratio,ttr_score,word_len_avg,word_len_var,ext_pictographic_density,stopword_count,punc_tilde,punc_backtick,punc_excl,punc_at,punc_hash,punc_dollar,punc_percent,punc_caret,punc_amp,punc_star,punc_lparen,punc_rparen,punc_under,punc_hyphen,punc_plus,punc_equal,punc_lbrace,punc_rbrace,punc_lbracket,punc_rbracket,punc_backslash,punc_pipe,punc_semi,punc_colon,punc_squote,punc_dquote,punc_comma,punc_langle,punc_period,punc_rangle,punc_slash,punc_question,label
66.8,3686.239999999999,0.7159420289855073,0.8299595141700404,0.6057142857142858,4.860869565217391,7.215425330812854,0.002898550724637681,134,0.0,0.0,0.0,0.0,0.015384615384615385,0.0,0.0,0.0,0.0,0.09230769230769231,0.015384615384615385,0.015384615384615385,0.12307692307692308,0.03076923076923077,0.0,0.0,0.0,0.0,0.03076923076923077,0.03076923076923077,0.0,0.0,0.0,0.15384615384615385,0.015384615384615385,0.0,0.24615384615384617,0.0,0.2,0.0,0.03076923076923077,0.0,human
70.625,4757.317708333333,0.6402116402116402,0.7892561983471075,0.5498721227621484,4.526455026455026,5.244009126284259,0.0,181,0.0,0.0,0.0,0.0,0.0,0.0,0.0,0.0,0.0,0.05102040816326531,0.0,0.0,0.0,0.07142857142857142,0.0,0.0,0.0,0.0,0.0,0.0,0.0,0.0,0.0,0.0,0.11224489795918367,0.21428571428571427,0.30612244897959184,0.0,0.21428571428571427,0.0,0.0,0.030612244897959183,human
70.04166666666667,3119.206597222222,0.5913705583756346,0.7682403433476395,0.5125628140703518,4.309644670050761,4.858434899121337,0.0,210,0.0,0.0,0.0,0.0,0.0,0.0,0.0,0.0,0.0,0.06493506493506493,0.0,0.0,0.0,0.025974025974025976,0.0,0.0,0.0,0.0,0.0,0.0,0.0,0.0,0.0,0.0,0.09090909090909091,0.16883116883116883,0.36363636363636365,0.0,0.24675324675324675,0.0,0.0,0.03896103896103896,human
65.11538461538461,1948.332840236687,0.6134663341645885,0.7764227642276422,0.5192307692307693,4.27431421446384,4.822507322715654,0.0,218,0.0,0.0,0.0,0.0,0.0,0.0,0.0,0.0,0.0,0.0,0.0,0.0,0.022988505747126436,0.04597701149425287,0.0,0.0,0.0,0.0,0.0,0.0,0.0,0.0,0.011494252873563218,0.0,0.12643678160919541,0.16091954022988506,0.3333333333333333,0.0,0.26436781609195403,0.0,0.0,0.034482758620689655,human
78.5909090909091,2471.3326446280994,0.5846153846153846,0.7456140350877193,0.5198019801980198,4.487179487179487,5.624194608809994,0.0,196,0.0,0.0,0.0,0.0,0.0,0.0,0.0,0.0,0.0,0.0,0.0136986301369863,0.0,0.0,0.136986301369863,0.0,0.0,0.0,0.0,0.0,0.0,0.0,0.0,0.0,0.0,0.0547945205479452,0.0273972602739726,0.4657534246575342,0.0,0.3013698630136986,0.0,0.0,0.0,human
63.925925925925924,2982.8093278463643,0.6109660574412533,0.7692307692307693,0.5099502487562189,4.5718015665796345,4.9289176420863186,0.0,184,0.0,0.0,0.0,0.0,0.0,0.05319148936170213,0.0,0.0,0.0,0.0,0.0,0.010638297872340425,0.0,0.05319148936170213,0.0,0.0,0.0,0.0,0.0,0.0,0.0,0.0,0.010638297872340425,0.0,0.09574468085106383,0.13829787234042554,0.32978723404255317,0.0,0.2765957446808511,0.0,0.0,0.031914893617021274,human
65.07692307692308,3551.532544378698,0.640625,0.7479674796747967,0.5251256281407035,4.4609375,4.712015787760417,0.0,178,0.0,0.0,0.0,0.0,0.0,0.0,0.0,0.0,0.0,0.049019607843137254,0.0,0.0,0.0,0.00980392156862745,0.0,0.0,0.0,0.0,0.0,0.0,0.0,0.0,0.0,0.0,0.18627450980392157,0.20588235294117646,0.2549019607843137,0.0,0.27450980392156865,0.0,0.0,0.0196078431372549,human
86.1,3215.09,0.6025641025641025,0.7531914893617021,0.5062344139650873,4.458974358974359,4.473957922419461,0.0,192,0.0,0.0,0.0,0.0,0.0,0.009523809523809525,0.0,0.0,0.0,0.0,0.0,0.0,0.0,0.02857142857142857,0.0,0.0,0.0,0.0,0.0,0.0,0.0,0.0,0.01904761904761905,0.0,0.09523809523809523,0.20952380952380953,0.3904761904761905,0.0,0.23809523809523808,0.0,0.0,0.009523809523809525,human
98.47058823529412,3099.5432525951555,0.576271186440678,0.7647058823529411,0.4915254237288136,4.084745762711864,4.121147453523207,0.0,206,0.0,0.0,0.0,0.0,0.0,0.0,0.0,0.0,0.0,0.05952380952380952,0.0,0.0,0.0,0.011904761904761904,0.0,0.0,0.0,0.0,0.0,0.0,0.0,0.0,0.011904761904761904,0.0,0.047619047619047616,0.23809523809523808,0.40476190476190477,0.0,0.21428571428571427,0.0,0.0,0.011904761904761904,human
107.375,5333.109375,0.5824468085106383,0.7442922374429224,0.5430809399477807,4.6037234042553195,6.217964859665007,0.0,171,0.0,0.0,0.0,0.0,0.0,0.01694915254237288,0.0,0.0,0.0,0.0847457627118644,0.0,0.0,0.0,0.15254237288135594,0.0,0.0,0.0,0.0,0.0,0.0,0.0,0.0,0.01694915254237288,0.0,0.06779661016949153,0.06779661016949153,0.3559322033898305,0.0,0.23728813559322035,0.0,0.0,0.0,human
73.56521739130434,3162.8544423440453,0.6,0.7905982905982906,0.5341772151898734,4.387179487179488,4.57060486522025,0.0,184,0.0,0.0,0.0,0.0,0.0,0.0,0.0,0.0,0.0,0.06756756756756757,0.0,0.0,0.0,0.013513513513513514,0.0,0.0,0.0,0.0,0.0,0.0,0.0,0.0,0.0,0.0,0.12162162162162163,0.17567567567567569,0.32432432432432434,0.0,0.28378378378378377,0.0,0.0,0.013513513513513514,human
81.61904761904762,4505.378684807257,0.625,0.792,0.5084337349397591,4.3275,3.79524375,0.0,206,0.0,0.0,0.0,0.0,0.0,0.0,0.0,0.0,0.0,0.0,0.0,0.0,0.0,0.010101010101010102,0.0,0.0,0.0,0.0,0.0,0.0,0.0,0.0,0.020202020202020204,0.0,0.1414141414141414,0.25252525252525254,0.3434343434343434,0.0,0.23232323232323232,0.0,0.0,0.0,human
84.85,4218.727499999999,0.5822784810126582,0.7695652173913043,0.5075757575757576,4.336708860759494,5.25118410511136,0.0,195,0.0,0.0,0.0,0.0,0.0,0.0,0.0,0.0,0.0,0.07042253521126761,0.014084507042253521,0.014084507042253521,0.0,0.028169014084507043,0.0,0.0,0.0,0.0,0.0,0.0,0.0,0.0,0.014084507042253521,0.0,0.056338028169014086,0.11267605633802817,0.4225352112676056,0.0,0.2676056338028169,0.0,0.0,0.0,human
101.47058823529412,2029.8961937716265,0.5856079404466501,0.8220338983050848,0.5333333333333333,4.320099255583126,4.723839196103664,0.0,206,0.0,0.0,0.0,0.0,0.0,0.0,0.0,0.0,0.0,0.0,0.0,0.0,0.0,0.02,0.0,0.0,0.0,0.0,0.0,0.0,0.0,0.0,0.04,0.0,0.02,0.04,0.56,0.0,0.32,0.0,0.0,0.0,human
114.6,1874.24,0.5351089588377724,0.6923076923076923,0.47980997624703087,4.196125907990314,3.5184353546072256,0.0,220,0.0,0.0,0.0,0.0,0.0,0.0,0.0,0.0,0.0,0.0,0.0,0.0,0.0,0.02,0.0,0.0,0.0,0.0,0.0,0.0,0.0,0.0,0.04,0.0,0.14,0.0,0.52,0.0,0.28,0.0,0.0,0.0,human
89.26315789473684,2783.2465373961227,0.5786802030456852,0.7807017543859649,0.5392405063291139,4.347715736040609,5.038992244067098,0.0,195,0.0,0.0,0.0,0.0,0.0,0.0,0.0,0.0,0.0,0.09433962264150944,0.0,0.0,0.0,0.05660377358490566,0.0,0.0,0.0,0.0,0.0,0.0,0.0,0.0,0.018867924528301886,0.0,0.05660377358490566,0.03773584905660377,0.41509433962264153,0.0,0.32075471698113206,0.0,0.0,0.0,human
101.6470588235294,3749.5224913494817,0.575,0.7608695652173914,0.5024390243902439,4.36,5.1754,0.0,214,0.0,0.0,0.0,0.0,0.0,0.0,0.0,0.0,0.0,0.0,0.0,0.0,0.0,0.03896103896103896,0.0,0.0,0.0,0.0,0.0,0.0,0.0,0.0,0.012987012987012988,0.0,0.09090909090909091,0.2077922077922078,0.33766233766233766,0.0,0.3116883116883117,0.0,0.0,0.0,human
102.0,2878.705882352941,0.5913705583756346,0.8025751072961373,0.5413533834586466,4.441624365482234,4.591769950269268,0.0,193,0.0,0.0,0.02,0.0,0.0,0.0,0.0,0.0,0.0,0.0,0.0,0.0,0.0,0.12,0.0,0.0,0.0,0.0,0.0,0.0,0.0,0.0,0.02,0.0,0.0,0.04,0.48,0.0,0.32,0.0,0.0,0.0,human
102.58823529411765,3532.595155709343,0.6089238845144357,0.8060344827586207,0.5380710659898477,4.616797900262467,4.551318880415539,0.0,192,0.0,0.0,0.0,0.0,0.0,0.0,0.0,0.0,0.0,0.0,0.0,0.0,0.046511627906976744,0.03488372093023256,0.0,0.0,0.0,0.0,0.0,0.0,0.0,0.0,0.0,0.011627906976744186,0.11627906976744186,0.09302325581395349,0.47674418604651164,0.0,0.22093023255813954,0.0,0.0,0.0,human
101.94117647058823,3691.1141868512104,0.629156010230179,0.8008130081300813,0.5348258706467661,4.468030690537084,5.1441186282141,0.0,186,0.0,0.0,0.0,0.0,0.0,0.0,0.0,0.0,0.0,0.0,0.0,0.0,0.02197802197802198,0.03296703296703297,0.0,0.0,0.0,0.0,0.0,0.0,0.0,0.0,0.0,0.0,0.08791208791208792,0.16483516483516483,0.4945054945054945,0.0,0.1978021978021978,0.0,0.0,0.0,human
102.58823529411765,5620.595155709342,0.6473684210526316,0.8211382113821138,0.5623409669211196,4.626315789473685,5.223518005540166,0.0,177,0.0,0.0,0.0,0.0,0.0,0.0,0.0,0.0,0.0,0.0,0.0,0.0,0.041666666666666664,0.03125,0.0,0.0,0.0,0.0,0.0,0.0,0.0,0.0,0.0,0.0,0.10416666666666667,0.17708333333333334,0.4270833333333333,0.0,0.20833333333333334,0.0,0.0,0.010416666666666666,human
144.91666666666666,11927.743055555555,0.6025641025641025,0.7957446808510639,0.5197044334975369,4.482051282051282,5.065062458908613,0.0,203,0.0,0.0,0.0,0.0,0.0,0.0,0.0,0.0,0.0,0.0,0.0,0.0,0.0,0.0989010989010989,0.0,0.0,0.0,0.0,0.0,0.0,0.0,0.0,0.0,0.01098901098901099,0.0989010989010989,0.27472527472527475,0.3516483516483517,0.0,0.15384615384615385,0.0,0.0,0.01098901098901099,human
115.4,2913.4400000000005,0.6136363636363636,0.823045267489712,0.5302663438256658,4.406565656565657,5.099855882052852,0.0,206,0.0,0.0,0.0,0.0,0.0,0.0,0.0,0.0,0.0,0.0,0.0,0.0,0.0,0.02531645569620253,0.0,0.0,0.0,0.0,0.0,0.0,0.0,0.0,0.0,0.0,0.189873417721519,0.1518987341772152,0.4177215189873418,0.0,0.189873417721519,0.0,0.0,0.02531645569620253,human
109.375,7846.984375,0.6339522546419099,0.7907949790794979,0.5710594315245479,4.676392572944297,6.250715898936882,0.0,189,0.0,0.0,0.0,0.0,0.0,0.0,0.0,0.0,0.0,0.0,0.0,0.0,0.0,0.07142857142857142,0.0,0.0,0.0,0.0,0.0,0.0,0.0,0.0,0.0,0.0,0.07142857142857142,0.15714285714285714,0.4714285714285714,0.0,0.22857142857142856,0.0,0.0,0.0,human
115.0,5209.6,0.5601965601965602,0.7412280701754386,0.4892086330935252,4.2727272727272725,4.208175117266026,0.0,228,0.0,0.0,0.0,0.0,0.0,0.0,0.0,0.0,0.0,0.0,0.0,0.0,0.027777777777777776,0.013888888888888888,0.0,0.0,0.0,0.0,0.0,0.0,0.0,0.0,0.013888888888888888,0.0,0.1527777777777778,0.1111111111111111,0.4305555555555556,0.0,0.25,0.0,0.0,0.0,human
99.3529411764706,4992.934256055364,0.6059850374064838,0.7901234567901234,0.5109489051094891,4.246882793017456,4.335557614691451,0.0,211,0.0,0.0,0.0,0.0,0.0,0.0,0.0,0.0,0.0,0.04854368932038835,0.0,0.0,0.0,0.019417475728155338,0.0,0.0,0.0,0.0,0.0,0.0,0.0,0.0,0.0,0.0,0.1262135922330097,0.1941747572815534,0.4077669902912621,0.0,0.20388349514563106,0.0,0.0,0.0,human
106.5625,3711.24609375,0.5542452830188679,0.7829787234042553,0.49078341013824883,4.056603773584905,4.435475258098967,0.0,224,0.0,0.0,0.0,0.0,0.0,0.0,0.0,0.0,0.0,0.0,0.0,0.0,0.0,0.0,0.0,0.0,0.0,0.0,0.0,0.0,0.0,0.0,0.016129032258064516,0.0,0.16129032258064516,0.0967741935483871,0.43548387096774194,0.0,0.27419354838709675,0.0,0.0,0.016129032258064516,human
123.92857142857143,9567.06632653061,0.601010101010101,0.7647058823529411,0.508641975308642,4.411616161616162,4.8128953678196105,0.0,200,0.0,0.0,0.0,0.0,0.0,0.0,0.0,0.0,0.0,0.0,0.0,0.0,0.0,0.0,0.0,0.0,0.0,0.0,0.0,0.0,0.0,0.0,0.0,0.0,0.10588235294117647,0.18823529411764706,0.4470588235294118,0.0,0.24705882352941178,0.0,0.0,0.011764705882352941,human
84.85,4870.327500000001,0.6065989847715736,0.7824267782426778,0.52,4.352791878172589,4.558279007446726,0.0,196,0.0,0.0,0.0,0.0,0.0,0.0,0.0,0.0,0.0,0.05813953488372093,0.0,0.0,0.0,0.023255813953488372,0.0,0.0,0.0,0.0,0.0,0.0,0.0,0.0,0.0,0.0,0.12790697674418605,0.12790697674418605,0.37209302325581395,0.0,0.26744186046511625,0.0,0.0,0.023255813953488372,human
95.83333333333333,4555.916666666666,0.5930521091811415,0.7656903765690377,0.5097087378640777,4.320099255583126,4.500514134068924,0.0,193,0.0,0.0,0.0,0.0,0.0,0.0,0.0,0.0,0.0,0.0,0.0,0.0,0.0,0.0,0.0,0.0,0.0,0.0,0.0,0.0,0.0,0.0,0.0,0.0,0.12,0.17333333333333334,0.41333333333333333,0.0,0.25333333333333335,0.0,0.0,0.04,human
50.06060606060606,1407.8751147842056,0.5914786967418546,0.7796610169491526,0.4681372549019608,4.197994987468672,3.817940842080138,0.0,211,0.0,0.0,0.0,0.0,0.0,0.0,0.0,0.0,0.0,0.038461538461538464,0.0,0.0,0.0,0.038461538461538464,0.0,0.0,0.0,0.0,0.0,0.0,0.0,0.0,0.023076923076923078,0.0,0.08461538461538462,0.3,0.25384615384615383,0.0,0.23076923076923078,0.0,0.0,0.03076923076923077,human
72.73913043478261,3908.2797731568994,0.5483870967741935,0.755656108597285,0.4864864864864865,4.188585607940446,4.088504947385921,0.0,199,0.0,0.0,0.0,0.0,0.0,0.0,0.0,0.0,0.0,0.058823529411764705,0.0,0.0,0.0,0.0,0.0,0.0,0.0,0.0,0.0,0.0,0.0,0.0,0.0,0.0,0.10588235294117647,0.24705882352941178,0.3411764705882353,0.0,0.21176470588235294,0.0,0.0,0.03529411764705882,human
101.76470588235294,2588.1799307958486,0.6045340050377834,0.7958333333333333,0.5257985257985258,4.397984886649874,4.431028684910126,0.0,208,0.0,0.0,0.0,0.0,0.0,0.0,0.0,0.0,0.0,0.0,0.0,0.0,0.027777777777777776,0.013888888888888888,0.0,0.0,0.0,0.0,0.0,0.0,0.0,0.0,0.013888888888888888,0.0,0.125,0.05555555555555555,0.5416666666666666,0.0,0.2222222222222222,0.0,0.0,0.0,human
71.41666666666667,2263.493055555556,0.6322418136020151,0.8167330677290837,0.5157384987893463,4.3727959697733,3.9920055326789714,0.0,193,0.0,0.0,0.0,0.0,0.0,0.0,0.0,0.0,0.0,0.0,0.0,0.0,0.0,0.03614457831325301,0.0,0.0,0.0,0.0,0.0,0.0,0.0,0.0,0.0,0.0,0.1566265060240964,0.12048192771084337,0.3855421686746988,0.0,0.2289156626506024,0.0,0.0,0.07228915662650602,human
82.0,2023.5238095238096,0.606516290726817,0.7892561983471075,0.5354523227383863,4.365914786967418,5.1042016067738265,0.0,192,0.0,0.0,0.0,0.0,0.0,0.0,0.0,0.0,0.0,0.0,0.0,0.0,0.0,0.03278688524590164,0.0,0.0,0.0,0.0,0.0,0.0,0.0,0.0,0.0,0.0,0.14754098360655737,0.06557377049180328,0.39344262295081966,0.0,0.36065573770491804,0.0,0.0,0.0,human
115.73333333333333,2314.4622222222224,0.5786802030456852,0.7982456140350878,0.5024752475247525,4.441624365482234,4.8861861939240905,0.0,195,0.0,0.0,0.0,0.0,0.0,0.0,0.0,0.0,0.0,0.0,0.0,0.0,0.0,0.0,0.0,0.0,0.0,0.0,0.0,0.0,0.0,0.0,0.0,0.0,0.16129032258064516,0.06451612903225806,0.532258064516129,0.0,0.22580645161290322,0.0,0.0,0.016129032258064516,human
94.11111111111111,3987.765432098766,0.5703517587939698,0.775330396475771,0.5289672544080605,4.296482412060302,5.5904901391379,0.0,194,0.0,0.0,0.0,0.0,0.0,0.0,0.0,0.0,0.0,0.10416666666666667,0.0,0.0,0.0,0.0625,0.0,0.0,0.0,0.0,0.0,0.0,0.0,0.0,0.0,0.0,0.020833333333333332,0.041666666666666664,0.4166666666666667,0.0,0.3333333333333333,0.0,0.0,0.020833333333333332,human
132.84615384615384,11461.36094674556,0.6413043478260869,0.8008474576271186,0.5564516129032258,4.7146739130434785,6.812610763232514,0.0,175,0.0,0.0,0.0,0.0,0.0,0.0,0.0,0.0,0.0,0.052083333333333336,0.010416666666666666,0.010416666666666666,0.0,0.041666666666666664,0.0,0.0,0.0,0.0,0.0,0.0,0.0,0.0,0.0,0.0,0.0625,0.3125,0.34375,0.0,0.14583333333333334,0.0,0.0,0.020833333333333332,human
218.75,29933.4375,0.5633074935400517,0.7568807339449541,0.5049751243781094,4.537467700258398,4.858415292884375,0.0,180,0.0,0.0,0.0,0.0,0.0,0.0,0.0,0.0,0.0,0.0,0.011494252873563218,0.011494252873563218,0.0,0.06896551724137931,0.0,0.0,0.0,0.0,0.0,0.0,0.0,0.0,0.011494252873563218,0.0,0.11494252873563218,0.22988505747126436,0.41379310344827586,0.0,0.13793103448275862,0.0,0.0,0.0,human
295.1666666666667,26833.138888888887,0.6351351351351351,0.774468085106383,0.5789473684210527,4.8,5.338378378378378,0.0,169,0.0,0.0,0.0,0.0,0.0,0.0,0.0,0.0,0.0,0.0,0.0,0.0,0.0,0.04819277108433735,0.0,0.0,0.0,0.0,0.0,0.0,0.0,0.0,0.0,0.0,0.08433734939759036,0.1927710843373494,0.5301204819277109,0.0,0.12048192771084337,0.0,0.0,0.024096385542168676,human
146.0,7898.5,0.640625,0.8089430894308943,0.583756345177665,4.591145833333333,5.127109103732638,0.0,177,0.0,0.0,0.0,0.0,0.0,0.0,0.0,0.0,0.0,0.0,0.0,0.0,0.0,0.014285714285714285,0.0,0.0,0.0,0.0,0.0,0.0,0.0,0.0,0.04285714285714286,0.0,0.12857142857142856,0.11428571428571428,0.5285714285714286,0.0,0.17142857142857143,0.0,0.0,0.0,human
107.375,3326.234375,0.6206896551724138,0.811965811965812,0.5466321243523317,4.594164456233422,5.88569538939977,0.0,180,0.0,0.0,0.0,0.0,0.0,0.0,0.0,0.0,0.0,0.06578947368421052,0.0,0.0,0.02631578947368421,0.09210526315789473,0.0,0.0,0.0,0.0,0.0,0.0,0.0,0.0,0.013157894736842105,0.0,0.13157894736842105,0.13157894736842105,0.32894736842105265,0.0,0.21052631578947367,0.0,0.0,0.0,human
112.53333333333333,4351.315555555556,0.5759803921568627,0.7531914893617021,0.49514563106796117,4.169117647058823,3.959144319492503,0.0,216,0.0,0.0,0.0,0.0,0.0,0.0,0.0,0.0,0.0,0.053763440860215055,0.0,0.0,0.0,0.021505376344086023,0.0,0.0,0.0,0.0,0.0,0.0,0.0,0.0,0.010752688172043012,0.010752688172043012,0.08602150537634409,0.27956989247311825,0.3118279569892473,0.0,0.1935483870967742,0.0,0.0,0.03225806451612903,human
135.23076923076923,5251.71597633136,0.6166219839142091,0.8260869565217391,0.5449871465295629,4.7399463806970505,6.825133509189314,0.0,169,0.0,0.0,0.0,0.0,0.0,0.0,0.0,0.0,0.0,0.0,0.012195121951219513,0.012195121951219513,0.0,0.10975609756097561,0.0,0.0,0.0,0.0,0.0,0.0,0.0,0.0,0.0,0.012195121951219513,0.08536585365853659,0.21951219512195122,0.36585365853658536,0.0,0.17073170731707318,0.0,0.0,0.012195121951219513,human
124.14285714285714,16609.408163265307,0.6263440860215054,0.8068669527896996,0.5544041450777202,4.693548387096774,5.309313215400624,0.0,169,0.0,0.0,0.0,0.0,0.0,0.0,0.0,0.0,0.0,0.0,0.008403361344537815,0.008403361344537815,0.01680672268907563,0.04201680672268908,0.0,0.0,0.0,0.0,0.0,0.0,0.0,0.0,0.0,0.01680672268907563,0.07563025210084033,0.3445378151260504,0.35294117647058826,0.0,0.12605042016806722,0.0,0.0,0.008403361344537815,human
124.92857142857143,8188.923469387754,0.64,0.7875,0.5338345864661654,4.696,5.470250666666667,0.0,175,0.0,0.0,0.0,0.0,0.0,0.0,0.0,0.0,0.0,0.0,0.008403361344537815,0.008403361344537815,0.01680672268907563,0.1092436974789916,0.0,0.0,0.0,0.0,0.0,0.0,0.0,0.0,0.0,0.0,0.09243697478991597,0.226890756302521,0.36134453781512604,0.0,0.15126050420168066,0.0,0.0,0.025210084033613446,human
63.18518518518518,3431.706447187928,0.6246575342465753,0.7763157894736842,0.4781491002570694,4.723287671232876,5.854937136423344,0.0,170,0.0,0.0,0.0,0.0,0.0,0.0,0.0,0.0,0.0,0.032679738562091505,0.0,0.0,0.0,0.12418300653594772,0.0,0.0,0.0,0.0,0.0,0.0,0.0,0.0,0.006535947712418301,0.0,0.0915032679738562,0.24836601307189543,0.2875816993464052,0.0,0.1830065359477124,0.0,0.0,0.026143790849673203,human
146.25,6384.854166666667,0.626984126984127,0.8143459915611815,0.583547557840617,4.671957671957672,6.114610453234793,0.0,178,0.0,0.0,0.0,0.0,0.0,0.0,0.0,0.0,0.0,0.0,0.0,0.0,0.0,0.10714285714285714,0.0,0.0,0.0,0.0,0.0,0.0,0.0,0.0,0.0,0.0,0.08928571428571429,0.07142857142857142,0.5178571428571429,0.0,0.21428571428571427,0.0,0.0,0.0,human
82.52380952380952,3710.154195011338,0.6132315521628499,0.7883817427385892,0.5617128463476071,4.460559796437659,5.525798159910392,0.0,189,0.0,0.0,0.0,0.0,0.0,0.0,0.0,0.0,0.0,0.0,0.0,0.0,0.0,0.01818181818181818,0.0,0.0,0.0,0.0,0.0,0.0,0.0,0.0,0.0,0.0,0.05454545454545454,0.0,0.5636363636363636,0.0,0.32727272727272727,0.0,0.0,0.03636363636363636,human
115.13333333333334,4123.182222222223,0.6348773841961853,0.7982832618025751,0.5956873315363881,4.741144414168938,5.630541469607763,0.0,173,0.0,0.0,0.0,0.0,0.0,0.0,0.0,0.0,0.0,0.08064516129032258,0.0,0.0,0.0,0.08064516129032258,0.0,0.0,0.0,0.0,0.0,0.0,0.0,0.0,0.016129032258064516,0.0,0.06451612903225806,0.03225806451612903,0.5161290322580645,0.0,0.20967741935483872,0.0,0.0,0.0,human
90.05263157894737,3138.997229916898,0.6219839142091153,0.7931034482758621,0.5740740740740741,4.624664879356568,5.054834002975656,0.0,162,0.0,0.0,0.0,0.0,0.0,0.012195121951219513,0.0,0.0,0.0,0.06097560975609756,0.0,0.0,0.0,0.024390243902439025,0.0,0.0,0.0,0.0,0.0,0.0,0.0,0.0,0.0,0.0,0.08536585365853659,0.21951219512195122,0.3780487804878049,0.0,0.21951219512195122,0.0,0.0,0.0,human
251.28571428571428,10525.632653061224,0.612565445026178,0.7863247863247863,0.5355329949238579,4.62041884816754,5.753823908335845,0.0,169,0.0,0.0,0.0,0.0,0.0,0.0,0.0,0.0,0.0,0.0,0.0,0.0,0.0,0.07228915662650602,0.0,0.0,0.0,0.0,0.0,0.0,0.0,0.0,0.0,0.012048192771084338,0.10843373493975904,0.1927710843373494,0.46987951807228917,0.0,0.13253012048192772,0.0,0.0,0.012048192771084338,human
90.73684210526316,6200.50969529086,0.5725,0.7729257641921398,0.47073170731707314,4.345,4.650975,0.0,198,0.0,0.0,0.0,0.0,0.0,0.0,0.0,0.0,0.0,0.0,0.0,0.0,0.019230769230769232,0.019230769230769232,0.0,0.0,0.0,0.0,0.0,0.0,0.0,0.0,0.0,0.0,0.07692307692307693,0.28846153846153844,0.3942307692307692,0.0,0.20192307692307693,0.0,0.0,0.0,human
71.25,7133.104166666667,0.6048780487804878,0.7580645161290323,0.5306603773584906,4.221951219512195,4.606835217132659,0.0,202,0.0,0.0,0.0,0.0,0.0,0.0,0.0,0.0,0.0,0.0,0.0,0.0,0.05194805194805195,0.025974025974025976,0.0,0.0,0.0,0.0,0.0,0.0,0.0,0.0,0.0,0.0,0.18181818181818182,0.05194805194805195,0.38961038961038963,0.0,0.2987012987012987,0.0,0.0,0.0,human
82.19047619047619,9830.53514739229,0.6456692913385826,0.7764227642276422,0.5306122448979592,4.564304461942257,5.21174420126618,0.0,183,0.0,0.0,0.0,0.0,0.0,0.0,0.0,0.0,0.0,0.0,0.0,0.0,0.037383177570093455,0.009345794392523364,0.0,0.0,0.0,0.0,0.0,0.0,0.0,0.0,0.037383177570093455,0.0,0.09345794392523364,0.24299065420560748,0.38317757009345793,0.0,0.16822429906542055,0.0,0.0,0.028037383177570093,human
91.42105263157895,8087.612188365652,0.6375661375661376,0.7966804979253111,0.5604113110539846,4.632275132275132,5.82509588197419,0.0,181,0.0,0.0,0.0,0.0,0.0,0.0,0.0,0.0,0.0,0.0,0.0,0.0,0.0,0.03488372093023256,0.0,0.0,0.0,0.0,0.0,0.0,0.0,0.0,0.023255813953488372,0.0,0.09302325581395349,0.2558139534883721,0.36046511627906974,0.0,0.22093023255813954,0.0,0.0,0.011627906976744186,human
65.8076923076923,1710.3860946745567,0.5843828715365239,0.7758620689655172,0.4803921568627451,4.365239294710327,4.5089176379521465,0.0,209,0.0,0.0,0.0,0.0,0.0,0.0,0.0,0.0,0.0,0.0,0.0,0.0,0.0,0.009708737864077669,0.0,0.0,0.0,0.0,0.0,0.0,0.0,0.0,0.0,0.0,0.10679611650485436,0.2621359223300971,0.33980582524271846,0.0,0.2621359223300971,0.0,0.0,0.019417475728155338,human
57.4,1305.7066666666667,0.6455026455026455,0.7868852459016393,0.5150753768844221,4.619047619047619,5.521541950113379,0.0,196,0.0,0.0,0.0,0.0,0.0,0.0,0.0,0.0,0.0,0.0,0.0,0.0,0.017857142857142856,0.026785714285714284,0.0,0.0,0.0,0.0,0.0,0.0,0.0,0.0,0.0,0.0,0.15178571428571427,0.23214285714285715,0.26785714285714285,0.0,0.29464285714285715,0.0,0.0,0.008928571428571428,human
62.2962962962963,1872.2085048010977,0.5809768637532133,0.7477876106194691,0.4803921568627451,4.377892030848329,5.592416122018754,0.0,199,0.0,0.0,0.0,0.0,0.0,0.0,0.0,0.0,0.0,0.04032258064516129,0.0,0.0,0.016129032258064516,0.04032258064516129,0.0,0.0,0.0,0.0,0.0,0.0,0.0,0.0,0.0,0.0,0.1693548387096774,0.23387096774193547,0.28225806451612906,0.0,0.1935483870967742,0.0,0.0,0.024193548387096774,human
114.2,7646.96,0.5916230366492147,0.7522123893805309,0.5322997416020672,4.515706806282722,5.516769003042681,0.0,182,0.0,0.0,0.0,0.0,0.0,0.0,0.0,0.0,0.0,0.06172839506172839,0.0,0.0,0.0,0.06172839506172839,0.0,0.0,0.0,0.0,0.0,0.0,0.0,0.0,0.0,0.0,0.07407407407407407,0.19753086419753085,0.4074074074074074,0.0,0.1728395061728395,0.0,0.0,0.024691358024691357,human
82.52380952380952,6638.630385487529,0.596401028277635,0.7586206896551724,0.4792176039119804,4.5012853470437015,5.43765901626344,0.0,204,0.0,0.0,0.0,0.0,0.0,0.0,0.0,0.0,0.0,0.0,0.0,0.0,0.017391304347826087,0.034782608695652174,0.0,0.0,0.0,0.0,0.0,0.0,0.0,0.0,0.0,0.0,0.13043478260869565,0.25217391304347825,0.30434782608695654,0.0,0.17391304347826086,0.0,0.0,0.08695652173913043,human
53.96774193548387,2490.8054110301778,0.6207792207792208,0.7447698744769874,0.5138539042821159,4.4,4.530909090909091,0.0,193,0.0,0.0,0.0,0.0,0.0,0.0,0.0,0.0,0.0,0.04310344827586207,0.0,0.0,0.0,0.017241379310344827,0.0,0.0,0.0,0.0,0.0,0.0,0.0,0.0,0.008620689655172414,0.0,0.12931034482758622,0.31896551724137934,0.19827586206896552,0.0,0.23275862068965517,0.0,0.0,0.05172413793103448,human
86.95,7754.347500000001,0.6428571428571429,0.7818930041152263,0.5524296675191815,4.64021164021164,6.0557375213459865,0.0,191,0.0,0.0,0.0,0.0,0.0,0.0,0.0,0.0,0.0,0.0,0.0,0.0,0.023255813953488372,0.03488372093023256,0.0,0.0,0.0,0.0,0.0,0.0,0.0,0.0,0.0,0.0,0.11627906976744186,0.23255813953488372,0.32558139534883723,0.0,0.23255813953488372,0.0,0.0,0.03488372093023256,human
81.71428571428571,3603.727891156462,0.6556473829201102,0.7983193277310925,0.582010582010582,4.768595041322314,5.560776813969901,0.0,171,0.0,0.0,0.0,0.0,0.0,0.0,0.0,0.0,0.0,0.045871559633027525,0.0,0.0,0.03669724770642202,0.009174311926605505,0.0,0.0,0.0,0.0,0.0,0.0,0.0,0.0,0.009174311926605505,0.0,0.1743119266055046,0.26605504587155965,0.25688073394495414,0.0,0.1926605504587156,0.0,0.0,0.009174311926605505,human
115.73333333333333,3913.6622222222213,0.5592783505154639,0.7741935483870968,0.52,4.510309278350515,6.033398873419067,0.0,194,0.0,0.0,0.0,0.0,0.0,0.1016949152542373,0.0,0.0,0.0,0.0,0.0,0.0,0.0,0.05084745762711865,0.0,0.0,0.0,0.0,0.0,0.0,0.0,0.0,0.0,0.0,0.05084745762711865,0.03389830508474576,0.5084745762711864,0.0,0.2542372881355932,0.0,0.0,0.0,human
57.0,3095.0666666666666,0.5798969072164949,0.7422222222222222,0.45320197044334976,4.461340206185567,5.480464183228823,0.0,200,0.0,0.0,0.0,0.0,0.0,0.0,0.0,0.0,0.0,0.0,0.0,0.0,0.0,0.03125,0.0,0.0,0.0,0.0,0.0,0.0,0.0,0.0,0.0,0.0,0.109375,0.34375,0.2578125,0.0,0.234375,0.0,0.0,0.0234375,human
71.41666666666667,2788.743055555555,0.6157760814249363,0.743801652892562,0.4830917874396135,4.407124681933842,4.394045931019301,0.0,210,0.0,0.0,0.0,0.0,0.0,0.0,0.0,0.0,0.0,0.0,0.0,0.0,0.0,0.008130081300813009,0.0,0.0,0.0,0.0,0.0,0.0,0.0,0.0,0.008130081300813009,0.0,0.16260162601626016,0.2601626016260163,0.34959349593495936,0.0,0.21138211382113822,0.0,0.0,0.0,human
133.23076923076923,8314.023668639054,0.57,0.7763157894736842,0.5061124694376528,4.36,4.8654,0.0,200,0.0,0.0,0.0,0.0,0.0,0.0,0.0,0.0,0.0,0.0,0.0,0.0,0.0,0.0,0.0,0.0,0.0,0.0,0.0,0.0,0.0,0.0,0.018518518518518517,0.0,0.16666666666666666,0.07407407407407407,0.5185185185185185,0.0,0.2222222222222222,0.0,0.0,0.0,human
107.6875,6747.96484375,0.5972972972972973,0.8054298642533937,0.5425531914893617,4.694594594594594,5.931051862673485,0.0,179,0.0,0.0,0.0,0.0,0.0,0.0,0.0,0.0,0.0,0.07575757575757576,0.0,0.0,0.0,0.045454545454545456,0.0,0.0,0.0,0.0,0.0,0.0,0.0,0.0,0.030303030303030304,0.0,0.12121212121212122,0.015151515151515152,0.5,0.0,0.21212121212121213,0.0,0.0,0.0,human
82.14285714285714,3719.6462585034014,0.5873417721518988,0.7887931034482759,0.5173267326732673,4.410126582278481,6.024201249799712,0.0,208,0.0,0.0,0.0,0.0,0.0,0.0,0.0,0.0,0.0,0.0,0.0,0.0,0.0,0.05357142857142857,0.0,0.0,0.0,0.0,0.0,0.0,0.0,0.0,0.0,0.0,0.10714285714285714,0.08928571428571429,0.39285714285714285,0.0,0.30357142857142855,0.0,0.0,0.05357142857142857,human
63.25925925925926,2399.451303155006,0.5742574257425742,0.7370689655172413,0.4740566037735849,4.282178217821782,5.108494265268111,0.0,226,0.0,0.0,0.0,0.0,0.0,0.0,0.0,0.0,0.0,0.0,0.0,0.0,0.0,0.0625,0.0,0.0,0.0,0.0,0.0,0.0,0.0,0.0,0.0,0.0125,0.1875,0.125,0.2875,0.0,0.325,0.0,0.0,0.0,human
109.125,3529.109375,0.6382978723404256,0.8291666666666667,0.5824742268041238,4.675531914893617,6.346848121321865,0.0,190,0.0,0.0,0.0,0.0,0.0,0.0,0.0,0.0,0.0,0.0,0.0,0.0,0.0,0.10256410256410256,0.0,0.0,0.0,0.0,0.0,0.0,0.0,0.0,0.0,0.0,0.05128205128205128,0.1794871794871795,0.46153846153846156,0.0,0.20512820512820512,0.0,0.0,0.0,human
158.54545454545453,2174.97520661157,0.5854922279792746,0.7743362831858407,0.5255102040816326,4.544041450777202,4.890547397245564,0.0,192,0.0,0.0,0.0,0.0,0.0,0.0,0.0,0.0,0.0,0.0,0.0,0.0,0.0,0.01282051282051282,0.0,0.0,0.0,0.0,0.0,0.0,0.0,0.0,0.0,0.0,0.07692307692307693,0.1794871794871795,0.5641025641025641,0.0,0.15384615384615385,0.0,0.0,0.01282051282051282,human
134.07692307692307,9514.224852071005,0.6056701030927835,0.8085106382978723,0.5365239294710328,4.520618556701031,5.301121266872143,0.0,196,0.0,0.0,0.0,0.0,0.0,0.0,0.0,0.0,0.0,0.0,0.0,0.0,0.0,0.02666666666666667,0.0,0.0,0.0,0.0,0.0,0.0,0.0,0.0,0.02666666666666667,0.0,0.09333333333333334,0.21333333333333335,0.41333333333333333,0.0,0.18666666666666668,0.0,0.0,0.04,human
86.15,2440.8275,0.5440806045340051,0.75,0.45792079207920794,4.38287153652393,5.420160016242727,0.0,222,0.0,0.0,0.0,0.0,0.0,0.0,0.0,0.0,0.0,0.0,0.0,0.0,0.0,0.028985507246376812,0.0,0.0,0.0,0.0,0.0,0.0,0.0,0.0,0.0,0.0,0.07246376811594203,0.2028985507246377,0.4057971014492754,0.0,0.2463768115942029,0.0,0.0,0.043478260869565216,human
115.26666666666667,2782.862222222223,0.535175879396985,0.7370892018779343,0.4682926829268293,4.3793969849246235,4.5771634554682965,0.0,214,0.0,0.0,0.0,0.0,0.0,0.0,0.0,0.0,0.0,0.0,0.0,0.0,0.0,0.04,0.0,0.0,0.0,0.0,0.0,0.0,0.0,0.0,0.0,0.0,0.12,0.13333333333333333,0.4533333333333333,0.0,0.21333333333333335,0.0,0.0,0.04,human
130.76923076923077,5861.715976331362,0.6035353535353535,0.8075313807531381,0.5461346633416458,4.320707070707071,5.21785404550556,0.0,193,0.0,0.0,0.0,0.0,0.0,0.0,0.0,0.0,0.0,0.07936507936507936,0.0,0.0,0.0,0.06349206349206349,0.0,0.0,0.0,0.0,0.0,0.0,0.0,0.0,0.031746031746031744,0.0,0.09523809523809523,0.06349206349206349,0.4603174603174603,0.0,0.20634920634920634,0.0,0.0,0.0,human
114.8,4499.226666666667,0.5910290237467019,0.7544642857142857,0.5284974093264249,4.580474934036939,5.013972333804416,0.0,193,0.0,0.0,0.0,0.0,0.0,0.0,0.0,0.0,0.0,0.0375,0.0,0.0,0.0,0.0125,0.0,0.0,0.0,0.0,0.0,0.0,0.0,0.0,0.0,0.0,0.1125,0.225,0.3875,0.0,0.225,0.0,0.0,0.0,human
71.45833333333333,4119.164930555556,0.5958549222797928,0.7739130434782608,0.49624060150375937,4.487046632124352,5.436360707670005,0.0,199,0.0,0.0,0.0,0.0,0.0,0.0,0.0,0.0,0.0,0.02197802197802198,0.0,0.0,0.0,0.0,0.0,0.0,0.0,0.0,0.0,0.0,0.0,0.0,0.0,0.0,0.16483516483516483,0.18681318681318682,0.37362637362637363,0.0,0.25274725274725274,0.0,0.0,0.0,human
44.76315789473684,1277.1807479224376,0.5979381443298969,0.7327586206896551,0.45023696682464454,4.453608247422681,4.974651929004145,0.0,210,0.0,0.0,0.0,0.0,0.0,0.0,0.0,0.0,0.0,0.0,0.0,0.0,0.0,0.01935483870967742,0.0,0.0,0.0,0.0,0.0,0.0,0.0,0.0,0.0,0.0,0.2,0.2903225806451613,0.23225806451612904,0.0,0.24516129032258063,0.0,0.0,0.012903225806451613,human
49.705882352941174,1530.7370242214536,0.5689655172413793,0.7229437229437229,0.454337899543379,4.219211822660099,4.688399378776481,0.0,230,0.0,0.0,0.0,0.0,0.0,0.0,0.0,0.0,0.0,0.0,0.0,0.0,0.015873015873015872,0.023809523809523808,0.0,0.0,0.0,0.0,0.0,0.0,0.0,0.0,0.0,0.0,0.23809523809523808,0.25396825396825395,0.20634920634920634,0.0,0.2222222222222222,0.0,0.0,0.03968253968253968,human
51.875,3378.359375,0.6045918367346939,0.7721518987341772,0.504950495049505,4.285714285714286,4.525510204081633,0.0,195,0.0,0.0,0.0,0.0,0.0,0.0,0.0,0.0,0.0,0.034482758620689655,0.0,0.0,0.027586206896551724,0.0,0.0,0.0,0.0,0.0,0.0,0.0,0.0,0.0,0.013793103448275862,0.0,0.11724137931034483,0.31724137931034485,0.2689655172413793,0.0,0.20689655172413793,0.0,0.0,0.013793103448275862,human
67.04,4588.8384,0.572139303482587,0.7347826086956522,0.49271844660194175,4.2164179104477615,4.686994133808569,0.0,224,0.0,0.0,0.0,0.0,0.0,0.0,0.0,0.0,0.0,0.046511627906976744,0.0,0.0,0.0,0.046511627906976744,0.0,0.0,0.0,0.0,0.0,0.0,0.0,0.0,0.023255813953488372,0.0,0.11627906976744186,0.18604651162790697,0.3023255813953488,0.0,0.22093023255813954,0.0,0.0,0.05813953488372093,human
73.52173913043478,5083.988657844991,0.583743842364532,0.7890295358649789,0.5,4.204433497536946,4.374463102720279,0.0,218,0.0,0.0,0.0,0.0,0.0,0.0,0.0,0.0,0.0,0.011764705882352941,0.0,0.0,0.0,0.023529411764705882,0.0,0.0,0.0,0.0,0.0,0.0,0.0,0.0,0.03529411764705882,0.0,0.10588235294117647,0.23529411764705882,0.3058823529411765,0.0,0.23529411764705882,0.0,0.0,0.047058823529411764,human
50.05882352941177,2042.584775086505,0.638961038961039,0.7845528455284553,0.5012658227848101,4.485714285714286,5.771873840445269,0.0,181,0.0,0.0,0.0,0.0,0.0,0.0,0.0,0.0,0.0,0.0,0.0,0.0,0.017241379310344827,0.017241379310344827,0.0,0.0,0.0,0.0,0.0,0.0,0.0,0.0,0.0,0.0,0.08620689655172414,0.23275862068965517,0.3620689655172414,0.0,0.25862068965517243,0.0,0.0,0.02586206896551724,human
72.41666666666667,2526.3263888888887,0.6151761517615176,0.775330396475771,0.5301837270341208,4.761517615176151,5.872665447521685,0.0,183,0.0,0.0,0.0,0.0,0.0,0.0,0.0,0.0,0.0,0.0,0.0,0.0,0.0,0.02247191011235955,0.0,0.0,0.0,0.0,0.0,0.0,0.0,0.0,0.011235955056179775,0.0,0.11235955056179775,0.21348314606741572,0.3707865168539326,0.0,0.23595505617977527,0.0,0.0,0.033707865168539325,human
71.5,3522.1666666666665,0.6131578947368421,0.8240343347639485,0.5316455696202531,4.563157894736842,5.082853185595567,0.0,181,0.0,0.0,0.0,0.0,0.0,0.0,0.0,0.0,0.0,0.0,0.0,0.0,0.0,0.053763440860215055,0.0,0.0,0.0,0.0,0.0,0.0,0.0,0.0,0.010752688172043012,0.0,0.10752688172043011,0.23655913978494625,0.3225806451612903,0.0,0.21505376344086022,0.0,0.0,0.053763440860215055,human
71.0,1766.0833333333333,0.5626535626535627,0.74235807860262,0.49282296650717705,4.2309582309582305,4.570736919631269,0.0,216,0.0,0.0,0.0,0.0,0.0,0.025,0.0,0.0,0.0,0.0,0.0,0.0,0.0,0.0625,0.0,0.0,0.0,0.0,0.0,0.0,0.0,0.0,0.0,0.0,0.075,0.2125,0.325,0.0,0.2375,0.0,0.0,0.0625,human
64.96153846153847,1475.8062130177511,0.5669099756690997,0.7253218884120172,0.4539170506912442,4.160583941605839,3.9060862770170672,0.0,212,0.0,0.0,0.0,0.0,0.0,0.0,0.0,0.0,0.0,0.0,0.0,0.0,0.0,0.00980392156862745,0.0,0.0,0.0,0.0,0.0,0.0,0.0,0.0,0.0,0.0,0.23529411764705882,0.18627450980392157,0.30392156862745096,0.0,0.23529411764705882,0.0,0.0,0.029411764705882353,human
91.10526315789474,2250.6204986149587,0.6361323155216285,0.816,0.5682382133995038,4.447837150127226,5.020815932767451,0.0,187,0.0,0.0,0.0,0.0,0.0,0.0,0.0,0.0,0.0,0.0,0.0,0.0,0.0,0.06097560975609756,0.0,0.0,0.0,0.0,0.0,0.0,0.0,0.0,0.0,0.0,0.07317073170731707,0.14634146341463414,0.4634146341463415,0.0,0.21951219512195122,0.0,0.0,0.036585365853658534,human
40.829268292682926,656.2879238548483,0.6,0.7448559670781894,0.4669811320754717,4.209876543209877,4.407803688462125,0.0,203,0.0,0.0,0.0,0.0,0.0,0.0,0.0,0.0,0.0,0.0,0.0,0.0,0.0,0.015151515151515152,0.0,0.0,0.0,0.0,0.0,0.0,0.0,0.0,0.007575757575757576,0.0,0.14393939393939395,0.3106060606060606,0.19696969696969696,0.0,0.25757575757575757,0.0,0.0,0.06818181818181818,human
63.2962962962963,1325.9862825788753,0.6435897435897436,0.7848605577689243,0.5528255528255528,4.438461538461539,5.123136094674557,0.0,195,0.0,0.0,0.0,0.0,0.0,0.0,0.0,0.0,0.0,0.0,0.0,0.0,0.0,0.061855670103092786,0.0,0.0,0.0,0.0,0.0,0.0,0.0,0.0,0.0,0.0,0.13402061855670103,0.24742268041237114,0.24742268041237114,0.0,0.25773195876288657,0.0,0.0,0.05154639175257732,human
58.89655172413793,1406.6444708680144,0.6165413533834586,0.7723577235772358,0.5120772946859904,4.340852130325815,4.7810629330217775,0.0,189,0.0,0.0,0.0,0.0,0.0,0.0,0.0,0.0,0.0,0.0,0.0,0.0,0.0,0.019417475728155338,0.0,0.0,0.0,0.0,0.0,0.0,0.0,0.0,0.0,0.0,0.1262135922330097,0.21359223300970873,0.34951456310679613,0.0,0.27184466019417475,0.0,0.0,0.019417475728155338,human
94.05555555555556,5859.71913580247,0.581453634085213,0.7887931034482759,0.5248756218905473,4.283208020050125,4.629066400336681,0.0,195,0.0,0.0,0.0,0.0,0.0,0.0,0.0,0.0,0.0,0.08928571428571429,0.0,0.0,0.0,0.017857142857142856,0.0,0.0,0.0,0.0,0.0,0.0,0.0,0.0,0.0,0.0,0.125,0.05357142857142857,0.42857142857142855,0.0,0.23214285714285715,0.0,0.0,0.05357142857142857,human
53.15625,2254.8818359375,0.5938303341902313,0.7835497835497836,0.48514851485148514,4.429305912596401,4.599758130067869,0.0,183,0.0,0.0,0.0,0.0,0.0,0.0,0.0,0.0,0.0,0.0,0.0,0.0,0.0,0.03278688524590164,0.0,0.0,0.0,0.0,0.0,0.0,0.0,0.0,0.0,0.0,0.09016393442622951,0.28688524590163933,0.3114754098360656,0.0,0.2459016393442623,0.0,0.0,0.03278688524590164,human
76.22727272727273,3038.721074380165,0.6094527363184079,0.763265306122449,0.5180722891566265,4.213930348258707,3.949258681715798,0.0,199,0.0,0.0,0.0,0.0,0.0,0.0,0.0,0.0,0.0,0.05102040816326531,0.0,0.0,0.02040816326530612,0.02040816326530612,0.0,0.0,0.0,0.0,0.0,0.0,0.0,0.0,0.0,0.0,0.16326530612244897,0.14285714285714285,0.3673469387755102,0.0,0.23469387755102042,0.0,0.0,0.0,human
158.36363636363637,10613.86776859504,0.5928753180661578,0.7939914163090128,0.5222772277227723,4.455470737913486,4.588984065937623,0.0,205,0.0,0.0,0.0,0.0,0.0,0.0,0.0,0.0,0.0,0.0,0.0,0.0,0.0,0.028985507246376812,0.0,0.0,0.0,0.0,0.0,0.0,0.0,0.0,0.0,0.0,0.13043478260869565,0.14492753623188406,0.4927536231884058,0.0,0.2028985507246377,0.0,0.0,0.0,human
82.28571428571429,2881.8231292517003,0.6294416243654822,0.7741935483870968,0.5333333333333333,4.431472081218274,5.098095802520034,0.0,193,0.0,0.0,0.0,0.0,0.0,0.0,0.0,0.0,0.0,0.0,0.0,0.0,0.0,0.037037037037037035,0.0,0.0,0.0,0.0,0.0,0.0,0.0,0.0,0.0,0.0,0.09876543209876543,0.1728395061728395,0.38271604938271603,0.0,0.2716049382716049,0.0,0.0,0.037037037037037035,human
102.3529411764706,6811.287197231833,0.6298200514138818,0.7836734693877551,0.5569620253164557,4.5115681233933165,5.072488286490309,0.0,183,0.0,0.0,0.0,0.0,0.0,0.0,0.0,0.0,0.0,0.0,0.0,0.0,0.0,0.0375,0.0,0.0,0.0,0.0,0.0,0.0,0.0,0.0,0.0,0.0,0.0375,0.2,0.475,0.0,0.25,0.0,0.0,0.0,human
99.82352941176471,4315.204152249135,0.6142131979695431,0.7933884297520661,0.5620253164556962,4.342639593908629,4.504425519853642,0.0,188,0.0,0.0,0.0,0.0,0.0,0.0,0.0,0.0,0.0,0.07936507936507936,0.0,0.0,0.031746031746031744,0.015873015873015872,0.0,0.0,0.0,0.0,0.0,0.0,0.0,0.0,0.0,0.0,0.07936507936507936,0.06349206349206349,0.49206349206349204,0.0,0.19047619047619047,0.0,0.0,0.047619047619047616,human
96.05555555555556,4349.608024691359,0.6330749354005168,0.8,0.5361596009975063,4.506459948320414,5.288717958990178,0.0,187,0.0,0.0,0.0,0.0,0.0,0.0,0.0,0.0,0.0,0.0,0.0,0.0,0.0,0.041666666666666664,0.0,0.0,0.0,0.0,0.0,0.0,0.0,0.0,0.0,0.0,0.10416666666666667,0.22916666666666666,0.3958333333333333,0.0,0.17708333333333334,0.0,0.0,0.052083333333333336,human
96.16666666666667,2547.805555555556,0.6163682864450127,0.7676348547717843,0.5617128463476071,4.468030690537084,5.58401632642382,0.0,186,0.0,0.0,0.0,0.0,0.0,0.0,0.0,0.0,0.0,0.0,0.0,0.0,0.03773584905660377,0.07547169811320754,0.0,0.0,0.0,0.0,0.0,0.0,0.0,0.0,0.0,0.0,0.03773584905660377,0.03773584905660377,0.49056603773584906,0.0,0.3018867924528302,0.0,0.0,0.018867924528301886,human
55.38709677419355,2128.7533818938605,0.6368286445012787,0.8152610441767069,0.5411471321695761,4.460358056265985,5.348172761821286,0.0,186,0.0,0.0,0.0,0.0,0.0,0.0,0.0,0.0,0.0,0.0,0.0,0.0,0.0,0.03225806451612903,0.0,0.0,0.0,0.0,0.0,0.0,0.0,0.0,0.010752688172043012,0.0,0.11827956989247312,0.1935483870967742,0.3010752688172043,0.0,0.3225806451612903,0.0,0.0,0.021505376344086023,human
63.111111111111114,3241.5802469135797,0.6372795969773299,0.7984189723320159,0.5492610837438424,4.345088161209068,4.563533808348509,0.0,193,0.0,0.0,0.0,0.0,0.0,0.0,0.0,0.0,0.0,0.0,0.0,0.0,0.0,0.0,0.0,0.0,0.0,0.0,0.0,0.0,0.0,0.0,0.019230769230769232,0.0,0.09615384615384616,0.2692307692307692,0.33653846153846156,0.0,0.25,0.0,0.0,0.028846153846153848,human
78.22727272727273,3169.3574380165287,0.6649874055415617,0.8409090909090909,0.5784313725490197,4.380352644836272,4.855331865566053,0.0,188,0.0,0.0,0.0,0.0,0.0,0.0,0.0,0.0,0.0,0.0,0.0,0.0,0.0,0.02247191011235955,0.0,0.0,0.0,0.0,0.0,0.0,0.0,0.0,0.0,0.0,0.10112359550561797,0.19101123595505617,0.42696629213483145,0.0,0.25842696629213485,0.0,0.0,0.0,human
95.72222222222223,3559.978395061728,0.6060606060606061,0.7583333333333333,0.5234567901234568,4.391414141414141,4.854370727476788,0.0,189,0.0,0.0,0.0,0.0,0.0,0.0,0.0,0.0,0.0,0.0,0.0,0.0,0.0,0.012987012987012988,0.0,0.0,0.0,0.0,0.0,0.0,0.0,0.0,0.0,0.0,0.12987012987012986,0.16883116883116883,0.42857142857142855,0.0,0.23376623376623376,0.0,0.0,0.025974025974025976,human
75.43478260869566,2731.5500945179588,0.6561679790026247,0.84,0.5758354755784062,4.603674540682415,5.315367075178595,0.0,179,0.0,0.0,0.0,0.0,0.0,0.0,0.0,0.0,0.0,0.0,0.0,0.0,0.0,0.020833333333333332,0.0,0.0,0.0,0.0,0.0,0.0,0.0,0.0,0.010416666666666666,0.0,0.08333333333333333,0.2604166666666667,0.3541666666666667,0.0,0.25,0.0,0.0,0.020833333333333332,human
99.41176470588235,4025.065743944637,0.6025316455696202,0.7857142857142857,0.5304568527918782,4.3063291139240505,4.784643486620734,0.0,194,0.0,0.0,0.0,0.0,0.0,0.0,0.0,0.0,0.0,0.060240963855421686,0.0,0.0,0.0,0.012048192771084338,0.0,0.0,0.0,0.0,0.0,0.0,0.0,0.0,0.0,0.0,0.03614457831325301,0.20481927710843373,0.4939759036144578,0.0,0.18072289156626506,0.0,0.0,0.012048192771084338,human
114.06666666666666,6032.462222222222,0.609375,0.782051282051282,0.578125,4.489583333333333,5.395724826388888,0.0,180,0.0,0.0,0.0,0.0,0.0,0.0,0.0,0.0,0.0,0.08771929824561403,0.0,0.0,0.0,0.07017543859649122,0.0,0.0,0.0,0.0,0.0,0.0,0.0,0.0,0.0,0.0,0.03508771929824561,0.12280701754385964,0.42105263157894735,0.0,0.22807017543859648,0.0,0.0,0.03508771929824561,human
74.0,4227.478260869565,0.5893719806763285,0.7581967213114754,0.5046511627906977,4.154589371980676,4.000256715442601,0.0,226,0.0,0.0,0.0,0.0,0.0,0.0,0.0,0.0,0.0,0.0,0.0,0.0,0.0,0.011627906976744186,0.0,0.0,0.0,0.0,0.0,0.0,0.0,0.0,0.023255813953488372,0.0,0.1744186046511628,0.22093023255813954,0.26744186046511625,0.0,0.2558139534883721,0.0,0.0,0.046511627906976744,human
68.96,2728.8384,0.6404199475065617,0.8237704918032787,0.5575447570332481,4.574803149606299,5.745716824766983,0.0,175,0.0,0.0,0.0,0.0,0.0,0.0,0.0,0.0,0.0,0.0,0.0,0.0,0.0,0.03636363636363636,0.0,0.0,0.0,0.0,0.0,0.0,0.0,0.0,0.0,0.0,0.07272727272727272,0.2909090909090909,0.36363636363636365,0.0,0.19090909090909092,0.0,0.0,0.045454545454545456,human
58.827586206896555,1658.142687277051,0.5833333333333334,0.7619047619047619,0.46943765281173594,4.363636363636363,4.605142332415061,0.0,196,0.0,0.0,0.0,0.0,0.0,0.0,0.0,0.0,0.0,0.0,0.0,0.0,0.0,0.0,0.0,0.0,0.0,0.0,0.0,0.0,0.0,0.0,0.0,0.0,0.11864406779661017,0.3050847457627119,0.288135593220339,0.0,0.2457627118644068,0.0,0.0,0.0423728813559322,human
101.41176470588235,2105.536332179931,0.6080402010050251,0.7933884297520661,0.5196078431372549,4.371859296482412,4.781318653569354,0.0,216,0.0,0.0,0.0,0.0,0.0,0.011904761904761904,0.0,0.0,0.0,0.0,0.0,0.0,0.0,0.011904761904761904,0.0,0.0,0.0,0.0,0.0,0.0,0.0,0.0,0.011904761904761904,0.0,0.11904761904761904,0.16666666666666666,0.4642857142857143,0.0,0.20238095238095238,0.0,0.0,0.011904761904761904,human
82.0952380952381,3452.2766439909296,0.6581632653061225,0.8372093023255814,0.5566502463054187,4.4438775510204085,6.022360474802166,0.0,204,0.0,0.0,0.022727272727272728,0.0,0.0,0.011363636363636364,0.0,0.0,0.0,0.0,0.0,0.0,0.0,0.10227272727272728,0.0,0.0,0.0,0.0,0.0,0.0,0.0,0.0,0.045454545454545456,0.0,0.09090909090909091,0.14772727272727273,0.3522727272727273,0.0,0.2159090909090909,0.0,0.0,0.011363636363636364,human
96.5,6702.027777777777,0.625,0.8333333333333334,0.5645569620253165,4.5625,6.069010416666667,0.0,180,0.0,0.0,0.0,0.0,0.0,0.0,0.0,0.0,0.0,0.0,0.0,0.0,0.0,0.07368421052631578,0.0,0.0,0.0,0.0,0.0,0.0,0.0,0.0,0.031578947368421054,0.0,0.042105263157894736,0.24210526315789474,0.3684210526315789,0.0,0.22105263157894736,0.0,0.0,0.021052631578947368,human
90.73684210526316,3471.457063711912,0.6116751269035533,0.7676348547717843,0.5310173697270472,4.408629441624366,5.003072740859079,0.0,207,0.0,0.0,0.0,0.0,0.0,0.0,0.0,0.0,0.0,0.0,0.0,0.0,0.0,0.010101010101010102,0.0,0.0,0.0,0.0,0.0,0.0,0.0,0.0,0.010101010101010102,0.0,0.08080808080808081,0.2828282828282828,0.37373737373737376,0.0,0.21212121212121213,0.0,0.0,0.030303030303030304,human
123.78571428571429,11959.73979591837,0.6198979591836735,0.7860082304526749,0.5234567901234568,4.451530612244898,4.283365004164931,0.0,201,0.0,0.0,0.0,0.0,0.0,0.0,0.0,0.0,0.0,0.0,0.0,0.0,0.01904761904761905,0.01904761904761905,0.0,0.0,0.0,0.0,0.0,0.0,0.0,0.0,0.0,0.0,0.11428571428571428,0.20952380952380953,0.44761904761904764,0.0,0.14285714285714285,0.0,0.0,0.047619047619047616,human
115.53333333333333,2525.715555555556,0.6086956521739131,0.8025210084033614,0.5413533834586466,4.460358056265985,5.250986061054022,0.0,210,0.0,0.0,0.0,0.0,0.0,0.0,0.0,0.0,0.0,0.0,0.0,0.0,0.02197802197802198,0.02197802197802198,0.0,0.0,0.0,0.0,0.0,0.0,0.0,0.0,0.0,0.0,0.06593406593406594,0.1978021978021978,0.4945054945054945,0.0,0.17582417582417584,0.0,0.0,0.02197802197802198,human
78.22727272727273,4415.084710743801,0.583756345177665,0.7695652173913043,0.4962962962962963,4.411167512690355,4.358860058233914,0.0,206,0.0,0.0,0.0,0.0,0.0,0.0,0.0,0.0,0.0,0.0,0.0,0.0,0.0,0.009615384615384616,0.0,0.0,0.0,0.0,0.0,0.0,0.0,0.0,0.0,0.0,0.09615384615384616,0.2692307692307692,0.38461538461538464,0.0,0.22115384615384615,0.0,0.0,0.019230769230769232,human
78.77272727272727,2928.7210743801647,0.6276041666666666,0.7842323651452282,0.5382653061224489,4.559895833333333,5.194329155815972,0.0,188,0.0,0.0,0.011904761904761904,0.0,0.0,0.0,0.0,0.0,0.0,0.0,0.0,0.0,0.0,0.023809523809523808,0.0,0.0,0.0,0.0,0.0,0.0,0.0,0.0,0.0,0.03571428571428571,0.08333333333333333,0.14285714285714285,0.4523809523809524,0.0,0.2261904761904762,0.0,0.0,0.023809523809523808,human
84.75,2658.7875,0.6161879895561357,0.788135593220339,0.5487179487179488,4.462140992167102,4.629767739912332,0.0,203,0.0,0.0,0.0,0.0,0.0,0.0,0.0,0.0,0.0,0.05434782608695652,0.0,0.0,0.0,0.021739130434782608,0.0,0.0,0.0,0.0,0.0,0.0,0.0,0.0,0.0,0.0,0.10869565217391304,0.1956521739130435,0.40217391304347827,0.0,0.18478260869565216,0.0,0.0,0.03260869565217391,human
74.78260869565217,1879.561436672968,0.6040609137055838,0.7899159663865546,0.49877750611246946,4.413705583756345,4.6638730706794815,0.0,193,0.0,0.0,0.0,0.0,0.0,0.0,0.0,0.0,0.0,0.0,0.0,0.0,0.0,0.06363636363636363,0.0,0.0,0.0,0.0,0.0,0.0,0.0,0.0,0.0,0.0,0.09090909090909091,0.2545454545454545,0.35454545454545455,0.0,0.21818181818181817,0.0,0.0,0.01818181818181818,human
63.18518518518518,1467.2620027434841,0.6294416243654822,0.8104838709677419,0.5222772277227723,4.388324873096447,5.064939833543765,0.0,198,0.0,0.0,0.0,0.0,0.0,0.0,0.0,0.0,0.0,0.0,0.0,0.0,0.0,0.0,0.0,0.0,0.0,0.0,0.0,0.0,0.0,0.0,0.010416666666666666,0.0,0.16666666666666666,0.22916666666666666,0.2916666666666667,0.0,0.2916666666666667,0.0,0.0,0.010416666666666666,human
58.58620689655172,2145.9667063020215,0.6710526315789473,0.807843137254902,0.5681233933161953,4.526315789473684,4.696675900277008,0.0,190,0.0,0.0,0.0,0.0,0.0,0.0,0.0,0.0,0.0,0.047619047619047616,0.0,0.0,0.0,0.0,0.0,0.0,0.0,0.0,0.0,0.0,0.0,0.0,0.009523809523809525,0.0,0.13333333333333333,0.22857142857142856,0.3047619047619048,0.0,0.22857142857142856,0.0,0.0,0.047619047619047616,human
78.04545454545455,4312.22520661157,0.648989898989899,0.7976653696498055,0.5637254901960784,4.3813131313131315,4.442984134272013,0.0,199,0.0,0.0,0.0,0.0,0.0,0.0,0.0,0.0,0.0,0.0,0.0,0.0,0.0,0.0,0.0,0.0,0.0,0.0,0.0,0.0,0.0,0.0,0.0,0.0,0.15584415584415584,0.18181818181818182,0.35064935064935066,0.0,0.2727272727272727,0.0,0.0,0.03896103896103896,human
68.16,2697.1744,0.582716049382716,0.7415254237288136,0.4671361502347418,4.2518518518518515,3.9760768175582992,0.0,226,0.0,0.0,0.0,0.0,0.0,0.0,0.0,0.0,0.0,0.0,0.0,0.0,0.0,0.011111111111111112,0.0,0.0,0.0,0.0,0.0,0.0,0.0,0.0,0.011111111111111112,0.0,0.2222222222222222,0.16666666666666666,0.32222222222222224,0.0,0.2111111111111111,0.0,0.0,0.05555555555555555,human
81.0952380952381,4073.80045351474,0.5790754257907542,0.7605042016806722,0.4780600461893764,4.177615571776156,3.1339028303171306,0.0,213,0.0,0.0,0.0,0.0,0.0,0.0,0.0,0.0,0.0,0.0,0.0,0.0,0.018518518518518517,0.0,0.0,0.0,0.0,0.0,0.0,0.0,0.0,0.0,0.009259259259259259,0.0,0.2222222222222222,0.21296296296296297,0.3333333333333333,0.0,0.2037037037037037,0.0,0.0,0.0,human
95.72222222222223,2807.422839506173,0.6096938775510204,0.8242677824267782,0.5,4.4311224489795915,4.719745678883798,0.0,209,0.0,0.0,0.0,0.0,0.0,0.0,0.0,0.0,0.0,0.0,0.0,0.0,0.0,0.011764705882352941,0.0,0.0,0.0,0.0,0.0,0.0,0.0,0.0,0.0,0.0,0.2,0.21176470588235294,0.36470588235294116,0.0,0.18823529411764706,0.0,0.0,0.023529411764705882,human
51.303030303030305,932.0293847566572,0.5829145728643216,0.7370689655172413,0.49160671462829736,4.316582914572864,4.502790333577435,0.0,213,0.0,0.0,0.0,0.0,0.0,0.0,0.0,0.0,0.0,0.0,0.0,0.0,0.039603960396039604,0.019801980198019802,0.0,0.0,0.0,0.0,0.0,0.0,0.0,0.0,0.0,0.0,0.1782178217821782,0.19801980198019803,0.25742574257425743,0.0,0.2871287128712871,0.0,0.0,0.019801980198019802,human
155.63636363636363,7844.776859504133,0.569377990430622,0.8109243697478992,0.5213270142180095,4.119617224880383,4.502438130995169,0.0,235,0.0,0.0,0.0,0.0,0.0,0.0,0.0,0.0,0.0,0.0,0.0,0.0,0.037037037037037035,0.018518518518518517,0.0,0.0,0.0,0.0,0.0,0.0,0.0,0.0,0.0,0.0,0.05555555555555555,0.07407407407407407,0.6111111111111112,0.0,0.2037037037037037,0.0,0.0,0.0,human
123.57142857142857,4302.102040816327,0.5944584382871536,0.8050847457627118,0.5461346633416458,4.390428211586902,4.41935422469529,0.0,202,0.0,0.0,0.0,0.0,0.0,0.0,0.0,0.0,0.0,0.0,0.0,0.0,0.0,0.0,0.0,0.0,0.0,0.0,0.0,0.0,0.0,0.0,0.02857142857142857,0.0,0.05714285714285714,0.08571428571428572,0.6285714285714286,0.0,0.18571428571428572,0.0,0.0,0.014285714285714285,human
84.85,2294.8275,0.5985748218527316,0.7658730158730159,0.4954545454545455,4.068883610451306,3.859863124220693,0.0,247,0.0,0.0,0.0,0.0,0.0,0.0,0.0,0.0,0.0,0.0,0.0,0.0,0.0,0.010638297872340425,0.0,0.0,0.0,0.0,0.0,0.0,0.0,0.0,0.02127659574468085,0.010638297872340425,0.19148936170212766,0.18085106382978725,0.3617021276595745,0.0,0.18085106382978725,0.0,0.0,0.0425531914893617,human
74.04347826086956,4307.693761814744,0.6004901960784313,0.7551020408163265,0.5223529411764706,4.220588235294118,4.91702710495963,0.0,236,0.0,0.0,0.0,0.0,0.0,0.022222222222222223,0.0,0.0,0.0,0.0,0.0,0.0,0.0,0.03333333333333333,0.0,0.0,0.0,0.0,0.0,0.0,0.0,0.0,0.0,0.0,0.16666666666666666,0.14444444444444443,0.36666666666666664,0.0,0.24444444444444444,0.0,0.0,0.022222222222222223,human
78.36363636363636,3634.322314049586,0.6335877862595419,0.7871485943775101,0.5354523227383863,4.430025445292621,5.049174808512842,0.0,207,0.0,0.0,0.0,0.0,0.0,0.0,0.0,0.0,0.0,0.0,0.0,0.0,0.0,0.02631578947368421,0.0,0.0,0.0,0.0,0.0,0.0,0.0,0.0,0.0,0.0,0.12280701754385964,0.23684210526315788,0.39473684210526316,0.0,0.19298245614035087,0.0,0.0,0.02631578947368421,human
45.891891891891895,1081.1775018261503,0.6377952755905512,0.7695473251028807,0.47560975609756095,4.52755905511811,5.094384855436377,0.0,199,0.0,0.0,0.0,0.0,0.0,0.0,0.0,0.0,0.0,0.0,0.0,0.0,0.025974025974025976,0.006493506493506494,0.0,0.0,0.0,0.0,0.0,0.0,0.0,0.0,0.0,0.0,0.18181818181818182,0.2857142857142857,0.24025974025974026,0.0,0.23376623376623376,0.0,0.0,0.025974025974025976,human
116.73333333333333,3848.862222222223,0.648936170212766,0.819672131147541,0.5856777493606138,4.6888297872340425,7.576045439112722,0.0,194,0.0,0.0,0.0,0.0,0.0,0.0,0.0,0.0,0.0,0.0,0.0,0.0,0.021052631578947368,0.10526315789473684,0.0,0.0,0.0,0.0,0.0,0.0,0.0,0.0,0.0,0.0,0.08421052631578947,0.17894736842105263,0.42105263157894735,0.0,0.15789473684210525,0.0,0.0,0.031578947368421054,human
56.36666666666667,2250.298888888889,0.628428927680798,0.7857142857142857,0.5176470588235295,4.266832917705735,5.532291465849093,0.0,232,0.0,0.0,0.0,0.0,0.0,0.0,0.0,0.0,0.0,0.0,0.0,0.0,0.0,0.017857142857142856,0.0,0.0,0.0,0.0,0.0,0.0,0.0,0.0,0.0,0.0,0.19642857142857142,0.25,0.26785714285714285,0.0,0.24107142857142858,0.0,0.0,0.026785714285714284,human
53.903225806451616,2265.313215400625,0.5905707196029777,0.7689075630252101,0.5012224938875306,4.208436724565757,4.909407729867187,0.0,213,0.0,0.0,0.0,0.0,0.0,0.0,0.0,0.0,0.0,0.03787878787878788,0.0,0.0,0.0,0.015151515151515152,0.0,0.0,0.0,0.0,0.0,0.0,0.0,0.0,0.0,0.0,0.08333333333333333,0.15151515151515152,0.26515151515151514,0.0,0.44696969696969696,0.0,0.0,0.0,human
115.0,7058.133333333333,0.6059850374064838,0.7860082304526749,0.547911547911548,4.331670822942644,4.570792470196081,0.0,215,0.0,0.0,0.0,0.0,0.0,0.0,0.0,0.0,0.0,0.0,0.0,0.0,0.0,0.04411764705882353,0.0,0.0,0.0,0.0,0.0,0.0,0.0,0.0,0.058823529411764705,0.0,0.058823529411764705,0.20588235294117646,0.39705882352941174,0.0,0.20588235294117646,0.0,0.0,0.029411764705882353,human
63.592592592592595,1871.945130315501,0.6298200514138818,0.7877551020408163,0.5208845208845209,4.460154241645244,4.711137251273782,0.0,207,0.0,0.0,0.0,0.0,0.0,0.0,0.0,0.0,0.0,0.0,0.0,0.0,0.0,0.017857142857142856,0.0,0.0,0.0,0.0,0.0,0.0,0.0,0.0,0.0,0.0,0.16071428571428573,0.23214285714285715,0.33035714285714285,0.0,0.22321428571428573,0.0,0.0,0.03571428571428571,human
84.1,2965.79,0.6163366336633663,0.7590361445783133,0.5407407407407407,4.2004950495049505,4.388019556906186,0.0,203,0.0,0.0,0.0,0.0,0.0,0.0,0.0,0.0,0.0,0.058823529411764705,0.0,0.0,0.0,0.0,0.0,0.0,0.0,0.0,0.0,0.0,0.0,0.0,0.0,0.011764705882352941,0.07058823529411765,0.18823529411764706,0.4235294117647059,0.0,0.2235294117647059,0.0,0.0,0.023529411764705882,human
65.65384615384616,2410.1494082840236,0.6265984654731458,0.7714285714285715,0.5346534653465347,4.411764705882353,5.009477959981948,0.0,209,0.0,0.0,0.0,0.0,0.0,0.0,0.0,0.0,0.0,0.0,0.0,0.0,0.0,0.018867924528301886,0.0,0.0,0.0,0.0,0.0,0.0,0.0,0.0,0.0,0.0,0.10377358490566038,0.3018867924528302,0.32075471698113206,0.0,0.19811320754716982,0.0,0.0,0.05660377358490566,human
144.25,4039.1875,0.5919395465994962,0.7702127659574468,0.5333333333333333,4.3879093198992445,5.310483538376617,0.0,215,0.0,0.0,0.0,0.0,0.0,0.0,0.0,0.0,0.0,0.0,0.0,0.0,0.0,0.0,0.0,0.0,0.0,0.0,0.0,0.0,0.0,0.0,0.017543859649122806,0.0,0.14035087719298245,0.10526315789473684,0.49122807017543857,0.0,0.22807017543859648,0.0,0.0,0.017543859649122806,human
70.91666666666667,2330.6597222222226,0.5895522388059702,0.7679324894514767,0.5146341463414634,4.278606965174129,4.852726417662929,0.0,214,0.0,0.0,0.0,0.0,0.0,0.0,0.0,0.0,0.0,0.0,0.0,0.0,0.0,0.043478260869565216,0.0,0.0,0.0,0.0,0.0,0.0,0.0,0.0,0.043478260869565216,0.0,0.07246376811594203,0.2028985507246377,0.2753623188405797,0.0,0.3333333333333333,0.0,0.0,0.028985507246376812,human
122.64285714285714,3554.086734693877,0.5673076923076923,0.7372881355932204,0.4953051643192488,4.158653846153846,4.306559726331361,0.0,234,0.0,0.0,0.0,0.0,0.0,0.0,0.0,0.0,0.0,0.0,0.0,0.0,0.028985507246376812,0.014492753623188406,0.0,0.0,0.0,0.0,0.0,0.0,0.0,0.0,0.0,0.0,0.13043478260869565,0.13043478260869565,0.4782608695652174,0.0,0.2028985507246377,0.0,0.0,0.014492753623188406,human
81.47619047619048,3028.6303854875287,0.6138613861386139,0.8024193548387096,0.5330188679245284,4.2772277227722775,4.59641211645917,0.0,219,0.0,0.0,0.0,0.0,0.0,0.0,0.0,0.0,0.0,0.0,0.0,0.0,0.0,0.043010752688172046,0.0,0.0,0.0,0.0,0.0,0.0,0.0,0.0,0.0,0.0,0.17204301075268819,0.21505376344086022,0.3333333333333333,0.0,0.22580645161290322,0.0,0.0,0.010752688172043012,human
87.05,3235.1475,0.6312849162011173,0.7610619469026548,0.5316804407713499,4.907821229050279,6.899324303236477,0.00558659217877095,166,0.0,0.0,0.016129032258064516,0.0,0.0,0.0,0.0,0.0,0.0,0.0967741935483871,0.016129032258064516,0.016129032258064516,0.0,0.0,0.0,0.0,0.0,0.0,0.0,0.0,0.0,0.0,0.0,0.016129032258064516,0.04838709677419355,0.11290322580645161,0.3387096774193548,0.0,0.3225806451612903,0.0,0.0,0.016129032258064516,human
87.75,6630.2875,0.4596100278551532,0.6848484848484848,0.37027027027027026,4.933147632311978,9.833970872355117,0.027855153203342618,175,0.0,0.0,0.0,0.0,0.0,0.0,0.0,0.0,0.0,0.0,0.07317073170731707,0.07317073170731707,0.0,0.0,0.0,0.0,0.0,0.0,0.0,0.0,0.0,0.0,0.0,0.0,0.0,0.0,0.1951219512195122,0.0,0.6097560975609756,0.0,0.04878048780487805,0.0,human
116.53333333333333,7748.782222222221,0.47701149425287354,0.6024096385542169,0.4169014084507042,5.057471264367816,7.864513145725987,0.020114942528735632,165,0.0,0.0,0.0,0.0,0.0,0.0,0.0,0.0,0.0,0.0,0.023255813953488372,0.023255813953488372,0.0,0.023255813953488372,0.0,0.0,0.0,0.0,0.0,0.0,0.0,0.0,0.0,0.046511627906976744,0.0,0.0,0.46511627906976744,0.0,0.4186046511627907,0.0,0.0,0.0,human
118.0,11245.466666666667,0.4697406340057637,0.6625766871165644,0.40641711229946526,5.141210374639769,8.84173109983473,0.025936599423631124,159,0.0,0.0,0.0,0.0,0.0,0.0,0.0,0.0,0.0,0.0,0.03076923076923077,0.03076923076923077,0.0,0.0,0.0,0.0,0.0,0.0,0.0,0.0,0.0,0.0,0.0,0.0,0.0,0.0,0.3076923076923077,0.0,0.6307692307692307,0.0,0.0,0.0,human
113.92857142857143,3601.494897959183,0.5121212121212121,0.6863905325443787,0.45,4.866666666666666,7.418585858585857,0.021212121212121213,147,0.0,0.0,0.0,0.0,0.0,0.0,0.023809523809523808,0.0,0.0,0.0,0.047619047619047616,0.047619047619047616,0.0,0.023809523809523808,0.0,0.0,0.0,0.0,0.0,0.0,0.0,0.0,0.0,0.023809523809523808,0.0,0.0,0.23809523809523808,0.0,0.5714285714285714,0.0,0.023809523809523808,0.0,human
111.125,14111.859375,0.6355421686746988,0.7962085308056872,0.48255813953488375,5.400602409638554,9.149758673247206,0.02108433734939759,145,0.0,0.0,0.0,0.0,0.0,0.0,0.0,0.0,0.0,0.0,0.015384615384615385,0.015384615384615385,0.0,0.03076923076923077,0.0,0.0,0.0,0.0,0.0,0.0,0.0,0.0,0.0,0.0,0.0,0.0,0.49230769230769234,0.0,0.4461538461538462,0.0,0.0,0.0,human
118.66666666666667,18998.755555555555,0.5325443786982249,0.7111111111111111,0.45664739884393063,5.304733727810651,10.158616645075451,0.01775147928994083,159,0.0,0.0,0.0,0.0,0.0,0.0,0.0,0.0,0.0,0.0,0.058823529411764705,0.058823529411764705,0.0,0.0392156862745098,0.0,0.0,0.0,0.0,0.0,0.0,0.0,0.0,0.0,0.0196078431372549,0.0,0.0,0.4117647058823529,0.0,0.4117647058823529,0.0,0.0,0.0,human
100.05555555555556,4664.385802469136,0.5605095541401274,0.7386363636363636,0.5045045045045045,5.780254777070064,10.93578847012049,0.012738853503184714,117,0.0,0.0,0.0,0.0,0.0,0.046511627906976744,0.0,0.0,0.0,0.0,0.09302325581395349,0.09302325581395349,0.0,0.11627906976744186,0.0,0.0,0.0,0.0,0.0,0.0,0.0,0.0,0.0,0.0,0.0,0.0,0.18604651162790697,0.0,0.4418604651162791,0.0,0.023255813953488372,0.0,human
84.95238095238095,3036.235827664399,0.628482972136223,0.7733990147783252,0.5495495495495496,5.58204334365325,11.4011636266043,0.015479876160990712,128,0.0,0.0,0.0,0.0,0.0,0.0,0.0,0.0,0.0,0.0,0.0,0.0,0.0,0.0,0.0,0.0,0.0,0.0,0.0,0.0,0.0,0.0,0.0,0.047619047619047616,0.0,0.0,0.2619047619047619,0.0,0.6428571428571429,0.0,0.047619047619047616,0.0,human
71.54545454545455,9314.79338842975,0.7051671732522796,0.8189655172413793,0.6133720930232558,4.808510638297872,7.103149453534244,0.0,131,0.0,0.0,0.034482758620689655,0.0,0.017241379310344827,0.0,0.0,0.0,0.0,0.10344827586206896,0.0,0.0,0.0,0.25862068965517243,0.0,0.0,0.0,0.0,0.017241379310344827,0.017241379310344827,0.0,0.0,0.0,0.10344827586206896,0.0,0.06896551724137931,0.20689655172413793,0.0,0.1724137931034483,0.0,0.0,0.0,human
174.9,21378.29,0.6068601583113457,0.8347826086956521,0.5639686684073107,4.638522427440633,5.423423674299119,0.0,176,0.0,0.0,0.0,0.0,0.0,0.0,0.0,0.0,0.0,0.0,0.0,0.0,0.0,0.13157894736842105,0.0,0.0,0.0,0.0,0.0,0.0,0.0,0.0,0.05263157894736842,0.0,0.02631578947368421,0.0,0.5526315789473685,0.0,0.21052631578947367,0.0,0.0,0.02631578947368421,human
176.1,2465.69,0.6246575342465753,0.8289473684210527,0.5842391304347826,4.8493150684931505,6.506061174704446,0.0,175,0.0,0.0,0.0,0.0,0.0,0.0,0.0,0.0,0.0,0.0,0.0,0.0,0.0,0.15151515151515152,0.0,0.0,0.0,0.0,0.0,0.0,0.0,0.0,0.0,0.0,0.0,0.0,0.5757575757575758,0.0,0.2727272727272727,0.0,0.0,0.0,human
177.1,7256.889999999999,0.6016713091922006,0.8148148148148148,0.5647382920110193,4.958217270194986,7.009396264771377,0.0,176,0.0,0.0,0.0,0.0,0.0,0.0,0.0,0.0,0.0,0.0,0.0,0.0,0.0,0.15151515151515152,0.0,0.0,0.0,0.0,0.0,0.0,0.0,0.0,0.030303030303030304,0.0,0.0,0.0,0.5454545454545454,0.0,0.2727272727272727,0.0,0.0,0.0,human
176.2,7568.959999999997,0.5917808219178082,0.8009259259259259,0.5613079019073569,4.852054794520548,6.4657834490523545,0.0,183,0.0,0.0,0.0,0.0,0.0,0.0,0.0,0.0,0.0,0.0,0.0,0.0,0.0,0.07142857142857142,0.0,0.0,0.0,0.0,0.0,0.0,0.0,0.0,0.03571428571428571,0.0,0.0,0.0,0.5714285714285714,0.0,0.32142857142857145,0.0,0.0,0.0,human
134.53846153846155,5031.4792899408285,0.579088471849866,0.7824074074074074,0.5390625,4.721179624664879,6.168907991863666,0.0,176,0.0,0.0,0.0,0.0,0.0,0.0,0.0,0.0,0.0,0.0,0.0,0.0,0.0,0.24390243902439024,0.0,0.0,0.0,0.0,0.0,0.0,0.0,0.0,0.024390243902439025,0.0,0.04878048780487805,0.0,0.3902439024390244,0.0,0.2926829268292683,0.0,0.0,0.0,human
145.25,8127.520833333333,0.5916230366492147,0.7964601769911505,0.5292620865139949,4.591623036649215,5.613332967846277,0.0,178,0.0,0.0,0.0,0.0,0.0,0.0,0.0,0.0,0.0,0.0,0.0,0.0,0.0,0.18867924528301888,0.0,0.0,0.0,0.0,0.0,0.0,0.0,0.0,0.03773584905660377,0.0,0.03773584905660377,0.0,0.5283018867924528,0.0,0.20754716981132076,0.0,0.0,0.0,human
145.58333333333334,4059.743055555555,0.5904255319148937,0.8378378378378378,0.5205128205128206,4.675531914893617,5.910677908555908,0.0,193,0.0,0.0,0.0,0.0,0.0,0.0,0.0,0.0,0.0,0.0,0.0,0.0,0.0,0.14285714285714285,0.0,0.0,0.0,0.0,0.0,0.0,0.0,0.0,0.0,0.0,0.14285714285714285,0.0,0.4897959183673469,0.0,0.22448979591836735,0.0,0.0,0.0,human
146.5,3971.9166666666665,0.6103542234332425,0.8169642857142857,0.5633423180592992,4.820163487738419,6.637958556378027,0.0,185,0.0,0.0,0.0,0.0,0.0,0.0,0.0,0.0,0.0,0.0,0.0,0.0,0.0,0.043478260869565216,0.0,0.0,0.0,0.0,0.0,0.0,0.0,0.0,0.021739130434782608,0.0,0.043478260869565216,0.0,0.6521739130434783,0.0,0.2391304347826087,0.0,0.0,0.0,human
158.63636363636363,4110.413223140496,0.5894736842105263,0.8214285714285714,0.5412371134020618,4.618421052631579,5.935976454293629,0.0,190,0.0,0.0,0.0,0.0,0.0,0.0,0.0,0.0,0.0,0.0,0.0,0.0,0.0,0.10810810810810811,0.0,0.0,0.0,0.0,0.0,0.0,0.0,0.0,0.02702702702702703,0.0,0.10810810810810811,0.0,0.4864864864864865,0.0,0.2702702702702703,0.0,0.0,0.0,human
220.375,11726.734375,0.6016483516483516,0.8036529680365296,0.5636856368563685,4.862637362637362,6.228384253109527,0.0,166,0.0,0.0,0.0,0.0,0.0,0.0,0.0,0.0,0.0,0.0,0.0,0.0,0.0,0.125,0.0,0.0,0.0,0.0,0.0,0.0,0.0,0.0,0.03125,0.0,0.03125,0.0,0.59375,0.0,0.21875,0.0,0.0,0.0,human
160.0,7885.636363636364,0.5831062670299727,0.7990654205607477,0.5411140583554377,4.822888283378747,6.020402557001686,0.0,186,0.0,0.0,0.0,0.0,0.0,0.0,0.0,0.0,0.0,0.0,0.0,0.0,0.0,0.15384615384615385,0.0,0.0,0.0,0.0,0.0,0.0,0.0,0.0,0.0,0.0,0.10256410256410256,0.0,0.48717948717948717,0.0,0.2564102564102564,0.0,0.0,0.0,human
124.78571428571429,6922.025510204082,0.5340599455040872,0.7806122448979592,0.4787234042553192,4.790190735694823,5.822465086235699,0.0,192,0.0,0.0,0.029411764705882353,0.0,0.0,0.0,0.0,0.0,0.0,0.0,0.0,0.0,0.0,0.11764705882352941,0.0,0.0,0.0,0.0,0.0,0.0,0.0,0.0,0.058823529411764705,0.0,0.14705882352941177,0.058823529411764705,0.2647058823529412,0.0,0.3235294117647059,0.0,0.0,0.0,human
135.84615384615384,2415.976331360947,0.5786516853932584,0.7378640776699029,0.5300546448087432,4.99438202247191,7.073002146193663,0.0,178,0.0,0.0,0.0,0.0,0.0,0.0,0.0,0.0,0.0,0.0,0.0,0.0,0.0,0.15,0.0,0.0,0.0,0.0,0.0,0.0,0.0,0.0,0.0,0.0,0.1,0.0,0.45,0.0,0.3,0.0,0.0,0.0,human
145.5,6102.75,0.6073298429319371,0.8146551724137931,0.5575447570332481,4.599476439790576,5.391936898659576,0.0,190,0.0,0.0,0.0,0.0,0.0,0.0,0.0,0.0,0.0,0.0,0.0,0.0,0.0,0.13513513513513514,0.0,0.0,0.0,0.0,0.0,0.0,0.0,0.0,0.0,0.0,0.10810810810810811,0.0,0.4594594594594595,0.0,0.2972972972972973,0.0,0.0,0.0,human
126.64285714285714,3866.229591836735,0.6011560693641619,0.7596153846153846,0.5558739255014327,5.161849710982659,7.447793110361188,0.0,163,0.0,0.0,0.0,0.0,0.0,0.0,0.0,0.0,0.0,0.0,0.0,0.0,0.0,0.06451612903225806,0.0,0.0,0.0,0.0,0.0,0.0,0.0,0.0,0.03225806451612903,0.0,0.03225806451612903,0.0,0.45161290322580644,0.0,0.41935483870967744,0.0,0.0,0.0,human
135.53846153846155,4719.786982248521,0.5824175824175825,0.7924528301886793,0.5522788203753352,4.873626373626373,6.615897838425311,0.0,186,0.0,0.0,0.0,0.0,0.0,0.0,0.0,0.0,0.0,0.0,0.0,0.0,0.0,0.09090909090909091,0.0,0.0,0.0,0.0,0.0,0.0,0.0,0.0,0.0,0.0,0.18181818181818182,0.0,0.36363636363636365,0.0,0.36363636363636365,0.0,0.0,0.0,human
97.05555555555556,5162.608024691359,0.6311475409836066,0.7705627705627706,0.5294117647058824,4.811475409836065,5.989048642837947,0.0,201,0.0,0.0,0.010526315789473684,0.0,0.0,0.0,0.0,0.0,0.0,0.0,0.0,0.0,0.0,0.25263157894736843,0.0,0.0,0.0,0.0,0.0,0.0,0.0,0.0,0.021052631578947368,0.0,0.07368421052631578,0.18947368421052632,0.2631578947368421,0.0,0.14736842105263157,0.0,0.0,0.042105263157894736,human
61.42857142857143,2686.816326530611,0.5647668393782384,0.7752293577981652,0.44835680751173707,4.520725388601036,6.441280302826922,0.0,229,0.0,0.0,0.009174311926605505,0.0,0.0,0.0,0.0,0.0,0.0,0.0,0.0,0.0,0.0,0.41284403669724773,0.0,0.0,0.0,0.0,0.0,0.0,0.0,0.0,0.01834862385321101,0.0,0.0,0.13761467889908258,0.1651376146788991,0.0,0.21100917431192662,0.0,0.0,0.045871559633027525,human
80.66666666666667,4646.888888888889,0.5465393794749404,0.74235807860262,0.4590909090909091,4.083532219570405,3.890397069964286,0.0,254,0.0,0.0,0.011764705882352941,0.0,0.0,0.0,0.0,0.0,0.0,0.0,0.0,0.0,0.0,0.25882352941176473,0.0,0.0,0.0,0.0,0.0,0.0,0.0,0.0,0.011764705882352941,0.0,0.011764705882352941,0.18823529411764706,0.27058823529411763,0.0,0.21176470588235294,0.0,0.0,0.03529411764705882,human
86.5,7251.05,0.6349206349206349,0.7916666666666666,0.5461346633416458,4.613756613756614,5.829652025419221,0.0,185,0.0,0.0,0.029411764705882353,0.0,0.0,0.0,0.0,0.0,0.0,0.0,0.0,0.0,0.0,0.22549019607843138,0.0,0.0,0.0,0.0,0.0,0.0,0.0,0.0,0.0392156862745098,0.0,0.00980392156862745,0.29411764705882354,0.21568627450980393,0.0,0.17647058823529413,0.0,0.0,0.00980392156862745,human
102.88235294117646,3926.8096885813156,0.6314363143631436,0.7939914163090128,0.504950495049505,4.777777777777778,6.964167419451972,0.0,186,0.0,0.0,0.0196078431372549,0.0,0.0,0.0,0.0,0.0,0.0,0.0,0.0,0.0,0.0,0.4019607843137255,0.0,0.0,0.0,0.0,0.0,0.0,0.0,0.0,0.029411764705882353,0.0,0.0,0.17647058823529413,0.22549019607843138,0.0,0.13725490196078433,0.0,0.0,0.00980392156862745,human
72.45833333333333,1973.331597222222,0.6328767123287671,0.8095238095238095,0.5246753246753246,4.802739726027397,6.618622630887597,0.0,196,0.0,0.0,0.048,0.0,0.0,0.0,0.0,0.0,0.0,0.0,0.0,0.0,0.0,0.192,0.0,0.0,0.0,0.0,0.0,0.0,0.0,0.0,0.056,0.0,0.008,0.32,0.208,0.0,0.152,0.0,0.0,0.016,human
78.86363636363636,4206.8450413223145,0.6403269754768393,0.8,0.5456790123456791,4.771117166212534,6.786849705618127,0.0,189,0.0,0.0,0.008620689655172414,0.0,0.0,0.0,0.0,0.0,0.0,0.0,0.0,0.0,0.0,0.3879310344827586,0.0,0.0,0.0,0.0,0.0,0.0,0.0,0.0,0.008620689655172414,0.0,0.017241379310344827,0.12931034482758622,0.28448275862068967,0.0,0.14655172413793102,0.0,0.0,0.017241379310344827,human
145.5,5103.25,0.5651041666666666,0.7557603686635944,0.5242966751918159,4.575520833333333,5.483879937065972,0.0,187,0.0,0.0,0.0,0.0,0.0,0.0,0.0,0.0,0.0,0.0,0.0,0.0,0.0,0.15625,0.0,0.0,0.0,0.0,0.0,0.0,0.0,0.0,0.0,0.0,0.09375,0.0,0.40625,0.0,0.34375,0.0,0.0,0.0,human
101.82352941176471,3406.0276816609,0.6056701030927835,0.825531914893617,0.549618320610687,4.502577319587629,5.012879955361887,0.0,184,0.0,0.0,0.0,0.0,0.0,0.0,0.0,0.0,0.0,0.0,0.0,0.0,0.0,0.11904761904761904,0.0,0.0,0.0,0.0,0.0,0.0,0.0,0.0,0.0,0.0,0.0,0.0,0.5,0.0,0.38095238095238093,0.0,0.0,0.0,human
63.629629629629626,2624.3072702331965,0.5948717948717949,0.8275862068965517,0.4843373493975904,4.458974358974359,5.6842143326758725,0.0,221,0.0,0.0,0.0707070707070707,0.0,0.0,0.0,0.0,0.0,0.0,0.0,0.0,0.0,0.0,0.26262626262626265,0.0,0.0,0.0,0.0,0.0,0.0,0.0,0.0,0.020202020202020204,0.0,0.020202020202020204,0.2222222222222222,0.18181818181818182,0.0,0.20202020202020202,0.0,0.0,0.020202020202020204,human
123.07142857142857,3891.7806122448987,0.5288220551378446,0.7582938388625592,0.49379652605459057,4.350877192982456,4.0172360726377345,0.0,203,0.0,0.0,0.0,0.0,0.0,0.0,0.0,0.0,0.0,0.0,0.0,0.0,0.0,0.12121212121212122,0.0,0.0,0.0,0.0,0.0,0.0,0.0,0.0,0.030303030303030304,0.0,0.0,0.0,0.45454545454545453,0.0,0.3939393939393939,0.0,0.0,0.0,human
67.0,3551.4615384615386,0.5788043478260869,0.7746478873239436,0.49872773536895676,4.801630434782608,6.593801689508507,0.0,186,0.0,0.0,0.0,0.0,0.0,0.0,0.0,0.0,0.0,0.0,0.0,0.0,0.0,0.36486486486486486,0.0,0.0,0.0,0.0,0.0,0.0,0.0,0.0,0.013513513513513514,0.0,0.013513513513513514,0.0,0.2702702702702703,0.0,0.33783783783783783,0.0,0.0,0.0,human
55.45161290322581,979.9895941727366,0.6031331592689295,0.7878787878787878,0.5024154589371981,4.561357702349869,5.776261342022918,0.0,202,0.0,0.0,0.010869565217391304,0.0,0.0,0.0,0.0,0.0,0.0,0.0,0.0,0.0,0.0,0.358695652173913,0.0,0.0,0.0,0.0,0.0,0.0,0.0,0.0,0.0,0.0,0.010869565217391304,0.11956521739130435,0.17391304347826086,0.0,0.31521739130434784,0.0,0.0,0.010869565217391304,human
116.93333333333334,1868.0622222222223,0.5898123324396782,0.7772727272727272,0.5150753768844221,4.737265415549598,6.488611288803916,0.0,201,0.0,0.0,0.0,0.0,0.0,0.0,0.0,0.0,0.0,0.0,0.0,0.0,0.0,0.4,0.0,0.0,0.0,0.0,0.0,0.0,0.0,0.0,0.01818181818181818,0.0,0.07272727272727272,0.01818181818181818,0.23636363636363636,0.0,0.2545454545454545,0.0,0.0,0.0,human
145.08333333333334,8584.243055555555,0.5578406169665809,0.7880184331797235,0.513715710723192,4.5038560411311055,4.784689501126744,0.0,204,0.0,0.0,0.0,0.0,0.0,0.0,0.0,0.0,0.0,0.0,0.0,0.0,0.0,0.21951219512195122,0.0,0.0,0.0,0.0,0.0,0.0,0.0,0.0,0.0,0.0,0.07317073170731707,0.0,0.43902439024390244,0.0,0.2682926829268293,0.0,0.0,0.0,human
62.107142857142854,2507.2385204081634,0.6566757493188011,0.8506224066390041,0.5340050377833753,4.801089918256131,6.595312163576832,0.0,191,0.0,0.0,0.08108108108108109,0.0,0.0,0.0,0.0,0.0,0.0,0.0,0.0,0.0,0.0,0.27927927927927926,0.0,0.0,0.0,0.0,0.0,0.0,0.0,0.0,0.009009009009009009,0.009009009009009009,0.02702702702702703,0.21621621621621623,0.16216216216216217,0.0,0.2072072072072072,0.0,0.0,0.009009009009009009,human
97.0,4323.555555555556,0.6270270270270271,0.8146551724137931,0.5251256281407035,4.764864864864865,6.179846603360116,0.0,199,0.0,0.0,0.011904761904761904,0.0,0.0,0.0,0.0,0.0,0.0,0.0,0.0,0.0,0.0,0.3333333333333333,0.0,0.0,0.0,0.0,0.0,0.0,0.0,0.0,0.023809523809523808,0.0,0.05952380952380952,0.11904761904761904,0.2261904761904762,0.0,0.21428571428571427,0.0,0.0,0.011904761904761904,human
124.85714285714286,12988.122448979591,0.6114130434782609,0.8177777777777778,0.5477386934673367,4.779891304347826,6.3129652055765595,0.0,173,0.0,0.0,0.0,0.0,0.0,0.0,0.0,0.0,0.0,0.0,0.0,0.0,0.0,0.4262295081967213,0.0,0.0,0.0,0.0,0.0,0.0,0.0,0.0,0.01639344262295082,0.0,0.08196721311475409,0.0,0.29508196721311475,0.0,0.18032786885245902,0.0,0.0,0.0,human
61.25,2132.6160714285716,0.595360824742268,0.7575757575757576,0.4647887323943662,4.479381443298969,5.429987246253587,0.0,215,0.0,0.0,0.008620689655172414,0.0,0.0,0.0,0.0,0.0,0.0,0.0,0.0,0.0,0.0,0.3448275862068966,0.0,0.0,0.0,0.0,0.0,0.0,0.0,0.0,0.02586206896551724,0.008620689655172414,0.008620689655172414,0.15517241379310345,0.22413793103448276,0.0,0.1896551724137931,0.0,0.0,0.034482758620689655,human
57.1,1871.1566666666672,0.5826771653543307,0.7387387387387387,0.471563981042654,4.553805774278215,7.207734859914165,0.0,228,0.0,0.0,0.007633587786259542,0.0,0.0,0.0,0.0,0.0,0.0,0.0,0.0,0.0,0.0,0.3435114503816794,0.0,0.0,0.0,0.0,0.0,0.0,0.0,0.0,0.022900763358778626,0.0,0.030534351145038167,0.22137404580152673,0.1450381679389313,0.0,0.21374045801526717,0.0,0.0,0.015267175572519083,human
69.16,2873.3344000000006,0.6432432432432432,0.819327731092437,0.543859649122807,4.727027027027027,5.603864134404676,0.0,195,0.0,0.0,0.009174311926605505,0.0,0.0,0.0,0.0,0.0,0.0,0.0,0.0,0.0,0.0,0.29357798165137616,0.0,0.0,0.0,0.0,0.0,0.0,0.0,0.0,0.009174311926605505,0.0,0.009174311926605505,0.23853211009174313,0.2018348623853211,0.0,0.22018348623853212,0.0,0.0,0.01834862385321101,human
62.96296296296296,1410.257887517147,0.569620253164557,0.7022222222222222,0.47494033412887826,4.3544303797468356,4.208556321102387,0.0,210,0.0,0.0,0.008928571428571428,0.0,0.0,0.0,0.0,0.0,0.0,0.0,0.0,0.0,0.0,0.24107142857142858,0.0,0.0,0.0,0.0,0.0,0.0,0.0,0.0,0.044642857142857144,0.0,0.008928571428571428,0.2857142857142857,0.16071428571428573,0.0,0.23214285714285715,0.0,0.0,0.017857142857142856,human
78.81818181818181,1886.4214876033054,0.632,0.8227848101265823,0.5666666666666667,4.674666666666667,5.248824888888889,0.0,186,0.0,0.0,0.0,0.0,0.0,0.0,0.0,0.0,0.0,0.0,0.0,0.0,0.0,0.18840579710144928,0.0,0.0,0.0,0.0,0.0,0.0,0.0,0.0,0.014492753623188406,0.0,0.057971014492753624,0.17391304347826086,0.21739130434782608,0.0,0.30434782608695654,0.0,0.0,0.043478260869565216,human
81.66666666666667,3273.079365079365,0.6279683377308707,0.8151260504201681,0.5378973105134475,4.569920844327177,5.601311603233059,0.0,208,0.0,0.0,0.009345794392523364,0.0,0.0,0.0,0.0,0.0,0.0,0.0,0.0,0.0,0.0,0.27102803738317754,0.0,0.0,0.0,0.0,0.0,0.0,0.0,0.0,0.018691588785046728,0.0,0.037383177570093455,0.27102803738317754,0.18691588785046728,0.0,0.17757009345794392,0.0,0.0,0.028037383177570093,human
63.51851851851852,1428.1015089163232,0.6356164383561644,0.7370689655172413,0.49874686716791977,4.7534246575342465,5.089885531994747,0.0,180,0.0,0.0,0.03333333333333333,0.0,0.0,0.0,0.0,0.0,0.0,0.0,0.0,0.0,0.0,0.25333333333333335,0.0,0.0,0.0,0.0,0.0,0.0,0.0,0.0,0.013333333333333334,0.0,0.006666666666666667,0.32,0.18666666666666668,0.0,0.18,0.0,0.0,0.006666666666666667,human
116.06666666666666,5387.262222222223,0.577023498694517,0.7601809954751131,0.5123152709359606,4.577023498694517,5.309341532084887,0.0,205,0.0,0.0,0.0,0.0,0.0,0.0,0.0,0.0,0.0,0.0,0.0,0.0,0.0,0.37142857142857144,0.0,0.0,0.0,0.0,0.0,0.0,0.0,0.0,0.014285714285714285,0.0,0.0,0.07142857142857142,0.34285714285714286,0.0,0.2,0.0,0.0,0.0,human
124.21428571428571,6396.454081632653,0.5958549222797928,0.7913043478260869,0.5425,4.538860103626943,5.072324089237295,0.0,207,0.0,0.0,0.0,0.0,0.0,0.0,0.0,0.0,0.0,0.0,0.0,0.0,0.0,0.2682926829268293,0.0,0.0,0.0,0.0,0.0,0.0,0.0,0.0,0.04878048780487805,0.0,0.12195121951219512,0.0,0.24390243902439024,0.0,0.3170731707317073,0.0,0.0,0.0,human
86.45,3863.0474999999997,0.6437994722955145,0.8483606557377049,0.5753768844221105,4.601583113456464,5.611712533329621,0.0,181,0.0,0.0,0.04838709677419355,0.0,0.0,0.0,0.0,0.0,0.0,0.0,0.0,0.0,0.0,0.3064516129032258,0.0,0.0,0.0,0.0,0.0,0.0,0.0,0.0,0.016129032258064516,0.016129032258064516,0.0,0.0967741935483871,0.2903225806451613,0.0,0.1774193548387097,0.0,0.0,0.04838709677419355,human
96.55555555555556,4146.691358024691,0.6190476190476191,0.8461538461538461,0.5475,4.642857142857143,5.658163265306124,0.0,203,0.0,0.0,0.03389830508474576,0.0,0.0,0.0,0.0,0.0,0.0,0.0,0.0,0.0,0.0,0.4067796610169492,0.0,0.0,0.0,0.0,0.01694915254237288,0.01694915254237288,0.0,0.0,0.05084745762711865,0.0,0.01694915254237288,0.0,0.2033898305084746,0.0,0.2542372881355932,0.0,0.0,0.0,human
79.04545454545455,7484.134297520661,0.6058201058201058,0.8034934497816594,0.5061728395061729,4.656084656084656,5.511351865849221,0.0,209,0.0,0.0,0.02531645569620253,0.0,0.0,0.0,0.0,0.0,0.0,0.0,0.0,0.0,0.0,0.379746835443038,0.0,0.0,0.0,0.0,0.0,0.0,0.0,0.0,0.0379746835443038,0.0,0.0,0.0,0.31645569620253167,0.0,0.20253164556962025,0.0,0.0,0.0379746835443038,human
96.38888888888889,3495.2376543209875,0.5613577023498695,0.7767441860465116,0.5087281795511222,4.5744125326370755,5.847595934255465,0.0,195,0.0,0.0,0.0,0.0,0.0,0.0,0.0,0.0,0.0,0.0,0.0,0.0,0.0,0.36363636363636365,0.0,0.0,0.0,0.0,0.0,0.0,0.0,0.0,0.05454545454545454,0.0,0.0,0.0,0.2727272727272727,0.0,0.3090909090909091,0.0,0.0,0.0,human
109.25,5226.0625,0.6203208556149733,0.8275862068965517,0.5549872122762148,4.713903743315508,6.637400268809517,0.0,200,0.0,0.0,0.0,0.0,0.0,0.0,0.0,0.0,0.0,0.0,0.0,0.0,0.0,0.3333333333333333,0.0,0.0,0.0,0.0,0.0,0.0,0.0,0.0,0.0,0.0,0.0,0.0,0.4166666666666667,0.0,0.25,0.0,0.0,0.0,human
108.6875,5765.33984375,0.612987012987013,0.8050847457627118,0.5645569620253165,4.555844155844156,5.317011300387923,0.0,196,0.0,0.0,0.0,0.0,0.0,0.0,0.0,0.0,0.0,0.0,0.0,0.0,0.0,0.27906976744186046,0.0,0.0,0.0,0.0,0.0,0.0,0.0,0.0,0.046511627906976744,0.0,0.023255813953488372,0.0,0.3023255813953488,0.0,0.3488372093023256,0.0,0.0,0.0,human
66.26923076923077,1716.0428994082836,0.5721649484536082,0.7567567567567568,0.4962962962962963,4.502577319587629,6.023189233712402,0.0,208,0.0,0.0,0.0,0.0,0.0,0.0,0.0,0.0,0.0,0.0,0.0,0.0,0.0,0.3142857142857143,0.0,0.0,0.0,0.0,0.0,0.0,0.0,0.0,0.0,0.0,0.014285714285714285,0.05714285714285714,0.2571428571428571,0.0,0.35714285714285715,0.0,0.0,0.0,human
64.0,1221.7037037037037,0.6289473684210526,0.7824267782426778,0.5270935960591133,4.602631578947369,4.986835180055402,0.0,201,0.0,0.0,0.02040816326530612,0.0,0.0,0.0,0.0,0.0,0.0,0.0,0.0,0.0,0.0,0.2653061224489796,0.0,0.0,0.0,0.0,0.0,0.0,0.0,0.0,0.0,0.0,0.05102040816326531,0.20408163265306123,0.20408163265306123,0.0,0.24489795918367346,0.0,0.0,0.01020408163265306,human
75.08695652173913,3723.4706994328926,0.5498721227621484,0.813953488372093,0.4926829268292683,4.4731457800511505,6.643140743454061,0.0,220,0.0,0.0,0.03508771929824561,0.0,0.0,0.0,0.0,0.0,0.0,0.0,0.0,0.0,0.0,0.43859649122807015,0.0,0.0,0.0,0.0,0.0,0.0,0.0,0.0,0.03508771929824561,0.0,0.05263157894736842,0.0,0.08771929824561403,0.0,0.3508771929824561,0.0,0.0,0.0,human
94.94444444444444,4847.385802469135,0.5073170731707317,0.7596153846153846,0.45958429561200925,4.209756097560976,4.951124330755503,0.0,239,0.0,0.0,0.0,0.0,0.0,0.0,0.0,0.0,0.0,0.0,0.0,0.0,0.0,0.4117647058823529,0.0,0.0,0.0,0.0,0.0,0.0,0.0,0.0,0.0,0.0,0.058823529411764705,0.0,0.19607843137254902,0.0,0.3137254901960784,0.0,0.0,0.0196078431372549,human
115.86666666666666,3209.448888888889,0.5788113695090439,0.8125,0.5338345864661654,4.5271317829457365,5.794483504597079,0.0,204,0.0,0.0,0.0,0.0,0.0,0.0,0.0,0.0,0.0,0.0,0.0,0.0,0.0,0.22916666666666666,0.0,0.0,0.0,0.0,0.0,0.0,0.0,0.0,0.041666666666666664,0.0,0.041666666666666664,0.0,0.3958333333333333,0.0,0.2916666666666667,0.0,0.0,0.0,human
71.5,3448.3333333333335,0.5938303341902313,0.7965367965367965,0.529126213592233,4.4652956298200515,5.559849591266249,0.0,210,0.0,0.0,0.014285714285714285,0.0,0.0,0.0,0.0,0.0,0.0,0.0,0.0,0.0,0.0,0.34285714285714286,0.0,0.0,0.0,0.0,0.014285714285714285,0.014285714285714285,0.0,0.0,0.014285714285714285,0.0,0.02857142857142857,0.0,0.2857142857142857,0.0,0.2857142857142857,0.0,0.0,0.0,human
74.8695652173913,3281.069943289225,0.5419847328244275,0.7323943661971831,0.4655581947743468,4.435114503816794,5.4824310937591045,0.0,235,0.0,0.0,0.0,0.0,0.0,0.0,0.0,0.0,0.0,0.0,0.0,0.0,0.0,0.35064935064935066,0.0,0.0,0.0,0.0,0.0,0.0,0.0,0.0,0.025974025974025976,0.0,0.03896103896103896,0.05194805194805195,0.24675324675324675,0.0,0.2597402597402597,0.0,0.0,0.025974025974025976,human
101.82352941176471,5295.439446366782,0.5747422680412371,0.7623318385650224,0.46808510638297873,4.497422680412371,5.353086140928898,0.0,237,0.0,0.0,0.023529411764705882,0.0,0.0,0.0,0.0,0.0,0.0,0.0,0.0,0.0,0.0,0.38823529411764707,0.0,0.0,0.0,0.0,0.0,0.0,0.0,0.0,0.0,0.0,0.047058823529411764,0.11764705882352941,0.23529411764705882,0.0,0.15294117647058825,0.0,0.0,0.03529411764705882,human
174.7,3965.0099999999998,0.5616797900262467,0.7570093457943925,0.535175879396985,4.608923884514436,5.3667445112668,0.0,207,0.0,0.0,0.0,0.0,0.0,0.0,0.0,0.0,0.0,0.0,0.0,0.0,0.0,0.38636363636363635,0.0,0.0,0.0,0.0,0.0,0.0,0.0,0.0,0.045454545454545456,0.0,0.045454545454545456,0.0,0.3181818181818182,0.0,0.20454545454545456,0.0,0.0,0.0,human
74.95652173913044,3173.1720226843104,0.5662337662337662,0.7522935779816514,0.4740740740740741,4.52987012987013,5.043912970146736,0.0,221,0.0,0.0,0.011764705882352941,0.0,0.0,0.0,0.0,0.0,0.0,0.0,0.0,0.0,0.0,0.23529411764705882,0.0,0.0,0.0,0.0,0.0,0.0,0.0,0.0,0.011764705882352941,0.0,0.023529411764705882,0.2,0.23529411764705882,0.0,0.2235294117647059,0.0,0.0,0.058823529411764705,human
61.17857142857143,1212.0752551020407,0.6046511627906976,0.7564102564102564,0.4728132387706856,4.4728682170542635,5.618772910281834,0.0,223,0.0,0.0,0.0,0.0,0.0,0.0,0.0,0.0,0.0,0.0,0.0,0.0,0.0,0.3023255813953488,0.0,0.0,0.0,0.0,0.0,0.0,0.0,0.0,0.007751937984496124,0.0,0.0,0.2713178294573643,0.1937984496124031,0.0,0.1937984496124031,0.0,0.0,0.031007751937984496,human
125.57142857142857,3136.6734693877556,0.6168478260869565,0.788546255506608,0.5853018372703412,4.8125,6.076256793478261,0.0,165,0.0,0.0,0.0,0.0,0.0,0.0,0.0,0.0,0.0,0.0,0.0,0.0,0.0,0.3090909090909091,0.0,0.0,0.0,0.0,0.0,0.0,0.0,0.0,0.01818181818181818,0.0,0.0,0.0,0.43636363636363634,0.0,0.23636363636363636,0.0,0.0,0.0,human
78.72727272727273,3457.471074380165,0.6010362694300518,0.8060344827586207,0.535,4.541450777202073,5.134292195763646,0.0,193,0.0,0.0,0.01818181818181818,0.0,0.0,0.0,0.0,0.0,0.0,0.0,0.0,0.0,0.0,0.2727272727272727,0.0,0.0,0.0,0.0,0.0,0.0,0.0,0.0,0.01818181818181818,0.0,0.01818181818181818,0.0,0.3090909090909091,0.0,0.3090909090909091,0.0,0.0,0.05454545454545454,human
115.13333333333334,8324.648888888889,0.5789473684210527,0.8051948051948052,0.5144927536231884,4.363408521303258,5.163673595015107,0.0,206,0.0,0.0,0.0,0.0,0.0,0.0,0.0,0.0,0.0,0.0,0.0,0.0,0.0,0.2857142857142857,0.0,0.0,0.0,0.0,0.0,0.0,0.0,0.0,0.03571428571428571,0.0,0.017857142857142856,0.0,0.4107142857142857,0.0,0.23214285714285715,0.0,0.0,0.017857142857142856,human
102.3529411764706,4654.463667820069,0.5789473684210527,0.7863636363636364,0.5128205128205128,4.621052631578947,6.1827146814404434,0.0,209,0.0,0.0,0.0,0.0,0.0,0.0,0.0,0.0,0.0,0.0,0.0,0.0,0.0,0.2549019607843137,0.0,0.0,0.0,0.0,0.0,0.0,0.0,0.0,0.058823529411764705,0.0,0.0,0.0,0.37254901960784315,0.0,0.3137254901960784,0.0,0.0,0.0,human
68.84,5455.974399999998,0.5926892950391645,0.7533039647577092,0.4987405541561713,4.545691906005222,5.814491884190361,0.0,210,0.0,0.0,0.04040404040404041,0.0,0.0,0.0,0.0,0.0,0.0,0.0,0.0,0.0,0.0,0.1717171717171717,0.0,0.0,0.0,0.0,0.0,0.0,0.0,0.0,0.0,0.0,0.0,0.2727272727272727,0.25252525252525254,0.0,0.2222222222222222,0.0,0.0,0.04040404040404041,human
109.0,5394.5,0.6164021164021164,0.7982832618025751,0.5674300254452926,4.650793650793651,6.946837994457042,0.0,199,0.0,0.0,0.0,0.0,0.0,0.0,0.0,0.0,0.0,0.0,0.0,0.0,0.0,0.30357142857142855,0.0,0.0,0.0,0.0,0.0,0.0,0.0,0.0,0.017857142857142856,0.0,0.03571428571428571,0.07142857142857142,0.30357142857142855,0.0,0.23214285714285715,0.0,0.0,0.03571428571428571,human
49.470588235294116,1761.8373702422143,0.6139896373056994,0.7510548523206751,0.47317073170731705,4.417098445595855,4.699085881500174,0.0,214,0.0,0.0,0.015267175572519083,0.0,0.0,0.0,0.0,0.0,0.0,0.0,0.0,0.0,0.0,0.16793893129770993,0.0,0.0,0.0,0.0,0.0,0.0,0.0,0.0,0.007633587786259542,0.007633587786259542,0.030534351145038167,0.3511450381679389,0.1450381679389313,0.0,0.2366412213740458,0.0,0.0,0.03816793893129771,human
66.38461538461539,2040.621301775148,0.5952380952380952,0.7822222222222223,0.5150753768844221,4.62962962962963,6.243778169704095,0.0,203,0.0,0.0,0.0449438202247191,0.0,0.0,0.0,0.0,0.0,0.0,0.0,0.0,0.0,0.0,0.2247191011235955,0.0,0.0,0.0,0.0,0.0,0.0,0.0,0.0,0.0449438202247191,0.0,0.02247191011235955,0.1797752808988764,0.20224719101123595,0.0,0.2696629213483146,0.0,0.0,0.011235955056179775,human
64.25925925925925,2440.5624142661177,0.5822102425876011,0.7777777777777778,0.5087281795511222,4.741239892183288,6.935738624392441,0.0,193,0.0,0.0,0.05747126436781609,0.0,0.0,0.0,0.0,0.0,0.0,0.0,0.0,0.0,0.0,0.39080459770114945,0.0,0.0,0.0,0.0,0.0,0.0,0.0,0.0,0.011494252873563218,0.0,0.011494252873563218,0.09195402298850575,0.1724137931034483,0.0,0.26436781609195403,0.0,0.0,0.0,human
66.11538461538461,2091.4097633136093,0.6292428198433421,0.7883817427385892,0.5240384615384616,4.5483028720626635,6.263332628895145,0.0,210,0.0,0.0,0.029411764705882353,0.0,0.0,0.0,0.0,0.0,0.0,0.0,0.0,0.0,0.0,0.3235294117647059,0.0,0.0,0.0,0.0,0.0,0.0,0.0,0.0,0.0196078431372549,0.0,0.0196078431372549,0.19607843137254902,0.14705882352941177,0.0,0.2549019607843137,0.0,0.0,0.00980392156862745,human
174.1,4797.49,0.5896103896103896,0.8325991189427313,0.5606060606060606,4.545454545454546,6.310271546635182,0.0,213,0.0,0.0,0.0,0.0,0.0,0.0,0.0,0.0,0.0,0.0,0.0,0.0,0.0,0.3055555555555556,0.0,0.0,0.0,0.0,0.0,0.0,0.0,0.0,0.027777777777777776,0.027777777777777776,0.027777777777777776,0.0,0.3611111111111111,0.0,0.25,0.0,0.0,0.0,human
145.91666666666666,7488.909722222223,0.5973333333333334,0.8169642857142857,0.5631578947368421,4.698666666666667,6.343864888888888,0.0,188,0.0,0.0,0.0,0.0,0.0,0.0,0.0,0.0,0.0,0.0,0.0,0.0,0.0,0.08823529411764706,0.0,0.0,0.0,0.0,0.0,0.0,0.0,0.0,0.08823529411764706,0.0,0.058823529411764705,0.0,0.4411764705882353,0.0,0.3235294117647059,0.0,0.0,0.0,human
96.11111111111111,5009.543209876541,0.5862068965517241,0.7963800904977375,0.5515463917525774,4.63395225464191,6.136566077295979,0.0,198,0.0,0.0,0.04081632653061224,0.0,0.0,0.0,0.0,0.0,0.0,0.0,0.0,0.0,0.0,0.2653061224489796,0.0,0.0,0.0,0.0,0.0,0.0,0.0,0.0,0.02040816326530612,0.02040816326530612,0.0,0.08163265306122448,0.22448979591836735,0.0,0.3469387755102041,0.0,0.0,0.0,human
145.0,9813.5,0.5546875,0.8356807511737089,0.5024875621890548,4.559895833333333,5.720370822482639,0.0,221,0.0,0.0,0.0,0.0,0.0,0.0,0.0,0.0,0.0,0.0,0.0,0.0,0.0,0.36538461538461536,0.0,0.0,0.0,0.0,0.0,0.0,0.0,0.0,0.038461538461538464,0.0,0.019230769230769232,0.0,0.36538461538461536,0.0,0.19230769230769232,0.0,0.0,0.019230769230769232,human
145.91666666666666,10336.243055555553,0.5817694369973191,0.7880184331797235,0.5297029702970297,4.7238605898123325,6.907661235256489,0.0,204,0.0,0.0,0.0,0.0,0.0,0.0,0.0,0.0,0.0,0.0,0.0,0.0,0.0,0.5636363636363636,0.0,0.0,0.0,0.0,0.0,0.0,0.0,0.0,0.0,0.0,0.03636363636363636,0.0,0.2,0.0,0.2,0.0,0.0,0.0,human
158.36363636363637,9822.595041322315,0.5581395348837209,0.7824074074074074,0.508557457212714,4.5271317829457365,5.634276786250826,0.0,220,0.0,0.0,0.0,0.0,0.0,0.0,0.0,0.0,0.0,0.0,0.0,0.0,0.0,0.4423076923076923,0.0,0.0,0.0,0.0,0.0,0.0,0.0,0.0,0.057692307692307696,0.0,0.0,0.0,0.3076923076923077,0.0,0.19230769230769232,0.0,0.0,0.0,human
123.78571428571429,7475.454081632654,0.5796344647519582,0.7747747747747747,0.532133676092545,4.553524804177545,5.771939272883446,0.0,203,0.0,0.0,0.0,0.0,0.0,0.0,0.0,0.0,0.0,0.0,0.0,0.0,0.0,0.18181818181818182,0.0,0.0,0.0,0.0,0.0,0.0,0.0,0.0,0.0,0.0,0.0,0.0,0.48484848484848486,0.0,0.3333333333333333,0.0,0.0,0.0,human
157.0909090909091,3880.264462809917,0.571072319201995,0.7903930131004366,0.5333333333333333,4.334164588528679,4.970628292112611,0.0,215,0.0,0.0,0.0,0.0,0.0,0.0,0.0,0.0,0.0,0.0,0.0,0.0,0.0,0.10526315789473684,0.0,0.0,0.0,0.0,0.0,0.0,0.0,0.0,0.02631578947368421,0.0,0.0,0.0,0.6052631578947368,0.0,0.23684210526315788,0.0,0.0,0.02631578947368421,human
173.3,8557.210000000001,0.5816326530612245,0.8157894736842105,0.537712895377129,4.4438775510204085,5.369299250312369,0.0,213,0.0,0.0,0.017543859649122806,0.0,0.0,0.0,0.0,0.0,0.0,0.0,0.0,0.0,0.0,0.3157894736842105,0.0,0.0,0.0,0.0,0.0,0.0,0.0,0.0,0.0,0.0,0.017543859649122806,0.03508771929824561,0.45614035087719296,0.0,0.15789473684210525,0.0,0.0,0.0,human
146.16666666666666,4184.13888888889,0.6070460704607046,0.8348214285714286,0.5461538461538461,4.7831978319783195,6.0126174161470605,0.0,179,0.0,0.0,0.0,0.0,0.0,0.0,0.0,0.0,0.0,0.0,0.0,0.0,0.0,0.4166666666666667,0.0,0.0,0.0,0.0,0.0,0.0,0.0,0.0,0.0,0.0,0.020833333333333332,0.0,0.3333333333333333,0.0,0.20833333333333334,0.0,0.0,0.020833333333333332,human
157.36363636363637,4014.0495867768595,0.5404040404040404,0.780373831775701,0.5174129353233831,4.396464646464646,5.734229925517804,0.0,213,0.0,0.0,0.0,0.0,0.0,0.0,0.0,0.0,0.0,0.0,0.0,0.0,0.0,0.18181818181818182,0.0,0.0,0.0,0.0,0.0,0.0,0.0,0.0,0.0,0.0,0.0,0.0,0.5151515151515151,0.0,0.2727272727272727,0.0,0.0,0.030303030303030304,human
157.0,10989.09090909091,0.549618320610687,0.7824074074074074,0.51,4.419847328244275,4.752481401627722,0.0,199,0.0,0.0,0.0,0.0,0.0,0.0,0.0,0.0,0.0,0.0,0.0,0.0,0.0,0.175,0.0,0.0,0.0,0.0,0.0,0.0,0.0,0.0,0.0,0.0,0.0,0.1,0.45,0.0,0.275,0.0,0.0,0.0,human
175.9,10245.29,0.568733153638814,0.8246445497630331,0.5408970976253298,4.765498652291105,7.128297527626217,0.0,203,0.0,0.0,0.0,0.0,0.0,0.0,0.0,0.0,0.0,0.0,0.0,0.0,0.0,0.1935483870967742,0.0,0.0,0.0,0.0,0.0,0.0,0.0,0.0,0.0,0.0,0.06451612903225806,0.0,0.45161290322580644,0.0,0.2903225806451613,0.0,0.0,0.0,human
134.15384615384616,11629.668639053254,0.5952380952380952,0.8044444444444444,0.5402597402597402,4.645502645502646,6.625654376977129,0.0,201,0.0,0.0,0.04878048780487805,0.0,0.0,0.0,0.0,0.0,0.0,0.0,0.0,0.0,0.0,0.14634146341463414,0.0,0.0,0.0,0.0,0.0,0.0,0.0,0.0,0.0,0.0,0.024390243902439025,0.04878048780487805,0.4634146341463415,0.0,0.2682926829268293,0.0,0.0,0.0,human
96.11111111111111,6188.209876543211,0.5963541666666666,0.7685589519650655,0.5185185185185185,4.544270833333333,5.675123426649306,0.0,210,0.0,0.0,0.024096385542168676,0.0,0.0,0.0,0.0,0.0,0.0,0.0,0.0,0.0,0.0,0.24096385542168675,0.0,0.0,0.0,0.0,0.0,0.0,0.0,0.0,0.012048192771084338,0.0,0.012048192771084338,0.21686746987951808,0.2891566265060241,0.0,0.20481927710843373,0.0,0.0,0.0,human
91.57894736842105,3817.401662049861,0.6205962059620597,0.8296943231441049,0.544529262086514,4.753387533875339,6.890401803747034,0.0,186,0.0,0.0,0.024390243902439025,0.0,0.0,0.0,0.0,0.0,0.0,0.0,0.0,0.0,0.0,0.2804878048780488,0.0,0.0,0.0,0.0,0.0,0.0,0.0,0.0,0.0,0.0,0.012195121951219513,0.23170731707317074,0.21951219512195122,0.0,0.17073170731707318,0.0,0.0,0.06097560975609756,human
102.17647058823529,15432.73356401384,0.6290322580645161,0.8333333333333334,0.5846153846153846,4.701612903225806,6.505051161984044,0.0,190,0.0,0.0,0.06153846153846154,0.0,0.0,0.0,0.0,0.0,0.0,0.0,0.0,0.0,0.0,0.27692307692307694,0.0,0.0,0.0,0.0,0.0,0.0,0.0,0.0,0.0,0.0,0.015384615384615385,0.13846153846153847,0.3384615384615385,0.0,0.16923076923076924,0.0,0.0,0.0,human
116.46666666666667,2741.982222222222,0.5909090909090909,0.8235294117647058,0.5463917525773195,4.708556149732621,6.281370642569133,0.0,180,0.0,0.0,0.0392156862745098,0.0,0.0,0.0,0.0,0.0,0.0,0.0,0.0,0.0,0.0,0.29411764705882354,0.0,0.0,0.0,0.0,0.0,0.0,0.0,0.0,0.0196078431372549,0.0,0.0,0.0784313725490196,0.3137254901960784,0.0,0.2549019607843137,0.0,0.0,0.0,human
82.42857142857143,2524.7210884353744,0.5957446808510638,0.7857142857142857,0.5161290322580645,4.651595744680851,5.9185080918967845,0.0,197,0.0,0.0,0.03571428571428571,0.0,0.0,0.0,0.0,0.0,0.0,0.0,0.0,0.0,0.0,0.3333333333333333,0.0,0.0,0.0,0.0,0.0,0.0,0.0,0.0,0.023809523809523808,0.0,0.023809523809523808,0.16666666666666666,0.16666666666666666,0.0,0.21428571428571427,0.0,0.0,0.03571428571428571,human
91.26315789473684,4566.825484764544,0.612565445026178,0.7564102564102564,0.5172413793103449,4.5811518324607325,6.353362024067323,0.0,218,0.0,0.0,0.05,0.0,0.0,0.0,0.0,0.0,0.0,0.0,0.0,0.0,0.0,0.2875,0.0,0.0,0.0,0.0,0.0,0.0,0.0,0.0,0.0125,0.0,0.0125,0.1375,0.325,0.0,0.15,0.0,0.0,0.025,human
116.4,7151.4400000000005,0.5900783289817232,0.7920353982300885,0.5225,4.592689295039165,6.9359256658645165,0.0,218,0.0,0.0,0.017543859649122806,0.0,0.0,0.0,0.0,0.0,0.0,0.0,0.0,0.0,0.0,0.2982456140350877,0.0,0.0,0.0,0.0,0.0,0.0,0.0,0.0,0.07017543859649122,0.0,0.017543859649122806,0.08771929824561403,0.2631578947368421,0.0,0.22807017543859648,0.0,0.0,0.017543859649122806,human
134.0,7872.615384615385,0.59375,0.8026315789473685,0.5407407407407407,4.565104166666667,5.8655531141493045,0.0,202,0.0,0.0,0.0,0.0,0.0,0.0,0.0,0.0,0.0,0.0,0.0,0.0,0.0,0.34545454545454546,0.0,0.0,0.0,0.0,0.0,0.0,0.0,0.0,0.01818181818181818,0.0,0.03636363636363636,0.10909090909090909,0.2727272727272727,0.0,0.2,0.0,0.0,0.01818181818181818,human
117.06666666666666,2114.9955555555557,0.5846994535519126,0.822429906542056,0.5390625,4.836065573770492,6.874764848159097,0.0,192,0.0,0.0,0.0,0.0,0.0,0.0,0.0,0.0,0.0,0.0,0.0,0.0,0.0,0.34146341463414637,0.0,0.0,0.0,0.0,0.0,0.0,0.0,0.0,0.0,0.0,0.0975609756097561,0.0,0.21951219512195122,0.0,0.34146341463414637,0.0,0.0,0.0,human
175.3,17177.41,0.6053333333333333,0.8149779735682819,0.5648854961832062,4.698666666666667,6.839864888888888,0.0,191,0.0,0.0,0.0,0.0,0.0,0.0,0.0,0.0,0.0,0.0,0.0,0.0,0.0,0.40425531914893614,0.0,0.0,0.0,0.0,0.0,0.0,0.0,0.0,0.02127659574468085,0.0,0.02127659574468085,0.0,0.3617021276595745,0.0,0.19148936170212766,0.0,0.0,0.0,human
124.35714285714286,6331.801020408163,0.5778364116094987,0.8082191780821918,0.51,4.62532981530343,6.007379508636114,0.0,201,0.0,0.0,0.0,0.0,0.0,0.0,0.0,0.0,0.0,0.0,0.0,0.0,0.0,0.3389830508474576,0.0,0.0,0.0,0.0,0.0,0.0,0.0,0.0,0.0,0.0,0.01694915254237288,0.15254237288135594,0.23728813559322035,0.0,0.22033898305084745,0.0,0.0,0.03389830508474576,human
86.3,5505.610000000001,0.601063829787234,0.7787610619469026,0.5292620865139949,4.61968085106383,5.751633940697148,0.0,196,0.0,0.0,0.02564102564102564,0.0,0.0,0.0,0.0,0.0,0.0,0.0,0.0,0.0,0.0,0.20512820512820512,0.0,0.0,0.0,0.0,0.0,0.0,0.0,0.0,0.038461538461538464,0.01282051282051282,0.01282051282051282,0.2948717948717949,0.19230769230769232,0.0,0.1794871794871795,0.0,0.0,0.038461538461538464,human
115.2,5501.893333333334,0.583547557840617,0.7312775330396476,0.5161290322580645,4.4755784061696655,5.21598456261854,0.0,213,0.0,0.0,0.0,0.0,0.0,0.0,0.0,0.0,0.0,0.0,0.0,0.0,0.0,0.22580645161290322,0.0,0.0,0.0,0.0,0.0,0.0,0.0,0.0,0.0,0.0,0.016129032258064516,0.25806451612903225,0.24193548387096775,0.0,0.20967741935483872,0.0,0.0,0.04838709677419355,human
123.57142857142857,7075.673469387757,0.570694087403599,0.7792792792792793,0.515970515970516,4.4755784061696655,5.982051400664812,0.0,214,0.0,0.0,0.016129032258064516,0.0,0.0,0.0,0.0,0.0,0.0,0.0,0.0,0.0,0.0,0.27419354838709675,0.0,0.0,0.0,0.0,0.0,0.0,0.0,0.0,0.0,0.0,0.016129032258064516,0.1774193548387097,0.3064516129032258,0.0,0.1935483870967742,0.0,0.0,0.016129032258064516,human
156.8181818181818,14711.057851239668,0.5761421319796954,0.8061674008810573,0.5333333333333333,4.398477157360406,5.178779406838619,0.0,209,0.0,0.0,0.0,0.0,0.0,0.0,0.0,0.0,0.0,0.0,0.0,0.0,0.0,0.2,0.0,0.0,0.0,0.0,0.0,0.0,0.0,0.0,0.0,0.0,0.044444444444444446,0.15555555555555556,0.35555555555555557,0.0,0.2222222222222222,0.0,0.0,0.022222222222222223,human
145.58333333333334,5469.4097222222235,0.6085790884718498,0.8149779735682819,0.5695538057742782,4.71313672922252,6.24210624672067,0.0,186,0.0,0.0,0.0,0.0,0.0,0.0,0.0,0.0,0.0,0.0,0.0,0.0,0.0,0.24242424242424243,0.0,0.0,0.0,0.0,0.0,0.0,0.0,0.0,0.0,0.0,0.0,0.0,0.42424242424242425,0.0,0.3333333333333333,0.0,0.0,0.0,human
96.94444444444444,3440.163580246914,0.6083333333333333,0.730593607305936,0.5051813471502591,4.877777777777778,7.746172839506173,0.0,206,0.0,0.0,0.00909090909090909,0.0,0.0,0.0,0.0,0.0,0.0,0.0,0.0,0.0,0.0,0.2545454545454545,0.0,0.0,0.0,0.0,0.0,0.0,0.0,0.0,0.01818181818181818,0.0,0.01818181818181818,0.3181818181818182,0.20909090909090908,0.0,0.11818181818181818,0.0,0.0,0.05454545454545454,human
50.23529411764706,692.1799307958478,0.6133333333333333,0.7739130434782608,0.4543269230769231,4.616,6.225877333333335,0.0,204,0.0,0.0,0.0,0.0,0.0,0.0,0.0,0.0,0.0,0.0,0.0,0.0,0.0,0.25806451612903225,0.0,0.0,0.0,0.0,0.0,0.0,0.0,0.0,0.012903225806451613,0.0,0.0064516129032258064,0.3161290322580645,0.17419354838709677,0.0,0.2,0.0,0.0,0.03225806451612903,human
82.04761904761905,1970.045351473923,0.561038961038961,0.7361111111111112,0.45093457943925236,4.509090909090909,5.9434238488783935,0.0,227,0.0,0.0,0.0,0.0,0.0,0.0,0.0,0.0,0.0,0.0,0.0,0.0,0.0,0.3360655737704918,0.0,0.0,0.0,0.0,0.0,0.0,0.0,0.0,0.00819672131147541,0.0,0.02459016393442623,0.27049180327868855,0.1885245901639344,0.0,0.1557377049180328,0.0,0.0,0.01639344262295082,human
65.84615384615384,1435.5147928994081,0.6,0.75,0.4888888888888889,4.55,6.0475,0.0,206,0.0,0.0,0.022388059701492536,0.0,0.0,0.0,0.0,0.0,0.0,0.0,0.0,0.0,0.0,0.1791044776119403,0.0,0.0,0.0,0.0,0.0,0.0,0.0,0.0,0.0,0.0,0.007462686567164179,0.3880597014925373,0.17164179104477612,0.0,0.16417910447761194,0.0,0.0,0.06716417910447761,human
116.06666666666666,2335.262222222222,0.5925925925925926,0.7901785714285714,0.5216284987277354,4.64021164021164,5.74885921446768,0.0,191,0.0,0.0,0.0,0.0,0.0,0.0,0.0,0.0,0.0,0.0,0.0,0.0,0.0,0.2222222222222222,0.0,0.0,0.0,0.0,0.0,0.0,0.0,0.0,0.0,0.0,0.015873015873015872,0.14285714285714285,0.3968253968253968,0.0,0.2222222222222222,0.0,0.0,0.0,human
103.0,5708.117647058823,0.584958217270195,0.819047619047619,0.5225464190981433,4.910863509749303,7.629937694462335,0.0,185,0.0,0.0,0.0,0.0,0.0,0.0,0.0,0.0,0.0,0.0,0.0,0.0,0.0,0.25396825396825395,0.0,0.0,0.0,0.0,0.0,0.0,0.0,0.0,0.015873015873015872,0.0,0.031746031746031744,0.19047619047619047,0.2698412698412698,0.0,0.23809523809523808,0.0,0.0,0.0,human
96.66666666666667,5488.111111111111,0.608,0.8114035087719298,0.5341772151898734,4.677333333333333,6.693219555555555,0.0,206,0.0,0.0,0.01282051282051282,0.0,0.0,0.0,0.0,0.0,0.0,0.0,0.0,0.0,0.0,0.2564102564102564,0.0,0.0,0.0,0.0,0.0,0.0,0.0,0.0,0.0,0.01282051282051282,0.01282051282051282,0.2564102564102564,0.19230769230769232,0.0,0.23076923076923078,0.0,0.0,0.02564102564102564,human
102.52941176470588,5728.249134948097,0.5869565217391305,0.7592592592592593,0.4732824427480916,4.769021739130435,6.688496869092628,0.0,207,0.0,0.0,0.0,0.0,0.0,0.0,0.0,0.0,0.0,0.0,0.0,0.0,0.0,0.22580645161290322,0.0,0.0,0.0,0.0,0.0,0.0,0.0,0.0,0.0,0.0,0.043010752688172046,0.27956989247311825,0.26881720430107525,0.0,0.17204301075268819,0.0,0.0,0.010752688172043012,human
91.21052631578948,2981.4293628808864,0.5614973262032086,0.7666666666666667,0.4910941475826972,4.671122994652406,5.595048471503332,0.0,203,0.0,0.0,0.0,0.0,0.0,0.0,0.0,0.0,0.0,0.0,0.0,0.0,0.0,0.22972972972972974,0.0,0.0,0.0,0.0,0.0,0.0,0.0,0.0,0.0,0.0,0.02702702702702703,0.24324324324324326,0.24324324324324326,0.0,0.24324324324324326,0.0,0.0,0.013513513513513514,human
107.125,7854.109375,0.5621890547263682,0.7787610619469026,0.5011820330969267,4.298507462686567,5.791490309645801,0.0,222,0.0,0.0,0.0136986301369863,0.0,0.0,0.0,0.0,0.0,0.0,0.0,0.0,0.0,0.0,0.2876712328767123,0.0,0.0,0.0,0.0,0.0,0.0,0.0,0.0,0.0273972602739726,0.0,0.0,0.2328767123287671,0.2328767123287671,0.0,0.2054794520547945,0.0,0.0,0.0,human
116.4,8085.706666666667,0.5962566844919787,0.7847533632286996,0.4891566265060241,4.7005347593582885,7.129571906545798,0.0,206,0.0,0.0,0.0,0.0,0.0,0.0,0.0,0.0,0.0,0.0,0.0,0.0,0.0,0.40594059405940597,0.0,0.0,0.0,0.0,0.0,0.0,0.0,0.0,0.009900990099009901,0.0,0.019801980198019802,0.19801980198019803,0.19801980198019803,0.0,0.13861386138613863,0.0,0.0,0.0297029702970297,human
66.23076923076923,2478.7159763313607,0.6042780748663101,0.8008849557522124,0.48737373737373735,4.657754010695188,6.476450570505304,0.0,208,0.0,0.0,0.04040404040404041,0.0,0.0,0.0,0.0,0.0,0.0,0.0,0.0,0.0,0.0,0.21212121212121213,0.0,0.0,0.0,0.0,0.0,0.0,0.0,0.0,0.0,0.0,0.030303030303030304,0.2828282828282828,0.1919191919191919,0.0,0.20202020202020202,0.0,0.0,0.04040404040404041,human
79.04545454545455,3329.0433884297527,0.6141304347826086,0.7699115044247787,0.5260416666666666,4.771739130434782,6.1761578449905485,0.0,190,0.0,0.0,0.0,0.0,0.0,0.0,0.0,0.0,0.0,0.0,0.0,0.0,0.0,0.2054794520547945,0.0,0.0,0.0,0.0,0.0,0.0,0.0,0.0,0.0136986301369863,0.0,0.0136986301369863,0.273972602739726,0.2054794520547945,0.0,0.2602739726027397,0.0,0.0,0.0273972602739726,human
124.07142857142857,3949.352040816327,0.5766233766233766,0.8108108108108109,0.513715710723192,4.545454545454546,5.364817001180637,0.0,211,0.0,0.0,0.0,0.0,0.0,0.0,0.0,0.0,0.0,0.0,0.0,0.0,0.0,0.23333333333333334,0.0,0.0,0.0,0.0,0.0,0.0,0.0,0.0,0.016666666666666666,0.0,0.03333333333333333,0.13333333333333333,0.35,0.0,0.21666666666666667,0.0,0.0,0.016666666666666666,human
146.41666666666666,14780.076388888889,0.5785123966942148,0.819047619047619,0.5401069518716578,4.865013774104683,6.001062465375013,0.0,187,0.0,0.0,0.0,0.0,0.0,0.0,0.0,0.0,0.0,0.0,0.0,0.0,0.0,0.3125,0.0,0.0,0.0,0.0,0.0,0.0,0.0,0.0,0.0,0.0,0.03125,0.0,0.375,0.0,0.28125,0.0,0.0,0.0,human
123.71428571428571,8435.346938775512,0.5518134715025906,0.784037558685446,0.5163727959697733,4.520725388601036,6.441280302826922,0.0,192,0.0,0.0,0.0,0.0,0.0,0.0,0.0,0.0,0.0,0.0,0.0,0.0,0.0,0.23404255319148937,0.0,0.0,0.0,0.0,0.0,0.0,0.0,0.0,0.0,0.0,0.0,0.0425531914893617,0.425531914893617,0.0,0.2765957446808511,0.0,0.0,0.02127659574468085,human
135.3846153846154,3297.6213017751484,0.589041095890411,0.7906976744186046,0.5464190981432361,4.854794520547945,6.72686057421655,0.0,188,0.0,0.0,0.0,0.0,0.0,0.0,0.0,0.0,0.0,0.0,0.0,0.0,0.0,0.2894736842105263,0.0,0.0,0.0,0.0,0.0,0.0,0.0,0.0,0.0,0.0,0.07894736842105263,0.0,0.3157894736842105,0.0,0.3157894736842105,0.0,0.0,0.0,human
116.13333333333334,8105.582222222223,0.5837837837837838,0.7731481481481481,0.5012987012987012,4.743243243243243,6.547589481373266,0.0,203,0.0,0.0,0.02857142857142857,0.0,0.0,0.0,0.0,0.0,0.0,0.0,0.0,0.0,0.0,0.18571428571428572,0.0,0.0,0.0,0.0,0.0,0.0,0.0,0.0,0.0,0.0,0.02857142857142857,0.22857142857142856,0.3142857142857143,0.0,0.18571428571428572,0.0,0.0,0.02857142857142857,human
134.0,6802.0,0.5418848167539267,0.7439613526570048,0.47474747474747475,4.5890052356020945,5.739460266988295,0.0,204,0.0,0.0,0.0,0.0,0.0,0.0,0.0,0.0,0.0,0.0,0.0,0.0,0.031746031746031744,0.20634920634920634,0.0,0.0,0.0,0.0,0.0,0.0,0.0,0.0,0.0,0.0,0.015873015873015872,0.1746031746031746,0.36507936507936506,0.0,0.19047619047619047,0.0,0.0,0.015873015873015872,human
144.66666666666666,13548.055555555557,0.5751295336787565,0.7927927927927928,0.5182481751824818,4.518134715025907,5.912883567344089,0.0,218,0.0,0.0,0.0,0.0,0.0,0.0,0.0,0.0,0.0,0.0,0.0,0.0,0.0,0.38095238095238093,0.0,0.0,0.0,0.0,0.0,0.0,0.0,0.0,0.0,0.0,0.031746031746031744,0.14285714285714285,0.2698412698412698,0.0,0.1746031746031746,0.0,0.0,0.0,human
102.41176470588235,3589.7716262975778,0.5887096774193549,0.7990867579908676,0.544529262086514,4.723118279569892,6.081938663429299,0.0,189,0.0,0.0,0.0,0.0,0.0,0.0,0.0,0.0,0.0,0.0,0.0,0.0,0.0,0.43137254901960786,0.0,0.0,0.0,0.0,0.0,0.0,0.0,0.0,0.0,0.0,0.0,0.0784313725490196,0.17647058823529413,0.0,0.3137254901960784,0.0,0.0,0.0,human
158.63636363636363,6422.5950413223145,0.5368421052631579,0.7696078431372549,0.4889975550122249,4.618421052631579,5.58334487534626,0.0,211,0.0,0.0,0.0,0.0,0.0,0.0,0.0,0.0,0.0,0.0,0.0,0.0,0.0,0.5,0.0,0.0,0.0,0.0,0.0,0.0,0.0,0.0,0.0,0.0,0.017857142857142856,0.0,0.30357142857142855,0.0,0.17857142857142858,0.0,0.0,0.0,human
123.14285714285714,10127.26530612245,0.5404040404040404,0.7009345794392523,0.46080760095011875,4.373737373737374,5.208805223956738,0.0,232,0.0,0.0,0.0,0.0,0.0,0.0,0.0,0.0,0.0,0.0,0.0,0.0,0.0,0.3076923076923077,0.0,0.0,0.0,0.0,0.0,0.0,0.0,0.0,0.02197802197802198,0.0,0.0,0.26373626373626374,0.26373626373626374,0.0,0.14285714285714285,0.0,0.0,0.0,human
107.4375,11818.12109375,0.5216284987277354,0.6926829268292682,0.431924882629108,4.407124681933842,5.824071376311923,0.0,228,0.0,0.0,0.0,0.0,0.0,0.0,0.0,0.0,0.0,0.0,0.0,0.0,0.0,0.38461538461538464,0.0,0.0,0.0,0.0,0.0,0.0,0.0,0.0,0.01098901098901099,0.0,0.0,0.1978021978021978,0.23076923076923078,0.0,0.16483516483516483,0.0,0.0,0.01098901098901099,human
134.07692307692307,7388.840236686389,0.5606469002695418,0.8028846153846154,0.5079787234042553,4.722371967654986,6.777370115009335,0.0,197,0.0,0.0,0.0,0.0,0.0,0.0,0.0,0.0,0.0,0.0,0.0,0.0,0.0,0.1,0.0,0.0,0.0,0.0,0.0,0.0,0.0,0.0,0.0,0.0,0.025,0.125,0.5,0.0,0.25,0.0,0.0,0.0,human
144.66666666666666,2833.888888888889,0.5338541666666666,0.7414634146341463,0.5,4.549479166666667,5.299635145399306,0.0,204,0.0,0.0,0.0,0.0,0.0,0.0,0.0,0.0,0.0,0.0,0.0,0.0,0.0,0.25,0.0,0.0,0.0,0.0,0.0,0.0,0.0,0.0,0.0,0.0,0.0,0.0,0.40625,0.0,0.34375,0.0,0.0,0.0,human
159.0,6905.454545454545,0.598404255319149,0.8177777777777778,0.5488126649076517,4.678191489361702,7.223566942055229,0.0,198,0.0,0.0,0.0,0.0,0.0,0.0,0.0,0.0,0.0,0.0,0.0,0.0,0.0,0.13793103448275862,0.0,0.0,0.0,0.0,0.0,0.0,0.0,0.0,0.0,0.0,0.0,0.0,0.5172413793103449,0.0,0.3448275862068966,0.0,0.0,0.0,human
117.26666666666667,2202.195555555555,0.6366120218579235,0.8369098712446352,0.5868421052631579,4.844262295081967,6.497603690764131,0.0,181,0.0,0.0,0.0,0.0,0.0,0.0,0.0,0.0,0.0,0.0,0.0,0.0,0.0,0.34782608695652173,0.0,0.0,0.0,0.0,0.0,0.0,0.0,0.0,0.0,0.0,0.0,0.06521739130434782,0.2826086956521739,0.0,0.30434782608695654,0.0,0.0,0.0,human
66.07692307692308,3099.8402366863907,0.6246648793565683,0.7682403433476395,0.48621553884711777,4.648793565683646,5.573704978832594,0.0,212,0.0,0.0,0.007407407407407408,0.0,0.0,0.0,0.0,0.0,0.0,0.0,0.0,0.0,0.0,0.1925925925925926,0.0,0.0,0.0,0.0,0.0,0.0,0.0,0.0,0.0,0.0,0.0,0.34814814814814815,0.24444444444444444,0.0,0.17037037037037037,0.0,0.0,0.037037037037037035,human
101.29411764705883,8648.913494809687,0.5365239294710328,0.6854460093896714,0.4198645598194131,4.365239294710327,6.0051393004206615,0.0,254,0.0,0.0,0.0,0.0,0.0,0.0,0.0,0.0,0.0,0.0,0.0,0.0,0.0,0.3865546218487395,0.0,0.0,0.0,0.0,0.0,0.0,0.0,0.0,0.01680672268907563,0.008403361344537815,0.0,0.226890756302521,0.226890756302521,0.0,0.1092436974789916,0.0,0.0,0.025210084033613446,human
86.3,2074.61,0.6175710594315246,0.7866108786610879,0.5095238095238095,4.498708010335918,6.343021586576662,0.0,213,0.0,0.0,0.01,0.0,0.0,0.0,0.0,0.0,0.0,0.0,0.0,0.0,0.0,0.34,0.0,0.0,0.0,0.0,0.0,0.0,0.0,0.0,0.02,0.0,0.03,0.21,0.2,0.0,0.16,0.0,0.0,0.03,human
68.96,1645.3984,0.6304347826086957,0.7974137931034483,0.48048780487804876,4.728260869565218,6.806592627599245,0.0,212,0.0,0.0,0.019736842105263157,0.0,0.0,0.0,0.0,0.0,0.0,0.0,0.0,0.0,0.0,0.29605263157894735,0.0,0.0,0.0,0.0,0.0,0.0,0.0,0.0,0.0,0.0,0.019736842105263157,0.3223684210526316,0.17763157894736842,0.0,0.13157894736842105,0.0,0.0,0.03289473684210526,human
70.875,1703.359375,0.5518987341772152,0.7155963302752294,0.44028103044496486,4.336708860759494,4.466373978529082,0.0,227,0.0,0.0,0.0,0.0,0.0,0.0,0.0,0.0,0.0,0.0,0.0,0.0,0.0,0.25806451612903225,0.0,0.0,0.0,0.0,0.0,0.0,0.0,0.0,0.0,0.0,0.0,0.3629032258064516,0.1774193548387097,0.0,0.16129032258064516,0.0,0.0,0.04032258064516129,human
101.23529411764706,8660.885813148792,0.5721649484536082,0.8063063063063063,0.529113924050633,4.469072164948454,5.924301200977787,0.0,210,0.0,0.0,0.0,0.0,0.0,0.0,0.0,0.0,0.0,0.0,0.0,0.0,0.0,0.225,0.0,0.0,0.0,0.0,0.0,0.0,0.0,0.0,0.0,0.0,0.0,0.2,0.225,0.0,0.35,0.0,0.0,0.0,human
108.625,4650.234375,0.5380577427821522,0.7560975609756098,0.4934725848563969,4.601049868766404,5.5416261943635,0.0,198,0.0,0.0,0.0,0.0,0.0,0.0,0.0,0.0,0.0,0.0,0.0,0.0,0.0,0.0625,0.0,0.0,0.0,0.0,0.0,0.0,0.0,0.0,0.0,0.0,0.0,0.0,0.46875,0.0,0.46875,0.0,0.0,0.0,human
108.6875,4786.46484375,0.5755968169761273,0.8018433179723502,0.5314136125654451,4.652519893899204,5.632573225731555,0.0,197,0.0,0.0,0.02564102564102564,0.0,0.0,0.0,0.0,0.0,0.0,0.0,0.0,0.0,0.0,0.15384615384615385,0.0,0.0,0.0,0.0,0.0,0.0,0.0,0.0,0.0,0.02564102564102564,0.0,0.10256410256410256,0.3076923076923077,0.0,0.358974358974359,0.0,0.0,0.02564102564102564,human
116.33333333333333,4058.222222222223,0.5824468085106383,0.8082191780821918,0.5402597402597402,4.675531914893617,6.95855024898144,0.0,192,0.0,0.0,0.023255813953488372,0.0,0.0,0.0,0.0,0.0,0.0,0.0,0.0,0.0,0.0,0.20930232558139536,0.0,0.0,0.0,0.0,0.0,0.0,0.0,0.0,0.023255813953488372,0.023255813953488372,0.0,0.046511627906976744,0.37209302325581395,0.0,0.3023255813953488,0.0,0.0,0.0,human
124.71428571428571,16497.77551020408,0.5936675461741425,0.7822222222222223,0.5584415584415584,4.641160949868074,6.282844034781156,0.0,196,0.0,0.0,0.05,0.0,0.0,0.0,0.0,0.0,0.0,0.0,0.0,0.0,0.0,0.175,0.0,0.0,0.0,0.0,0.0,0.0,0.0,0.0,0.025,0.0,0.025,0.0,0.45,0.0,0.275,0.0,0.0,0.0,human
116.4,2726.24,0.5623342175066313,0.7830188679245284,0.5277044854881267,4.6684350132626,6.2163246065194295,0.0,185,0.0,0.0,0.038461538461538464,0.0,0.0,0.0,0.0,0.0,0.0,0.0,0.0,0.0,0.0,0.11538461538461539,0.0,0.0,0.0,0.0,0.0,0.0,0.0,0.0,0.0,0.0,0.0,0.0,0.34615384615384615,0.0,0.5,0.0,0.0,0.0,human
108.875,4554.734375,0.6282722513089005,0.8416666666666667,0.5728643216080402,4.599476439790576,5.213926427455388,0.0,206,0.0,0.0,0.018518518518518517,0.0,0.0,0.0,0.0,0.0,0.0,0.0,0.0,0.0,0.0,0.3333333333333333,0.0,0.0,0.0,0.0,0.0,0.0,0.0,0.0,0.0,0.0,0.0,0.0,0.3888888888888889,0.0,0.25925925925925924,0.0,0.0,0.0,human
91.10526315789474,6098.0941828254845,0.5994694960212201,0.7964601769911505,0.5483028720626631,4.63129973474801,5.521885048090116,0.0,191,0.0,0.0,0.07272727272727272,0.0,0.0,0.0,0.0,0.0,0.0,0.0,0.0,0.0,0.0,0.10909090909090909,0.0,0.0,0.0,0.0,0.0,0.0,0.0,0.0,0.01818181818181818,0.01818181818181818,0.0,0.21818181818181817,0.2727272727272727,0.0,0.2727272727272727,0.0,0.0,0.01818181818181818,human
69.64,2181.5903999999996,0.6140845070422535,0.7706422018348624,0.5118110236220472,4.966197183098592,6.567871454076572,0.0,180,0.0,0.0,0.0196078431372549,0.0,0.0,0.0,0.0,0.0,0.0,0.0,0.0,0.0,0.0,0.24509803921568626,0.0,0.0,0.0,0.0,0.0,0.0,0.0,0.0,0.0,0.0,0.029411764705882353,0.23529411764705882,0.22549019607843138,0.0,0.21568627450980393,0.0,0.0,0.029411764705882353,human
63.51851851851852,2012.249657064472,0.5852417302798982,0.7695652173913043,0.47665847665847666,4.414758269720102,5.16894249881838,0.0,228,0.0,0.0,0.0,0.0,0.0,0.0,0.0,0.0,0.0,0.0,0.0,0.0,0.0,0.17391304347826086,0.0,0.0,0.0,0.0,0.0,0.0,0.0,0.0,0.021739130434782608,0.0,0.0,0.29347826086956524,0.21739130434782608,0.0,0.25,0.0,0.0,0.043478260869565216,human
61.17857142857143,1708.3609693877552,0.6685082872928176,0.8264462809917356,0.5412371134020618,4.7845303867403315,6.24639052531974,0.0,192,0.0,0.0,0.03546099290780142,0.0,0.0,0.0,0.0,0.0,0.0,0.0,0.0,0.0,0.0,0.2127659574468085,0.0,0.0,0.0,0.0,0.0,0.0,0.0,0.0,0.014184397163120567,0.0,0.014184397163120567,0.3333333333333333,0.1773049645390071,0.0,0.16312056737588654,0.0,0.0,0.04964539007092199,human
72.04166666666667,2291.0399305555557,0.6,0.7522522522522522,0.506426735218509,4.716216216216216,5.673520818115412,0.0,193,0.0,0.0,0.01020408163265306,0.0,0.0,0.0,0.0,0.0,0.0,0.0,0.0,0.0,0.0,0.22448979591836735,0.0,0.0,0.0,0.0,0.0,0.0,0.0,0.0,0.0,0.0,0.01020408163265306,0.30612244897959184,0.23469387755102042,0.0,0.20408163265306123,0.0,0.0,0.01020408163265306,human
81.9047619047619,1041.8956916099773,0.6109660574412533,0.782051282051282,0.5286783042394015,4.527415143603133,5.220527783269365,0.0,191,0.0,0.0,0.02127659574468085,0.0,0.0,0.0,0.0,0.0,0.0,0.0,0.0,0.0,0.0,0.20212765957446807,0.0,0.0,0.0,0.0,0.0,0.0,0.0,0.0,0.06382978723404255,0.0,0.0,0.2978723404255319,0.2127659574468085,0.0,0.20212765957446807,0.0,0.0,0.0,human
108.5625,10074.49609375,0.5714285714285714,0.7727272727272727,0.4647887323943662,4.542857142857143,5.048163265306122,0.0,203,0.0,0.0,0.018867924528301886,0.0,0.0,0.0,0.0,0.0,0.0,0.0,0.0,0.0,0.0,0.3584905660377358,0.0,0.0,0.0,0.0,0.0,0.0,0.0,0.0,0.02830188679245283,0.0,0.03773584905660377,0.1509433962264151,0.27358490566037735,0.0,0.12264150943396226,0.0,0.0,0.009433962264150943,human
91.89473684210526,3898.094182825485,0.6032608695652174,0.7972972972972973,0.5292620865139949,4.788043478260869,5.6996396502835545,0.0,192,0.0,0.0,0.06153846153846154,0.0,0.0,0.0,0.0,0.0,0.0,0.0,0.0,0.0,0.0,0.38461538461538464,0.0,0.0,0.0,0.0,0.0,0.0,0.0,0.0,0.0,0.0,0.015384615384615385,0.12307692307692308,0.16923076923076924,0.0,0.24615384615384617,0.0,0.0,0.0,human
66.96153846153847,1568.1908284023668,0.6,0.7853881278538812,0.5126262626262627,4.83013698630137,7.247858885344343,0.0,193,0.0,0.0,0.021505376344086023,0.0,0.0,0.0,0.0,0.0,0.0,0.0,0.0,0.0,0.0,0.3655913978494624,0.0,0.0,0.0,0.0,0.0,0.0,0.0,0.0,0.0,0.0,0.0,0.17204301075268819,0.1827956989247312,0.0,0.24731182795698925,0.0,0.0,0.010752688172043012,human
78.31818181818181,4154.216942148761,0.6337662337662338,0.7827868852459017,0.5397196261682243,4.527272727272727,6.218087367178275,0.0,214,0.0,0.0,0.02857142857142857,0.0,0.0,0.0,0.0,0.0,0.0,0.0,0.0,0.0,0.0,0.4666666666666667,0.0,0.0,0.0,0.0,0.0,0.0,0.0,0.0,0.0,0.0,0.0,0.1523809523809524,0.14285714285714285,0.0,0.19047619047619047,0.0,0.0,0.01904761904761905,human
108.875,11888.609375,0.6067708333333334,0.7939914163090128,0.5396039603960396,4.572916666666667,5.682183159722222,0.0,207,0.0,0.0,0.0,0.0,0.0,0.0,0.0,0.0,0.0,0.0,0.0,0.0,0.0,0.43548387096774194,0.0,0.0,0.0,0.0,0.0,0.0,0.0,0.0,0.03225806451612903,0.0,0.0,0.0,0.3064516129032258,0.0,0.20967741935483872,0.0,0.0,0.016129032258064516,human
102.58823529411765,1923.065743944637,0.5824468085106383,0.7945205479452054,0.4938875305623472,4.678191489361702,5.3512265165233135,0.0,214,0.0,0.0,0.023529411764705882,0.0,0.0,0.0,0.0,0.0,0.0,0.0,0.0,0.0,0.0,0.4235294117647059,0.0,0.0,0.0,0.0,0.0,0.0,0.0,0.0,0.03529411764705882,0.0,0.03529411764705882,0.08235294117647059,0.2235294117647059,0.0,0.16470588235294117,0.0,0.0,0.011764705882352941,human
82.14285714285714,1927.1700680272108,0.5912596401028277,0.8130434782608695,0.5166666666666667,4.4755784061696655,5.323953714289491,0.0,212,0.0,0.0,0.0,0.0,0.0,0.0,0.0,0.0,0.0,0.0,0.0,0.0,0.0,0.3614457831325301,0.0,0.0,0.0,0.0,0.0,0.0,0.0,0.0,0.012048192771084338,0.0,0.03614457831325301,0.1686746987951807,0.1686746987951807,0.0,0.2289156626506024,0.0,0.0,0.024096385542168676,human
115.66666666666667,5115.155555555556,0.5857519788918206,0.7792792792792793,0.5240506329113924,4.601583113456464,5.638097757604028,0.0,199,0.0,0.0,0.0,0.0,0.0,0.0,0.0,0.0,0.0,0.0,0.0,0.0,0.0,0.2909090909090909,0.0,0.0,0.0,0.0,0.0,0.0,0.0,0.0,0.0,0.0,0.03636363636363636,0.16363636363636364,0.2909090909090909,0.0,0.2,0.0,0.0,0.01818181818181818,human
97.61111111111111,1963.7932098765434,0.5945205479452055,0.7880184331797235,0.5555555555555556,4.86027397260274,6.9092437605554515,0.0,172,0.0,0.0,0.0,0.0,0.0,0.0,0.0,0.0,0.0,0.0,0.0,0.0,0.0,0.15,0.0,0.0,0.0,0.0,0.0,0.0,0.0,0.0,0.05,0.0,0.0,0.0,0.375,0.0,0.425,0.0,0.0,0.0,human
134.69230769230768,4006.5207100591715,0.5456989247311828,0.7389162561576355,0.5238095238095238,4.739247311827957,6.219642444213204,0.0,180,0.0,0.0,0.0,0.0,0.0,0.0,0.0,0.0,0.0,0.0,0.0,0.0,0.0,0.21428571428571427,0.0,0.0,0.0,0.0,0.0,0.0,0.0,0.0,0.0,0.0,0.0,0.0,0.35714285714285715,0.0,0.42857142857142855,0.0,0.0,0.0,human
158.54545454545453,2873.1570247933882,0.5654450261780105,0.8009259259259259,0.533678756476684,4.591623036649215,5.639510978317481,0.0,201,0.0,0.0,0.0,0.0,0.0,0.0,0.0,0.0,0.0,0.0,0.0,0.0,0.0,0.13793103448275862,0.0,0.0,0.0,0.0,0.0,0.0,0.0,0.0,0.0,0.0,0.0,0.0,0.5172413793103449,0.0,0.3448275862068966,0.0,0.0,0.0,human
124.35714285714286,6664.229591836734,0.581151832460733,0.7972972972972973,0.5532994923857868,4.591623036649215,5.686631397165646,0.0,209,0.0,0.0,0.0,0.0,0.0,0.0,0.0,0.0,0.0,0.0,0.0,0.0,0.0,0.3333333333333333,0.0,0.0,0.0,0.0,0.0,0.0,0.0,0.0,0.0,0.0,0.06666666666666667,0.0,0.16666666666666666,0.0,0.43333333333333335,0.0,0.0,0.0,human
91.15789473684211,4678.132963988919,0.6200527704485488,0.8042553191489362,0.5356265356265356,4.604221635883905,5.72198745483532,0.0,201,0.0,0.0,0.010752688172043012,0.0,0.0,0.0,0.0,0.0,0.0,0.0,0.0,0.0,0.0,0.2903225806451613,0.0,0.0,0.0,0.0,0.0,0.0,0.0,0.0,0.0,0.0,0.010752688172043012,0.25806451612903225,0.22580645161290322,0.0,0.1827956989247312,0.0,0.0,0.021505376344086023,human
96.22222222222223,4107.283950617284,0.5968992248062015,0.7705627705627706,0.5270935960591133,4.51421188630491,5.335069340117113,0.0,217,0.0,0.0,0.04225352112676056,0.0,0.0,0.0,0.0,0.0,0.0,0.0,0.0,0.0,0.0,0.2535211267605634,0.0,0.0,0.0,0.0,0.0,0.0,0.0,0.0,0.0,0.0,0.028169014084507043,0.22535211267605634,0.2112676056338028,0.0,0.22535211267605634,0.0,0.0,0.014084507042253521,human
96.11111111111111,5777.098765432099,0.6363636363636364,0.8067226890756303,0.5363408521303258,4.652406417112299,6.098430038033688,0.0,197,0.0,0.0,0.0,0.0,0.0,0.0,0.0,0.0,0.0,0.0,0.0,0.0,0.0,0.27710843373493976,0.0,0.0,0.0,0.0,0.0,0.0,0.0,0.0,0.0,0.0,0.03614457831325301,0.24096385542168675,0.26506024096385544,0.0,0.1686746987951807,0.0,0.0,0.012048192771084338,human
192.66666666666666,3760.4444444444453,0.5645569620253165,0.7937219730941704,0.5183374083129584,4.410126582278481,5.138125300432622,0.0,214,0.0,0.0,0.0,0.0,0.0,0.0,0.0,0.0,0.0,0.0,0.0,0.0,0.0,0.23404255319148937,0.0,0.0,0.0,0.0,0.0,0.0,0.0,0.0,0.0,0.0,0.06382978723404255,0.0851063829787234,0.44680851063829785,0.0,0.1702127659574468,0.0,0.0,0.0,human
146.5,13803.25,0.6076294277929155,0.8340807174887892,0.584,4.820163487738419,6.643408147658681,0.0,190,0.0,0.0,0.0,0.0,0.0,0.0,0.0,0.0,0.0,0.0,0.0,0.0,0.0,0.2962962962962963,0.0,0.0,0.0,0.0,0.0,0.0,0.0,0.0,0.0,0.0,0.037037037037037035,0.0,0.25925925925925924,0.0,0.4074074074074074,0.0,0.0,0.0,human
252.14285714285714,18936.979591836738,0.5694822888283378,0.8181818181818182,0.5442359249329759,4.825613079019074,7.217545605060545,0.0,193,0.0,0.0,0.0,0.0,0.0,0.0,0.0,0.0,0.0,0.0,0.0,0.0,0.0,0.21875,0.0,0.0,0.0,0.0,0.0,0.0,0.0,0.0,0.0,0.0,0.0625,0.0,0.53125,0.0,0.1875,0.0,0.0,0.0,human
74.30434782608695,3621.4291115311917,0.5833333333333334,0.7532467532467533,0.5214105793450882,4.363636363636363,4.958677685950414,0.0,227,0.0,0.0,0.0,0.0,0.0,0.0,0.0,0.0,0.0,0.0,0.0,0.0,0.0,0.0,0.0,0.0,0.0,0.0,0.0,0.0,0.0,0.0,0.0,0.0,0.017857142857142856,0.3392857142857143,0.21428571428571427,0.0,0.375,0.0,0.0,0.05357142857142857,human
95.16666666666667,3284.361111111111,0.5763546798029556,0.7521367521367521,0.5221674876847291,4.251231527093596,4.744764493193234,0.0,230,0.0,0.0,0.0,0.0,0.0,0.0,0.0,0.0,0.0,0.0,0.0,0.0,0.0,0.0,0.0,0.0,0.0,0.0,0.0,0.0,0.0,0.0,0.0,0.0,0.0,0.2978723404255319,0.3404255319148936,0.0,0.3617021276595745,0.0,0.0,0.0,human
175.4,10170.84,0.6037234042553191,0.788546255506608,0.5725593667546174,4.6888297872340425,5.645194375282934,0.0,184,0.0,0.0,0.0,0.0,0.0,0.0,0.0,0.0,0.0,0.0,0.0,0.0,0.0,0.10714285714285714,0.0,0.0,0.0,0.0,0.0,0.0,0.0,0.0,0.0,0.0,0.03571428571428571,0.0,0.5357142857142857,0.0,0.32142857142857145,0.0,0.0,0.0,human
115.86666666666666,4364.115555555556,0.5651041666666666,0.7649769585253456,0.5301507537688442,4.5625,5.48046875,0.0,200,0.0,0.0,0.024390243902439025,0.0,0.0,0.0,0.0,0.0,0.0,0.0,0.0,0.0,0.0,0.2926829268292683,0.0,0.0,0.0,0.0,0.0,0.0,0.0,0.0,0.0,0.0,0.04878048780487805,0.0,0.3170731707317073,0.0,0.3170731707317073,0.0,0.0,0.0,human
108.8125,9376.65234375,0.6036745406824147,0.8434782608695652,0.5604113110539846,4.608923884514436,5.9914164272773,0.0,197,0.0,0.0,0.0425531914893617,0.0,0.0,0.0,0.0,0.0,0.0,0.0,0.0,0.0,0.0,0.23404255319148937,0.0,0.0,0.0,0.0,0.0,0.0,0.0,0.0,0.0425531914893617,0.0,0.02127659574468085,0.0,0.3829787234042553,0.0,0.2765957446808511,0.0,0.0,0.0,human
78.27272727272727,2145.2892561983467,0.5707070707070707,0.8053097345132744,0.5301507537688442,4.401515151515151,5.331209825528007,0.0,220,0.0,0.0,0.02702702702702703,0.0,0.0,0.0,0.0,0.0,0.0,0.0,0.0,0.0,0.0,0.08108108108108109,0.0,0.0,0.0,0.0,0.0,0.0,0.0,0.0,0.0,0.0,0.0,0.0,0.35135135135135137,0.0,0.5405405405405406,0.0,0.0,0.0,human
86.95,2110.0475,0.574468085106383,0.7962962962962963,0.5167095115681234,4.672872340425532,5.592455579447714,0.0,201,0.0,0.0,0.017543859649122806,0.0,0.0,0.0,0.0,0.0,0.0,0.0,0.0,0.0,0.0,0.40350877192982454,0.0,0.0,0.0,0.0,0.0,0.0,0.0,0.0,0.0,0.0,0.0,0.07017543859649122,0.19298245614035087,0.0,0.3157894736842105,0.0,0.0,0.0,human
115.93333333333334,4837.662222222223,0.5910290237467019,0.8214285714285714,0.5470737913486005,4.620052770448549,5.169624271621612,0.0,195,0.0,0.0,0.0,0.0,0.0,0.0,0.0,0.0,0.0,0.0,0.0,0.0,0.0,0.4,0.0,0.0,0.0,0.0,0.0,0.0,0.0,0.0,0.0,0.0,0.05714285714285714,0.0,0.2,0.0,0.34285714285714286,0.0,0.0,0.0,human
158.27272727272728,7999.107438016529,0.5721784776902887,0.7706422018348624,0.5210918114143921,4.595800524934384,5.421924621627022,0.0,205,0.0,0.0,0.0,0.0,0.0,0.0,0.0,0.0,0.0,0.0,0.0,0.0,0.0,0.41304347826086957,0.0,0.0,0.0,0.0,0.0,0.0,0.0,0.0,0.0,0.0,0.06521739130434782,0.0,0.30434782608695654,0.0,0.21739130434782608,0.0,0.0,0.0,human
90.78947368421052,3458.060941828256,0.592,0.7747747747747747,0.4849246231155779,4.64,5.873066666666667,0.0,202,0.0,0.0,0.0,0.0,0.0,0.0,0.0,0.0,0.0,0.0,0.0,0.0,0.0,0.22727272727272727,0.0,0.0,0.0,0.0,0.0,0.0,0.0,0.0,0.0,0.0,0.03409090909090909,0.29545454545454547,0.20454545454545456,0.0,0.19318181818181818,0.0,0.0,0.045454545454545456,human
91.47368421052632,5917.93351800554,0.5736842105263158,0.7431192660550459,0.5165394402035624,4.61578947368421,5.415540166204986,0.0,207,0.0,0.0,0.0,0.0,0.0,0.0,0.0,0.0,0.0,0.0,0.0,0.0,0.0,0.2222222222222222,0.0,0.0,0.0,0.0,0.0,0.0,0.0,0.0,0.0,0.0,0.037037037037037035,0.16666666666666666,0.24074074074074073,0.0,0.3333333333333333,0.0,0.0,0.0,human
78.77272727272727,2080.630165289256,0.5718085106382979,0.7255813953488373,0.45893719806763283,4.651595744680851,6.429146389769126,0.0,224,0.0,0.0,0.009009009009009009,0.0,0.0,0.0,0.0,0.0,0.0,0.0,0.0,0.0,0.0,0.32432432432432434,0.0,0.0,0.0,0.0,0.0,0.0,0.0,0.0,0.0,0.0,0.018018018018018018,0.21621621621621623,0.24324324324324326,0.0,0.1891891891891892,0.0,0.0,0.0,human
108.25,4238.4375,0.5979381443298969,0.7887931034482759,0.5202863961813843,4.492268041237113,6.6210742374322455,0.0,217,0.0,0.0,0.0,0.0,0.0,0.0,0.0,0.0,0.0,0.0,0.0,0.0,0.0,0.38271604938271603,0.0,0.0,0.0,0.0,0.0,0.0,0.0,0.0,0.012345679012345678,0.0,0.012345679012345678,0.16049382716049382,0.24691358024691357,0.0,0.1728395061728395,0.0,0.0,0.012345679012345678,human
86.1,3718.29,0.5974025974025974,0.7565217391304347,0.46987951807228917,4.511688311688312,5.221291954798448,0.0,221,0.0,0.0,0.0,0.0,0.0,0.0,0.0,0.0,0.0,0.0,0.0,0.0,0.0,0.25688073394495414,0.0,0.0,0.0,0.0,0.0,0.0,0.0,0.0,0.009174311926605505,0.0,0.01834862385321101,0.27522935779816515,0.23853211009174313,0.0,0.1559633027522936,0.0,0.0,0.045871559633027525,human
81.61904761904762,2703.2834467120174,0.5201005025125628,0.6956521739130435,0.4272300469483568,4.349246231155779,5.533805964495845,0.0,247,0.0,0.0,0.0,0.0,0.0,0.0,0.0,0.0,0.0,0.0,0.0,0.0,0.0,0.2727272727272727,0.0,0.0,0.0,0.0,0.0,0.0,0.0,0.0,0.0,0.0,0.045454545454545456,0.18181818181818182,0.26136363636363635,0.0,0.20454545454545456,0.0,0.0,0.03409090909090909,human
101.58823529411765,6204.359861591695,0.558974358974359,0.7064220183486238,0.463768115942029,4.4512820512820515,5.0424983563445105,0.0,219,0.0,0.0,0.0,0.0,0.0,0.0,0.0,0.0,0.0,0.0,0.0,0.0,0.0,0.2727272727272727,0.0,0.0,0.0,0.0,0.0,0.0,0.0,0.0,0.011363636363636364,0.0,0.0,0.3409090909090909,0.18181818181818182,0.0,0.18181818181818182,0.0,0.0,0.011363636363636364,human
144.66666666666666,7646.555555555555,0.520618556701031,0.7821782178217822,0.4838709677419355,4.5,5.688144329896907,0.0,224,0.0,0.0,0.0,0.0,0.0,0.0,0.0,0.0,0.0,0.0,0.0,0.0,0.0,0.32558139534883723,0.0,0.0,0.0,0.0,0.0,0.0,0.0,0.0,0.0,0.0,0.023255813953488372,0.046511627906976744,0.3488372093023256,0.0,0.2558139534883721,0.0,0.0,0.0,human
58.758620689655174,1668.1831153388823,0.5761421319796954,0.8105726872246696,0.5325,4.3908629441624365,5.496972351774074,0.0,208,0.0,0.0,0.0425531914893617,0.0,0.0,0.0,0.0,0.0,0.0,0.0,0.0,0.0,0.0,0.1702127659574468,0.0,0.0,0.0,0.0,0.0,0.0,0.0,0.0,0.0425531914893617,0.0,0.02127659574468085,0.0,0.2127659574468085,0.0,0.48936170212765956,0.0,0.0,0.02127659574468085,human
79.18181818181819,2425.2396694214876,0.6047745358090185,0.8464912280701754,0.5456919060052219,4.676392572944297,5.502705288857306,0.0,198,0.0,0.0,0.02564102564102564,0.0,0.0,0.0,0.0,0.0,0.0,0.0,0.0,0.0,0.0,0.2564102564102564,0.0,0.0,0.0,0.0,0.0,0.0,0.0,0.0,0.05128205128205128,0.0,0.0,0.0,0.15384615384615385,0.0,0.5128205128205128,0.0,0.0,0.0,human
124.5,5338.535714285715,0.5800524934383202,0.8009049773755657,0.5518134715025906,4.608923884514436,5.487479419403284,0.0,196,0.0,0.0,0.0,0.0,0.0,0.0,0.0,0.0,0.0,0.0,0.0,0.0,0.0,0.11764705882352941,0.0,0.0,0.0,0.0,0.0,0.0,0.0,0.0,0.058823529411764705,0.0,0.058823529411764705,0.0,0.38235294117647056,0.0,0.38235294117647056,0.0,0.0,0.0,human
108.75,3806.4375,0.587012987012987,0.8008849557522124,0.5358974358974359,4.558441558441558,5.649181986844325,0.0,205,0.0,0.0,0.0,0.0,0.0,0.0,0.0,0.0,0.0,0.0,0.0,0.0,0.0,0.225,0.0,0.0,0.0,0.0,0.0,0.0,0.0,0.0,0.025,0.0,0.0,0.0,0.375,0.0,0.375,0.0,0.0,0.0,human
59.3448275862069,2101.1224732461355,0.6536458333333334,0.8406374501992032,0.5816326530612245,4.549479166666667,5.476718478732638,0.0,201,0.0,0.0,0.03896103896103896,0.0,0.0,0.0,0.0,0.0,0.0,0.0,0.0,0.0,0.0,0.12987012987012986,0.0,0.0,0.0,0.0,0.0,0.0,0.0,0.0,0.012987012987012988,0.0,0.025974025974025976,0.16883116883116883,0.2597402597402597,0.0,0.3116883116883117,0.0,0.0,0.05194805194805195,human
48.51428571428571,1715.6783673469388,0.5845771144278606,0.7787234042553192,0.5158150851581509,4.298507462686567,5.806415682780129,0.0,236,0.0,0.0,0.047058823529411764,0.0,0.0,0.0,0.0,0.0,0.0,0.0,0.0,0.0,0.0,0.15294117647058825,0.0,0.0,0.0,0.0,0.0,0.0,0.0,0.0,0.023529411764705882,0.0,0.0,0.23529411764705882,0.1411764705882353,0.0,0.35294117647058826,0.0,0.0,0.047058823529411764,human
123.35714285714286,2739.086734693878,0.5483870967741935,0.7828054298642534,0.5060240963855421,4.317617866004963,5.993411695164677,0.0,240,0.0,0.0,0.0,0.0,0.0,0.0,0.0,0.0,0.0,0.0,0.0,0.0,0.0,0.3953488372093023,0.0,0.0,0.0,0.0,0.0,0.0,0.0,0.0,0.0,0.0,0.0,0.0,0.3023255813953488,0.0,0.3023255813953488,0.0,0.0,0.0,human
132.30769230769232,8194.982248520713,0.5889724310776943,0.7787234042553192,0.5382716049382716,4.340852130325815,4.941463935528043,0.0,237,0.0,0.0,0.020833333333333332,0.0,0.0,0.0,0.0,0.0,0.0,0.0,0.0,0.0,0.0,0.10416666666666667,0.0,0.0,0.0,0.0,0.0,0.0,0.0,0.0,0.020833333333333332,0.0,0.0625,0.14583333333333334,0.3958333333333333,0.0,0.25,0.0,0.0,0.0,human
41.775,1398.5743750000001,0.5995085995085995,0.7786885245901639,0.48418491484184917,4.1891891891891895,4.885583372069859,0.0,233,0.0,0.0,0.06930693069306931,0.0,0.0,0.0,0.0,0.0,0.0,0.0,0.0,0.0,0.0,0.06930693069306931,0.0,0.0,0.0,0.0,0.0,0.0,0.0,0.0,0.0297029702970297,0.0,0.009900990099009901,0.297029702970297,0.15841584158415842,0.0,0.33663366336633666,0.0,0.0,0.0297029702970297,human
81.66666666666667,4588.984126984126,0.5892857142857143,0.7792207792207793,0.5470297029702971,4.413265306122449,4.997579133694295,0.0,221,0.0,0.0,0.0,0.0,0.0,0.0,0.0,0.0,0.0,0.0,0.0,0.0,0.0,0.21568627450980393,0.0,0.0,0.0,0.0,0.0,0.0,0.0,0.0,0.0,0.0,0.0392156862745098,0.17647058823529413,0.21568627450980393,0.0,0.35294117647058826,0.0,0.0,0.0,human
176.6,10693.84,0.5722222222222222,0.7621359223300971,0.49872122762148335,4.930555555555555,6.625733024691358,0.0,205,0.0,0.0,0.0,0.0,0.0,0.0,0.0,0.0,0.0,0.0,0.0,0.0,0.0,0.4423076923076923,0.0,0.0,0.0,0.0,0.0,0.0,0.0,0.0,0.019230769230769232,0.0,0.15384615384615385,0.0,0.21153846153846154,0.0,0.17307692307692307,0.0,0.0,0.0,human
159.8181818181818,8433.421487603306,0.555858310626703,0.7647058823529411,0.48614609571788414,4.817438692098093,6.192829407004284,0.0,208,0.0,0.0,0.0,0.0,0.0,0.0,0.0,0.0,0.0,0.0,0.0,0.0,0.0,0.45,0.0,0.0,0.0,0.0,0.0,0.0,0.0,0.0,0.0,0.0,0.05,0.0,0.3333333333333333,0.0,0.16666666666666666,0.0,0.0,0.0,human
102.41176470588235,6768.477508650519,0.6089238845144357,0.8275862068965517,0.5601023017902813,4.611548556430447,5.5393941898994905,0.0,189,0.0,0.0,0.0425531914893617,0.0,0.0,0.0,0.0,0.0,0.0,0.0,0.0,0.0,0.0,0.2553191489361702,0.0,0.0,0.0,0.0,0.0,0.0,0.0,0.0,0.0851063829787234,0.0,0.0,0.0,0.3191489361702128,0.0,0.2765957446808511,0.0,0.0,0.02127659574468085,human
90.94736842105263,2517.102493074792,0.5535714285714286,0.7419354838709677,0.4867469879518072,4.454081632653061,4.599932319866722,0.0,212,0.0,0.0,0.0,0.0,0.0,0.0,0.0,0.0,0.0,0.0,0.0,0.0,0.0,0.4444444444444444,0.0,0.0,0.0,0.0,0.0,0.0,0.0,0.0,0.037037037037037035,0.0,0.018518518518518517,0.0,0.16666666666666666,0.0,0.3333333333333333,0.0,0.0,0.0,human
101.82352941176471,8684.262975778547,0.49740932642487046,0.7239583333333334,0.4023809523809524,4.520725388601036,5.33247201267148,0.0,223,0.0,0.0,0.01282051282051282,0.0,0.0,0.0,0.0,0.0,0.0,0.0,0.0,0.0,0.0,0.41025641025641024,0.0,0.0,0.0,0.0,0.0,0.0,0.0,0.0,0.02564102564102564,0.01282051282051282,0.02564102564102564,0.15384615384615385,0.15384615384615385,0.0,0.1794871794871795,0.0,0.0,0.02564102564102564,human
96.61111111111111,5260.237654320987,0.5736842105263158,0.7935779816513762,0.5102040816326531,4.621052631578947,5.703767313019391,0.0,193,0.0,0.0,0.0,0.0,0.0,0.0,0.0,0.0,0.0,0.0,0.0,0.0,0.0,0.358974358974359,0.0,0.0,0.0,0.0,0.0,0.0,0.0,0.0,0.0,0.0,0.05128205128205128,0.0,0.15384615384615385,0.0,0.4358974358974359,0.0,0.0,0.0,human
136.0,4933.538461538462,0.6260387811634349,0.8053097345132744,0.5710382513661202,4.930747922437673,7.621242930916738,0.0,198,0.0,0.0,0.0,0.0,0.0,0.0,0.0,0.0,0.0,0.0,0.0,0.0,0.0,0.14705882352941177,0.0,0.0,0.0,0.0,0.0,0.0,0.0,0.0,0.029411764705882353,0.0,0.08823529411764706,0.0,0.38235294117647056,0.0,0.35294117647058826,0.0,0.0,0.0,human
63.925925925925924,2825.105624142662,0.5629820051413882,0.771689497716895,0.5051020408163265,4.5038560411311055,5.08289001526556,0.0,213,0.0,0.0,0.0,0.0,0.0,0.0,0.0,0.0,0.0,0.0,0.0,0.0,0.0,0.13953488372093023,0.0,0.0,0.0,0.0,0.0,0.0,0.0,0.0,0.023255813953488372,0.0,0.0,0.0,0.23255813953488372,0.0,0.5581395348837209,0.0,0.0,0.046511627906976744,human
81.66666666666667,3401.079365079365,0.5513784461152882,0.7681818181818182,0.5,4.348370927318296,4.673123912538238,0.0,223,0.0,0.0,0.02127659574468085,0.0,0.0,0.0,0.0,0.0,0.0,0.0,0.0,0.0,0.0,0.19148936170212766,0.0,0.0,0.0,0.0,0.0,0.0,0.0,0.0,0.0425531914893617,0.0,0.0,0.0,0.3404255319148936,0.0,0.40425531914893614,0.0,0.0,0.0,human
89.89473684210526,6264.094182825485,0.5669099756690997,0.8068669527896996,0.5096618357487923,4.199513381995134,3.6730897875338178,0.0,237,0.0,0.0,0.0,0.0,0.0,0.0,0.0,0.0,0.0,0.0,0.0,0.0,0.0,0.11904761904761904,0.0,0.0,0.0,0.0,0.0,0.0,0.0,0.0,0.11904761904761904,0.0,0.023809523809523808,0.0,0.30952380952380953,0.0,0.38095238095238093,0.0,0.0,0.047619047619047616,human
74.65217391304348,4984.05293005671,0.5447570332480819,0.755868544600939,0.48737373737373735,4.442455242966752,4.901420058738497,0.0,211,0.0,0.0,0.06666666666666667,0.0,0.0,0.0,0.0,0.0,0.0,0.0,0.0,0.0,0.0,0.15555555555555556,0.0,0.0,0.0,0.0,0.0,0.0,0.0,0.0,0.0,0.022222222222222223,0.022222222222222223,0.022222222222222223,0.3333333333333333,0.0,0.35555555555555557,0.0,0.0,0.022222222222222223,human
91.57894736842105,6249.927977839337,0.5826771653543307,0.7792792792792793,0.5252525252525253,4.608923884514436,6.490104091319293,0.0,207,0.0,0.0,0.09090909090909091,0.0,0.0,0.0,0.0,0.0,0.0,0.0,0.0,0.0,0.0,0.2545454545454545,0.0,0.0,0.0,0.0,0.0,0.0,0.0,0.0,0.0,0.01818181818181818,0.01818181818181818,0.09090909090909091,0.2727272727272727,0.0,0.2545454545454545,0.0,0.0,0.0,human
116.46666666666667,5353.582222222222,0.5593667546174143,0.7594339622641509,0.5233160621761658,4.646437994722955,5.769453011326849,0.0,200,0.0,0.0,0.0,0.0,0.0,0.0,0.0,0.0,0.0,0.0,0.0,0.0,0.0,0.2413793103448276,0.0,0.0,0.0,0.0,0.0,0.0,0.0,0.0,0.0,0.0,0.034482758620689655,0.0,0.2413793103448276,0.0,0.4827586206896552,0.0,0.0,0.0,human
115.0,3472.4,0.5603015075376885,0.7937219730941704,0.524390243902439,4.366834170854271,5.4533723895861215,0.0,209,0.0,0.0,0.0,0.0,0.0,0.0,0.0,0.0,0.0,0.0,0.0,0.0,0.0,0.3333333333333333,0.0,0.0,0.0,0.0,0.0,0.0,0.0,0.0,0.0,0.0,0.0,0.0,0.3055555555555556,0.0,0.3611111111111111,0.0,0.0,0.0,human
107.875,4428.234375,0.5831202046035806,0.8070175438596491,0.5443037974683544,4.450127877237851,5.142653436332835,0.0,202,0.0,0.0,0.0,0.0,0.0,0.0,0.0,0.0,0.0,0.0,0.0,0.0,0.0,0.11764705882352941,0.0,0.0,0.0,0.0,0.0,0.0,0.0,0.0,0.0,0.0,0.029411764705882353,0.11764705882352941,0.29411764705882354,0.0,0.4411764705882353,0.0,0.0,0.0,human
62.74074074074074,1667.6735253772292,0.62,0.7943548387096774,0.51,4.285,4.178775000000001,0.0,220,0.0,0.0,0.0,0.0,0.0,0.0,0.0,0.0,0.0,0.0,0.0,0.0,0.0,0.0,0.0,0.0,0.0,0.0,0.0,0.0,0.0,0.0,0.030927835051546393,0.0,0.0,0.38144329896907214,0.31958762886597936,0.0,0.23711340206185566,0.0,0.0,0.030927835051546393,human
96.33333333333333,6228.333333333332,0.5766233766233766,0.7432432432432432,0.5343511450381679,4.542857142857143,5.687124304267161,0.0,207,0.0,0.0,0.0,0.0,0.0,0.0,0.0,0.0,0.0,0.0,0.0,0.0,0.0,0.1568627450980392,0.0,0.0,0.0,0.0,0.0,0.0,0.0,0.0,0.0196078431372549,0.0,0.0196078431372549,0.09803921568627451,0.37254901960784315,0.0,0.3333333333333333,0.0,0.0,0.0,human
66.0,2364.230769230769,0.6025316455696202,0.819327731092437,0.5181598062953995,4.405063291139241,5.694151578272713,0.0,208,0.0,0.0,0.014705882352941176,0.0,0.0,0.0,0.0,0.0,0.0,0.0,0.0,0.0,0.0,0.29411764705882354,0.0,0.0,0.0,0.0,0.0,0.0,0.0,0.0,0.0,0.0,0.0,0.11764705882352941,0.19117647058823528,0.0,0.36764705882352944,0.0,0.0,0.014705882352941176,human
82.0,1894.7619047619048,0.5594936708860759,0.751131221719457,0.5,4.407594936708861,5.304752443518667,0.0,207,0.0,0.0,0.03125,0.0,0.0,0.0,0.0,0.0,0.0,0.0,0.0,0.0,0.0,0.296875,0.0,0.0,0.0,0.0,0.0,0.0,0.0,0.0,0.015625,0.0,0.0,0.15625,0.1875,0.0,0.3125,0.0,0.0,0.0,human
102.11764705882354,3758.6920415224918,0.5578406169665809,0.7972350230414746,0.5086848635235732,4.5012853470437015,5.067479067677322,0.0,208,0.0,0.0,0.041666666666666664,0.0,0.0,0.0,0.0,0.0,0.0,0.0,0.0,0.0,0.0,0.25,0.0,0.0,0.0,0.0,0.0,0.0,0.0,0.0,0.0,0.020833333333333332,0.08333333333333333,0.041666666666666664,0.2708333333333333,0.0,0.2916666666666667,0.0,0.0,0.0,human
63.7037037037037,3387.3936899862833,0.5768194070080862,0.7289719626168224,0.454320987654321,4.69811320754717,6.2107511569953715,0.0,200,0.0,0.0,0.010101010101010102,0.0,0.0,0.0,0.0,0.0,0.0,0.0,0.0,0.0,0.0,0.32323232323232326,0.0,0.0,0.0,0.0,0.0,0.0,0.0,0.0,0.010101010101010102,0.0,0.030303030303030304,0.20202020202020202,0.15151515151515152,0.0,0.25252525252525254,0.0,0.0,0.020202020202020204,human
145.16666666666666,6190.972222222223,0.5803108808290155,0.7946428571428571,0.528395061728395,4.541450777202073,5.792323283846546,0.0,207,0.0,0.0,0.0,0.0,0.0,0.0,0.0,0.0,0.0,0.0,0.0,0.0,0.0,0.4418604651162791,0.0,0.0,0.0,0.0,0.0,0.0,0.0,0.0,0.023255813953488372,0.0,0.023255813953488372,0.0,0.2558139534883721,0.0,0.2558139534883721,0.0,0.0,0.0,human
107.875,5383.984375,0.6295336787564767,0.8271604938271605,0.5661764705882353,4.505181347150259,5.265517195092485,0.0,214,0.0,0.0,0.0,0.0,0.0,0.0,0.0,0.0,0.0,0.0,0.0,0.0,0.0,0.3442622950819672,0.0,0.0,0.0,0.0,0.0,0.0,0.0,0.0,0.03278688524590164,0.0,0.03278688524590164,0.08196721311475409,0.2786885245901639,0.0,0.21311475409836064,0.0,0.0,0.01639344262295082,human
47.22222222222222,828.9506172839508,0.643979057591623,0.7926829268292683,0.5333333333333333,4.518324607329843,5.427674679970396,0.0,202,0.0,0.0,0.04580152671755725,0.0,0.0,0.0,0.0,0.0,0.0,0.0,0.0,0.0,0.0,0.183206106870229,0.0,0.0,0.0,0.0,0.0,0.0,0.0,0.0,0.0,0.0,0.061068702290076333,0.2824427480916031,0.16793893129770993,0.0,0.22900763358778625,0.0,0.0,0.030534351145038167,human
96.38888888888889,2050.793209876543,0.6031331592689295,0.8095238095238095,0.550251256281407,4.5718015665796345,5.555549495872219,0.0,203,0.0,0.0,0.0,0.0,0.0,0.0,0.0,0.0,0.0,0.0,0.0,0.0,0.0,0.25925925925925924,0.0,0.0,0.0,0.0,0.0,0.0,0.0,0.0,0.0,0.0,0.037037037037037035,0.1111111111111111,0.2777777777777778,0.0,0.2962962962962963,0.0,0.0,0.018518518518518517,human
115.93333333333334,9155.662222222221,0.5885416666666666,0.8185840707964602,0.5144927536231884,4.5625,6.54296875,0.0,208,0.0,0.0,0.028985507246376812,0.0,0.0,0.0,0.0,0.0,0.0,0.0,0.0,0.0,0.0,0.463768115942029,0.0,0.0,0.0,0.0,0.0,0.0,0.0,0.0,0.014492753623188406,0.0,0.0,0.08695652173913043,0.21739130434782608,0.0,0.17391304347826086,0.0,0.0,0.014492753623188406,human
115.26666666666667,6397.52888888889,0.596401028277635,0.8060344827586207,0.5409429280397022,4.4781491002570695,5.627414569028753,0.0,210,0.0,0.0,0.017857142857142856,0.0,0.0,0.0,0.0,0.0,0.0,0.0,0.0,0.0,0.0,0.26785714285714285,0.0,0.0,0.0,0.0,0.0,0.0,0.0,0.0,0.03571428571428571,0.0,0.0,0.14285714285714285,0.26785714285714285,0.0,0.26785714285714285,0.0,0.0,0.0,human
74.34782608695652,1528.0529300567107,0.5603015075376885,0.7623318385650224,0.4459770114942529,4.336683417085427,4.992171914850635,0.0,240,0.0,0.0,0.0,0.0,0.0,0.0,0.0,0.0,0.0,0.0,0.0,0.0,0.0,0.3103448275862069,0.0,0.0,0.0,0.0,0.0,0.0,0.0,0.0,0.0,0.0,0.008620689655172414,0.2672413793103448,0.19827586206896552,0.0,0.1724137931034483,0.0,0.0,0.04310344827586207,human
95.72222222222223,1341.7561728395062,0.5629820051413882,0.7579908675799086,0.48058252427184467,4.4627249357326475,5.215191546447619,0.0,224,0.0,0.0,0.0,0.0,0.0,0.0,0.0,0.0,0.0,0.0,0.0,0.0,0.0,0.2876712328767123,0.0,0.0,0.0,0.0,0.0,0.0,0.0,0.0,0.0273972602739726,0.0,0.0273972602739726,0.2328767123287671,0.1917808219178082,0.0,0.2328767123287671,0.0,0.0,0.0,human
157.72727272727272,4975.834710743802,0.5126903553299492,0.7524752475247525,0.4693396226415094,4.428934010152284,5.173883635239249,0.0,228,0.0,0.0,0.0,0.0,0.0,0.0,0.0,0.0,0.0,0.0,0.0,0.0,0.0,0.58,0.0,0.0,0.0,0.0,0.0,0.0,0.0,0.0,0.0,0.0,0.02,0.0,0.2,0.0,0.2,0.0,0.0,0.0,human
132.46153846153845,13183.78698224852,0.5447570332480819,0.7464788732394366,0.4963855421686747,4.429667519181586,4.823058457231442,0.0,220,0.0,0.0,0.0,0.0,0.0,0.0,0.0,0.0,0.0,0.0,0.0,0.0,0.0,0.5227272727272727,0.0,0.0,0.0,0.0,0.0,0.0,0.0,0.0,0.0,0.0,0.022727272727272728,0.0,0.22727272727272727,0.0,0.22727272727272727,0.0,0.0,0.0,human
107.8125,3696.40234375,0.5140664961636828,0.6915422885572139,0.4527363184079602,4.450127877237851,4.907359318685774,0.0,215,0.0,0.0,0.0,0.0,0.0,0.0,0.0,0.0,0.0,0.0,0.0,0.0,0.0,0.2777777777777778,0.0,0.0,0.0,0.0,0.0,0.0,0.0,0.0,0.0,0.0,0.027777777777777776,0.0,0.2777777777777778,0.0,0.4166666666666667,0.0,0.0,0.0,human
134.53846153846155,7131.171597633136,0.610079575596817,0.8260869565217391,0.5736434108527132,4.6710875331564985,6.188898817271634,0.0,189,0.0,0.0,0.0,0.0,0.0,0.0,0.0,0.0,0.0,0.0,0.0,0.0,0.0,0.23684210526315788,0.0,0.0,0.0,0.0,0.0,0.0,0.0,0.0,0.02631578947368421,0.0,0.02631578947368421,0.0,0.39473684210526316,0.0,0.3157894736842105,0.0,0.0,0.0,human
124.5,2507.6785714285716,0.58994708994709,0.7982062780269058,0.5598958333333334,4.645502645502646,4.964278715601466,0.0,194,0.0,0.0,0.0,0.0,0.0,0.0,0.0,0.0,0.0,0.0,0.0,0.0,0.0,0.1724137931034483,0.0,0.0,0.0,0.0,0.0,0.0,0.0,0.0,0.0,0.0,0.034482758620689655,0.06896551724137931,0.27586206896551724,0.0,0.4482758620689655,0.0,0.0,0.0,human
135.69230769230768,6627.136094674555,0.5895316804407713,0.8177570093457944,0.5261780104712042,4.892561983471074,6.128952940372925,0.0,180,0.0,0.0,0.0,0.0,0.0,0.0,0.0,0.0,0.0,0.0,0.0,0.0,0.0,0.3541666666666667,0.0,0.0,0.0,0.0,0.0,0.0,0.0,0.0,0.0,0.0,0.041666666666666664,0.0,0.3541666666666667,0.0,0.25,0.0,0.0,0.0,human
145.08333333333334,9986.576388888887,0.5853018372703412,0.820627802690583,0.542713567839196,4.5984251968503935,5.49490565647798,0.0,207,0.0,0.0,0.0,0.0,0.0,0.0,0.0,0.0,0.0,0.0,0.0,0.0,0.0,0.32608695652173914,0.0,0.0,0.0,0.0,0.0,0.0,0.0,0.0,0.0,0.0,0.08695652173913043,0.08695652173913043,0.2391304347826087,0.0,0.2608695652173913,0.0,0.0,0.0,human
91.42105263157895,2423.5069252077565,0.5718015665796344,0.8036529680365296,0.5205128205128206,4.582245430809399,5.433836211304188,0.0,198,0.0,0.0,0.0,0.0,0.0,0.0,0.0,0.0,0.0,0.0,0.0,0.0,0.0,0.125,0.0,0.0,0.0,0.0,0.0,0.0,0.0,0.0,0.0,0.0,0.05,0.0,0.375,0.0,0.45,0.0,0.0,0.0,human
59.793103448275865,1204.1640903686086,0.6181318681318682,0.7733333333333333,0.49869451697127937,4.818681318681318,6.159431228112548,0.0,189,0.0,0.0,0.027777777777777776,0.0,0.0,0.0,0.0,0.0,0.0,0.0,0.0,0.0,0.0,0.19444444444444445,0.0,0.0,0.0,0.0,0.0,0.0,0.0,0.0,0.0,0.0,0.0,0.3148148148148148,0.21296296296296297,0.0,0.24074074074074073,0.0,0.0,0.009259259259259259,human
116.26666666666667,6168.728888888888,0.6037234042553191,0.8281938325991189,0.5544041450777202,4.672872340425532,5.432881111362607,0.0,189,0.0,0.0,0.0,0.0,0.0,0.0,0.0,0.0,0.0,0.0,0.0,0.0,0.0,0.2631578947368421,0.0,0.0,0.0,0.0,0.0,0.0,0.0,0.0,0.0,0.0,0.0,0.10526315789473684,0.2631578947368421,0.0,0.34210526315789475,0.0,0.0,0.02631578947368421,human
96.0,7837.888888888889,0.5846560846560847,0.7828054298642534,0.5088607594936709,4.603174603174603,5.779037540942302,0.0,190,0.0,0.0,0.014925373134328358,0.0,0.0,0.0,0.0,0.0,0.0,0.0,0.0,0.0,0.0,0.2537313432835821,0.0,0.0,0.0,0.0,0.0,0.0,0.0,0.0,0.014925373134328358,0.014925373134328358,0.0,0.23880597014925373,0.22388059701492538,0.0,0.22388059701492538,0.0,0.0,0.014925373134328358,human
78.27272727272727,2156.1983471074377,0.5969387755102041,0.8076923076923077,0.5307125307125307,4.438775510204081,4.98094543940025,0.0,223,0.0,0.0,0.016666666666666666,0.0,0.0,0.0,0.0,0.0,0.0,0.0,0.0,0.0,0.0,0.23333333333333334,0.0,0.0,0.0,0.0,0.0,0.0,0.0,0.0,0.0,0.05,0.016666666666666666,0.16666666666666666,0.16666666666666666,0.0,0.3,0.0,0.0,0.05,human
65.6923076923077,3010.5207100591715,0.5656565656565656,0.7544642857142857,0.5012531328320802,4.376262626262626,4.8053961330476485,0.0,218,0.0,0.0,0.0,0.0,0.0,0.0,0.0,0.0,0.0,0.0,0.0,0.0,0.0,0.05,0.0,0.0,0.0,0.0,0.0,0.0,0.0,0.0,0.0,0.0,0.025,0.0,0.3,0.0,0.6,0.0,0.0,0.025,human
124.5,6967.535714285715,0.5782493368700266,0.8348623853211009,0.5526992287917738,4.657824933687003,5.76885786855603,0.0,200,0.0,0.0,0.0,0.0,0.0,0.0,0.0,0.0,0.0,0.0,0.0,0.0,0.0,0.2777777777777778,0.0,0.0,0.0,0.0,0.0,0.0,0.0,0.0,0.027777777777777776,0.0,0.05555555555555555,0.05555555555555555,0.2222222222222222,0.0,0.3611111111111111,0.0,0.0,0.0,human
78.72727272727273,2594.834710743802,0.5947368421052631,0.7743362831858407,0.5126903553299492,4.6078947368421055,6.164674515235457,0.0,195,0.0,0.0,0.028985507246376812,0.0,0.0,0.0,0.0,0.0,0.0,0.0,0.0,0.0,0.0,0.21739130434782608,0.0,0.0,0.0,0.0,0.0,0.0,0.0,0.0,0.014492753623188406,0.0,0.014492753623188406,0.2028985507246377,0.2318840579710145,0.0,0.2898550724637681,0.0,0.0,0.0,human
96.61111111111111,8804.126543209877,0.5894736842105263,0.7857142857142857,0.518796992481203,4.61578947368421,4.589224376731302,0.0,204,0.0,0.0,0.015873015873015872,0.0,0.0,0.0,0.0,0.0,0.0,0.0,0.0,0.0,0.0,0.25396825396825395,0.0,0.0,0.0,0.0,0.0,0.0,0.0,0.0,0.0,0.0,0.047619047619047616,0.19047619047619047,0.23809523809523808,0.0,0.25396825396825395,0.0,0.0,0.0,human
81.66666666666667,3835.1746031746034,0.5591939546599496,0.7297297297297297,0.4802955665024631,4.36272040302267,4.029642977241147,0.0,229,0.0,0.0,0.014285714285714285,0.0,0.0,0.0,0.0,0.0,0.0,0.0,0.0,0.0,0.0,0.18571428571428572,0.0,0.0,0.0,0.0,0.0,0.0,0.0,0.0,0.014285714285714285,0.0,0.0,0.2571428571428571,0.22857142857142856,0.0,0.2857142857142857,0.0,0.0,0.014285714285714285,human
69.04,1655.6384000000003,0.5887096774193549,0.776255707762557,0.5088607594936709,4.698924731182796,5.860966585732454,0.0,187,0.0,0.0,0.021052631578947368,0.0,0.0,0.0,0.0,0.0,0.0,0.0,0.0,0.0,0.0,0.24210526315789474,0.0,0.0,0.0,0.0,0.0,0.0,0.0,0.0,0.0,0.0,0.010526315789473684,0.25263157894736843,0.21052631578947367,0.0,0.25263157894736843,0.0,0.0,0.010526315789473684,human
133.76923076923077,9635.408284023668,0.5535248041775457,0.7594339622641509,0.49019607843137253,4.566579634464752,5.942695089611355,0.0,201,0.0,0.0,0.0,0.0,0.0,0.0,0.0,0.0,0.0,0.0,0.0,0.0,0.0,0.4,0.0,0.0,0.0,0.0,0.0,0.0,0.0,0.0,0.0,0.0,0.016666666666666666,0.13333333333333333,0.25,0.0,0.2,0.0,0.0,0.0,human
107.9375,7527.43359375,0.55,0.8133971291866029,0.49385749385749383,4.576315789473684,5.428386426592797,0.0,204,0.0,0.0,0.030303030303030304,0.0,0.0,0.0,0.0,0.0,0.0,0.0,0.0,0.0,0.0,0.4090909090909091,0.0,0.0,0.0,0.0,0.0,0.0,0.0,0.0,0.0,0.0,0.015151515151515152,0.07575757575757576,0.2878787878787879,0.0,0.18181818181818182,0.0,0.0,0.0,human
82.23809523809524,1998.2766439909299,0.6036745406824147,0.8260869565217391,0.5323383084577115,4.57742782152231,5.645579735603916,0.0,215,0.0,0.0,0.0,0.0,0.0,0.0,0.0,0.0,0.0,0.0,0.0,0.0,0.0,0.30303030303030304,0.0,0.0,0.0,0.0,0.0,0.0,0.0,0.0,0.0,0.0,0.015151515151515152,0.22727272727272727,0.15151515151515152,0.0,0.30303030303030304,0.0,0.0,0.0,human
123.78571428571429,6414.73979591837,0.5494791666666666,0.7677725118483413,0.4988066825775656,4.546875,5.482177734375,0.0,219,0.0,0.0,0.0,0.0,0.0,0.0,0.0,0.0,0.0,0.0,0.0,0.0,0.0,0.6415094339622641,0.0,0.0,0.0,0.0,0.0,0.0,0.0,0.0,0.0,0.0,0.018867924528301886,0.0,0.09433962264150944,0.0,0.24528301886792453,0.0,0.0,0.0,human
116.53333333333333,4990.515555555555,0.5806451612903226,0.7916666666666666,0.5124378109452736,4.736559139784946,6.054254827147647,0.0,206,0.0,0.0,0.0,0.0,0.0,0.0,0.0,0.0,0.0,0.0,0.0,0.0,0.0,0.43333333333333335,0.0,0.0,0.0,0.0,0.0,0.0,0.0,0.0,0.0,0.0,0.06666666666666667,0.03333333333333333,0.23333333333333334,0.0,0.23333333333333334,0.0,0.0,0.0,human
43.17142857142857,6015.62775510204,0.5465465465465466,0.7637362637362637,0.4843304843304843,4.636636636636637,6.099198297396495,0.0,170,0.0,0.0,0.0,0.0,0.0,0.0,0.0,0.0,0.0,0.0,0.0,0.0,0.0,0.2835820895522388,0.0,0.0,0.0,0.0,0.0,0.0,0.0,0.0,0.07462686567164178,0.0,0.014925373134328358,0.0,0.13432835820895522,0.0,0.4925373134328358,0.0,0.0,0.0,human
14.951612903225806,720.9492715920916,0.803921568627451,0.9085365853658537,0.6470588235294118,4.8431372549019605,5.58323721645521,0.0,64,0.0,0.0,0.0,0.0,0.0,0.0,0.0,0.0,0.0,0.0,0.04716981132075472,0.04716981132075472,0.0,0.14150943396226415,0.0,0.0,0.0,0.0,0.0,0.0,0.0,0.0,0.03773584905660377,0.009433962264150943,0.02830188679245283,0.018867924528301886,0.08490566037735849,0.0,0.5849056603773585,0.0,0.0,0.0,human
10.597826086956522,121.04477788279765,0.7806122448979592,0.869281045751634,0.48627450980392156,5.433673469387755,7.143559975010413,0.0,64,0.0,0.0,0.0,0.0,0.0,0.0,0.0,0.0,0.0,0.0,0.024539877300613498,0.024539877300613498,0.0,0.3496932515337423,0.0,0.0,0.0,0.0,0.0,0.0,0.0,0.0,0.0,0.0,0.018404907975460124,0.0,0.03067484662576687,0.0,0.5521472392638037,0.0,0.0,0.0,human
10.808510638297872,215.79311905839742,0.8682926829268293,0.9157303370786517,0.5950413223140496,5.390243902439025,7.301368233194528,0.0,60,0.0,0.0,0.00641025641025641,0.0,0.0,0.0,0.0,0.0,0.0,0.038461538461538464,0.057692307692307696,0.057692307692307696,0.0,0.21153846153846154,0.0,0.0,0.0,0.0,0.0,0.0,0.0,0.0,0.01282051282051282,0.0,0.02564102564102564,0.0,0.01282051282051282,0.0,0.5769230769230769,0.0,0.0,0.0,human
98.55555555555556,5854.46913580247,0.4897360703812317,0.6706586826347305,0.382183908045977,5.2404692082111435,10.393787463128113,0.02346041055718475,156,0.0,0.0,0.0,0.0,0.0,0.0,0.0,0.0,0.0,0.0,0.05128205128205128,0.05128205128205128,0.0,0.0,0.0,0.0,0.0,0.0,0.0,0.0,0.0,0.0,0.0,0.02564102564102564,0.0,0.0,0.38461538461538464,0.0,0.4358974358974359,0.0,0.05128205128205128,0.0,human
97.83333333333333,5982.916666666667,0.4638888888888889,0.6347305389221557,0.40599455040871935,4.938888888888889,7.5240432098765435,0.022222222222222223,169,0.0,0.0,0.0,0.0,0.0,0.0,0.0,0.0,0.0,0.0,0.02631578947368421,0.02631578947368421,0.0,0.0,0.0,0.0,0.0,0.0,0.0,0.0,0.0,0.0,0.0,0.0,0.0,0.0,0.3157894736842105,0.0,0.631578947368421,0.0,0.0,0.0,human
109.1875,8777.90234375,0.47674418604651164,0.6402439024390244,0.3923705722070845,5.116279069767442,8.300432666306111,0.020348837209302327,166,0.0,0.0,0.0,0.0,0.0,0.0,0.0,0.0,0.0,0.0,0.03636363636363636,0.03636363636363636,0.0,0.01818181818181818,0.0,0.0,0.0,0.0,0.0,0.0,0.0,0.0,0.0,0.03636363636363636,0.0,0.0,0.23636363636363636,0.0,0.6363636363636364,0.0,0.0,0.0,human
107.375,10000.609375,0.528023598820059,0.7374301675977654,0.44972067039106145,5.109144542772861,8.581007822765205,0.029498525073746312,143,0.0,0.0,0.0,0.0,0.0,0.0,0.015873015873015872,0.0,0.0,0.0,0.031746031746031744,0.031746031746031744,0.0,0.0,0.0,0.0,0.0,0.0,0.0,0.0,0.0,0.0,0.0,0.015873015873015872,0.0,0.0,0.36507936507936506,0.0,0.5396825396825397,0.0,0.0,0.0,human
102.8125,10285.77734375,0.5398773006134969,0.7045454545454546,0.47761194029850745,5.088957055214724,8.596381120855131,0.02147239263803681,145,0.0,0.0,0.0,0.0,0.0,0.0,0.0,0.0,0.0,0.0,0.02040816326530612,0.02040816326530612,0.0,0.02040816326530612,0.0,0.0,0.0,0.0,0.0,0.0,0.0,0.0,0.0,0.0,0.0,0.0,0.40816326530612246,0.0,0.5102040816326531,0.0,0.02040816326530612,0.0,human
126.57142857142857,8100.3877551020405,0.5596590909090909,0.7055837563451777,0.4049586776859504,5.0710227272727275,9.00916031766529,0.005681818181818182,172,0.0,0.0,0.0,0.0,0.0,0.0,0.0,0.0,0.0,0.0,0.018518518518518517,0.018518518518518517,0.0,0.05555555555555555,0.0,0.0,0.0,0.0,0.0,0.0,0.0,0.0,0.0,0.0,0.0,0.0,0.4444444444444444,0.0,0.46296296296296297,0.0,0.0,0.0,human
128.92857142857142,19170.7806122449,0.5569620253164557,0.7727272727272727,0.5092592592592593,5.746835443037975,10.372616567857715,0.028481012658227847,130,0.0,0.0,0.0,0.0,0.0,0.0,0.0,0.0,0.0,0.0,0.10869565217391304,0.10869565217391304,0.0,0.06521739130434782,0.0,0.0,0.0,0.0,0.0,0.0,0.0,0.0,0.0,0.021739130434782608,0.0,0.0,0.3695652173913043,0.0,0.32608695652173914,0.0,0.0,0.0,human
89.55,4052.3475000000008,0.63125,0.7623762376237624,0.5595238095238095,5.65,11.9525,0.003125,124,0.0,0.0,0.0,0.0,0.0,0.04878048780487805,0.0,0.0,0.0,0.0,0.04878048780487805,0.04878048780487805,0.0,0.07317073170731707,0.0,0.0,0.0,0.0,0.0,0.0,0.0,0.0,0.0,0.0,0.0,0.0,0.17073170731707318,0.0,0.5609756097560976,0.0,0.04878048780487805,0.0,human
59.214285714285715,2538.09693877551,0.6837060702875399,0.7990654205607477,0.5572755417956656,5.348242811501597,9.843583174269412,0.01597444089456869,121,0.0,0.0,0.0,0.0,0.016129032258064516,0.0,0.0,0.0,0.0,0.0967741935483871,0.0,0.0,0.0,0.016129032258064516,0.0,0.0,0.0,0.0,0.016129032258064516,0.016129032258064516,0.0,0.0,0.0,0.16129032258064516,0.0,0.0,0.22580645161290322,0.0,0.4032258064516129,0.0,0.04838709677419355,0.0,human
55.766666666666666,1607.5122222222224,0.6721763085399449,0.8319672131147541,0.6117021276595744,4.672176308539945,5.983440718226594,0.0,175,0.0,0.0,0.020833333333333332,0.0,0.0,0.010416666666666666,0.0,0.0,0.0,0.052083333333333336,0.010416666666666666,0.010416666666666666,0.020833333333333332,0.125,0.0,0.0,0.0,0.0,0.010416666666666666,0.010416666666666666,0.0,0.0,0.0,0.010416666666666666,0.052083333333333336,0.09375,0.3020833333333333,0.0,0.2604166666666667,0.0,0.0,0.010416666666666666,human
62.642857142857146,1577.5867346938778,0.7175792507204611,0.8313253012048193,0.5945205479452055,5.109510086455331,6.622013304653306,0.0,150,0.0,0.0,0.00819672131147541,0.0,0.0,0.0,0.0,0.0,0.0,0.0,0.0,0.0,0.0,0.06557377049180328,0.0,0.0,0.0,0.0,0.0,0.0,0.0,0.0,0.0,0.0,0.18032786885245902,0.26229508196721313,0.26229508196721313,0.0,0.22131147540983606,0.0,0.0,0.0,human
41.24390243902439,1021.1600237953601,0.6908077994428969,0.8064516129032258,0.5319148936170213,4.782729805013927,5.841373049557343,0.0,165,0.0,0.0,0.0457516339869281,0.0,0.0,0.0,0.0,0.0,0.0,0.032679738562091505,0.0,0.0,0.0,0.0457516339869281,0.0,0.0,0.0,0.0,0.0,0.0,0.0,0.0,0.0,0.0,0.1111111111111111,0.3202614379084967,0.2222222222222222,0.0,0.1503267973856209,0.0,0.0,0.0718954248366013,human
36.17391304347826,728.7958412098301,0.7155425219941349,0.819672131147541,0.5786516853932584,4.970674486803519,7.524066700492773,0.0,150,0.0,0.0,0.0641025641025641,0.0,0.0,0.0,0.0,0.0,0.0,0.0641025641025641,0.0,0.0,0.0,0.10256410256410256,0.0,0.0,0.0,0.0,0.0,0.0,0.0,0.0,0.0,0.0,0.08974358974358974,0.30128205128205127,0.11538461538461539,0.0,0.22435897435897437,0.0,0.0,0.038461538461538464,human
43.05128205128205,800.9717291255755,0.6864864864864865,0.7913385826771654,0.5435356200527705,4.608108108108108,5.427501826150475,0.0,174,0.0,0.0,0.051094890510948905,0.0,0.0,0.0,0.0,0.0,0.0,0.0364963503649635,0.0,0.0,0.0,0.029197080291970802,0.0,0.0,0.0,0.0,0.0,0.0,0.0,0.0,0.0072992700729927005,0.0,0.10218978102189781,0.32116788321167883,0.18248175182481752,0.0,0.24087591240875914,0.0,0.0,0.029197080291970802,human
39.30232558139535,658.7690643591129,0.7146974063400576,0.842741935483871,0.6067415730337079,4.962536023054755,6.433754951872368,0.0,151,0.0,0.0,0.022222222222222223,0.0,0.0,0.0,0.0,0.0,0.0,0.037037037037037035,0.0,0.0,0.0,0.08148148148148149,0.0,0.0,0.0,0.0,0.0,0.0,0.0,0.0,0.0,0.0,0.06666666666666667,0.3037037037037037,0.17037037037037037,0.0,0.2814814814814815,0.0,0.0,0.037037037037037035,human
44.473684210526315,876.3019390581716,0.7091412742382271,0.8125,0.5669291338582677,4.759002770083103,6.243859393344127,0.0,184,0.0,0.0,0.014388489208633094,0.0,0.0,0.0,0.0,0.0,0.0,0.03597122302158273,0.0,0.0,0.014388489208633094,0.03597122302158273,0.0,0.0,0.0,0.0,0.0,0.0,0.0,0.0,0.0,0.007194244604316547,0.16546762589928057,0.28776978417266186,0.16546762589928057,0.0,0.23741007194244604,0.0,0.0,0.03597122302158273,human
40.714285714285715,1203.8231292517003,0.6752873563218391,0.825531914893617,0.5524861878453039,5.005747126436781,8.25284053375611,0.0,170,0.0,0.0,0.00819672131147541,0.0,0.0,0.0,0.0,0.0,0.0,0.040983606557377046,0.0,0.0,0.0,0.040983606557377046,0.0,0.0,0.0,0.0,0.0,0.0,0.0,0.0,0.0,0.00819672131147541,0.11475409836065574,0.22950819672131148,0.22131147540983606,0.0,0.29508196721311475,0.0,0.0,0.040983606557377046,human
42.1,749.6400000000001,0.6720430107526881,0.792,0.5398457583547558,4.604838709677419,6.314277662157474,0.0,196,0.0,0.0,0.014925373134328358,0.0,0.0,0.0,0.0,0.0,0.0,0.03731343283582089,0.0,0.0,0.0,0.05970149253731343,0.0,0.0,0.0,0.0,0.0,0.0,0.0,0.0,0.007462686567164179,0.007462686567164179,0.14925373134328357,0.27611940298507465,0.17164179104477612,0.0,0.26865671641791045,0.0,0.0,0.007462686567164179,human
39.2093023255814,851.4213088155757,0.6973293768545994,0.8042553191489362,0.5677233429394812,5.094955489614243,5.97911401879034,0.0,136,0.0,0.0,0.0,0.0,0.0,0.0,0.0,0.0,0.0,0.03125,0.0,0.0,0.0,0.01875,0.0,0.0,0.0,0.0,0.0,0.0,0.0,0.0,0.0,0.0,0.0875,0.375,0.1875,0.0,0.2375,0.0,0.0,0.0625,human
43.1025641025641,917.9381985535831,0.6216216216216216,0.7391304347826086,0.5025773195876289,4.618918918918919,6.54937180423667,0.0,202,0.0,0.0,0.031007751937984496,0.0,0.0,0.0,0.0,0.0,0.0,0.03875968992248062,0.0,0.0,0.0,0.05426356589147287,0.0,0.0,0.0,0.0,0.0,0.0,0.0,0.0,0.007751937984496124,0.0,0.1937984496124031,0.24806201550387597,0.13953488372093023,0.0,0.24806201550387597,0.0,0.0,0.03875968992248062,human
44.31578947368421,619.163434903047,0.6611570247933884,0.7375,0.5347593582887701,4.705234159779614,6.841487755086553,0.0,172,0.0,0.0,0.04285714285714286,0.0,0.0,0.0,0.0,0.0,0.0,0.03571428571428571,0.0,0.0,0.014285714285714285,0.007142857142857143,0.0,0.0,0.0,0.0,0.0,0.0,0.0,0.0,0.0,0.0,0.12142857142857143,0.34285714285714286,0.17857142857142858,0.0,0.22857142857142856,0.0,0.0,0.02857142857142857,human
44.3421052631579,983.5934903047091,0.6834733893557423,0.7991803278688525,0.5243243243243243,4.773109243697479,6.466727867617634,0.0,174,0.0,0.0,0.0058823529411764705,0.0,0.0,0.0,0.0,0.0,0.0,0.029411764705882353,0.0,0.0,0.0,0.058823529411764705,0.0,0.0,0.0,0.0,0.0,0.0,0.0,0.0,0.0,0.0,0.09411764705882353,0.38235294117647056,0.2235294117647059,0.0,0.15294117647058825,0.0,0.0,0.052941176470588235,human
52.5,924.1875,0.6036745406824147,0.7521739130434782,0.45588235294117646,4.475065616797901,5.577462266035644,0.0,209,0.0,0.0,0.034782608695652174,0.0,0.0,0.0,0.0,0.0,0.0,0.043478260869565216,0.0,0.0,0.0,0.043478260869565216,0.0,0.0,0.0,0.0,0.0,0.0,0.0,0.0,0.008695652173913044,0.0,0.2608695652173913,0.1826086956521739,0.1826086956521739,0.0,0.23478260869565218,0.0,0.0,0.008695652173913044,human
53.125,1489.171875,0.6862745098039216,0.8122448979591836,0.5775401069518716,4.829131652661064,7.6150617109588925,0.0,168,0.0,0.0,0.02586206896551724,0.0,0.0,0.0,0.0,0.0,0.0,0.04310344827586207,0.0,0.0,0.0,0.034482758620689655,0.0,0.0,0.0,0.0,0.0,0.0,0.0,0.0,0.017241379310344827,0.0,0.15517241379310345,0.2413793103448276,0.2413793103448276,0.0,0.23275862068965517,0.0,0.0,0.008620689655172414,human
48.285714285714285,608.8897959183673,0.6821917808219178,0.7911646586345381,0.5447368421052632,4.684931506849315,5.2568962281854,0.0,172,0.0,0.0,0.041379310344827586,0.0,0.0,0.0,0.0,0.0,0.0,0.034482758620689655,0.0,0.0,0.027586206896551724,0.05517241379310345,0.0,0.0,0.0,0.0,0.0,0.0,0.0,0.0,0.013793103448275862,0.0,0.11724137931034483,0.31724137931034485,0.2,0.0,0.1793103448275862,0.0,0.0,0.013793103448275862,human
52.625,1368.296875,0.623342175066313,0.7659574468085106,0.5130208333333334,4.522546419098143,5.35293993484792,0.0,188,0.0,0.0,0.0,0.0,0.0,0.0,0.0,0.0,0.0,0.046296296296296294,0.0,0.0,0.0,0.0,0.0,0.0,0.0,0.0,0.0,0.0,0.0,0.0,0.018518518518518517,0.009259259259259259,0.10185185185185185,0.2962962962962963,0.2037037037037037,0.0,0.25925925925925924,0.0,0.0,0.06481481481481481,human
36.30434782608695,395.68998109640825,0.6648793565683646,0.7903225806451613,0.5154639175257731,4.57372654155496,5.2794169439872345,0.0,177,0.0,0.0,0.046357615894039736,0.0,0.0,0.0,0.0,0.0,0.0,0.033112582781456956,0.0,0.0,0.039735099337748346,0.06622516556291391,0.0,0.0,0.0,0.0,0.0,0.0,0.0,0.0,0.0,0.0,0.07947019867549669,0.24503311258278146,0.16556291390728478,0.0,0.2913907284768212,0.0,0.0,0.033112582781456956,human
44.26315789473684,573.3518005540167,0.673352435530086,0.7957446808510639,0.5464788732394367,4.893982808022923,5.940049753286098,0.0,149,0.0,0.0,0.037037037037037035,0.0,0.0,0.0,0.0,0.0,0.0,0.08148148148148149,0.0,0.0,0.0,0.037037037037037035,0.0,0.0,0.0,0.0,0.0,0.0,0.0,0.0,0.0,0.0,0.08148148148148149,0.2814814814814815,0.23703703703703705,0.0,0.1925925925925926,0.0,0.0,0.05185185185185185,human
93.36842105263158,6163.390581717452,0.5252225519287834,0.6779661016949152,0.4057971014492754,5.3056379821958455,10.093529044017293,0.017804154302670624,152,0.0,0.0,0.022222222222222223,0.0,0.0,0.0,0.0,0.0,0.0,0.0,0.06666666666666667,0.06666666666666667,0.0,0.0,0.0,0.0,0.0,0.0,0.0,0.0,0.0,0.0,0.0,0.022222222222222223,0.0,0.0,0.35555555555555557,0.0,0.4222222222222222,0.0,0.044444444444444446,0.0,human
92.21052631578948,6326.481994459835,0.44565217391304346,0.6280487804878049,0.392,4.809782608695652,7.452947778827978,0.02717391304347826,178,0.0,0.0,0.0,0.0,0.0,0.0,0.0,0.0,0.0,0.0,0.029411764705882353,0.029411764705882353,0.0,0.0,0.0,0.0,0.0,0.0,0.0,0.0,0.0,0.0,0.0,0.0,0.0,0.0,0.20588235294117646,0.0,0.7352941176470589,0.0,0.0,0.0,human
116.73333333333333,9000.46222222222,0.4897360703812317,0.6407185628742516,0.41208791208791207,5.170087976539589,8.581040754723471,0.017595307917888565,163,0.0,0.0,0.0,0.0,0.0,0.0,0.0,0.0,0.0,0.0,0.03389830508474576,0.03389830508474576,0.0,0.01694915254237288,0.0,0.0,0.0,0.0,0.0,0.0,0.0,0.0,0.0,0.03389830508474576,0.0,0.0,0.3050847457627119,0.0,0.576271186440678,0.0,0.0,0.0,human
108.5,9696.75,0.4868804664723032,0.7065868263473054,0.4198895027624309,5.1020408163265305,8.534777176176592,0.03206997084548105,149,0.0,0.0,0.0,0.0,0.0,0.0,0.01639344262295082,0.0,0.0,0.0,0.01639344262295082,0.01639344262295082,0.0,0.0,0.0,0.0,0.0,0.0,0.0,0.0,0.0,0.0,0.0,0.01639344262295082,0.0,0.0,0.3770491803278688,0.0,0.5573770491803278,0.0,0.0,0.0,human
108.6,6128.240000000001,0.5294117647058824,0.6783625730994152,0.4696969696969697,5.08359133126935,8.293322086859838,0.021671826625386997,141,0.0,0.0,0.0,0.0,0.0,0.0,0.0,0.0,0.0,0.0,0.044444444444444446,0.044444444444444446,0.0,0.022222222222222223,0.0,0.0,0.0,0.0,0.0,0.0,0.0,0.0,0.0,0.0,0.0,0.0,0.37777777777777777,0.0,0.4888888888888889,0.0,0.022222222222222223,0.0,human
118.0,9050.266666666666,0.5754985754985755,0.7128712871287128,0.4230769230769231,5.082621082621083,8.947589711122475,0.005698005698005698,169,0.0,0.0,0.0,0.0,0.0,0.0,0.0,0.0,0.0,0.0,0.01694915254237288,0.01694915254237288,0.0,0.05084745762711865,0.0,0.0,0.0,0.0,0.0,0.0,0.0,0.0,0.0,0.0,0.0,0.0,0.4406779661016949,0.0,0.4745762711864407,0.0,0.0,0.0,human
128.71428571428572,19713.204081632655,0.54375,0.7586206896551724,0.49538461538461537,5.66875,10.2965234375,0.028125,135,0.0,0.0,0.0,0.0,0.0,0.0,0.0,0.0,0.0,0.0,0.06976744186046512,0.06976744186046512,0.0,0.046511627906976744,0.0,0.0,0.0,0.0,0.0,0.0,0.0,0.0,0.0,0.023255813953488372,0.0,0.0,0.4186046511627907,0.0,0.37209302325581395,0.0,0.0,0.0,human
105.76470588235294,4363.003460207612,0.6151419558359621,0.7743589743589744,0.5522388059701493,5.712933753943218,12.425479405706097,0.0031545741324921135,126,0.0,0.0,0.0,0.0,0.0,0.04878048780487805,0.0,0.0,0.0,0.0,0.0975609756097561,0.0975609756097561,0.0,0.0975609756097561,0.0,0.0,0.0,0.0,0.0,0.0,0.0,0.0,0.0,0.0,0.0,0.0,0.17073170731707318,0.0,0.43902439024390244,0.0,0.04878048780487805,0.0,human
62.5,2328.6785714285716,0.6737160120845922,0.8026905829596412,0.5581395348837209,5.341389728096677,9.69312072726609,0.015105740181268883,128,0.0,0.0,0.0,0.0,0.015625,0.0,0.0,0.0,0.0,0.046875,0.0,0.0,0.0,0.03125,0.0,0.0,0.0,0.0,0.015625,0.015625,0.0,0.0,0.0,0.171875,0.0,0.0,0.21875,0.0,0.4375,0.0,0.046875,0.0,human
69.82608695652173,4151.969754253309,0.6747720364741642,0.8243243243243243,0.6190476190476191,4.930091185410334,6.496632514481574,0.0,144,0.0,0.0,0.0,0.0,0.0,0.0,0.0,0.0,0.0,0.047619047619047616,0.015873015873015872,0.015873015873015872,0.09523809523809523,0.07936507936507936,0.0,0.0,0.0,0.0,0.015873015873015872,0.015873015873015872,0.0,0.0,0.0,0.031746031746031744,0.047619047619047616,0.0,0.30158730158730157,0.0,0.3333333333333333,0.0,0.0,0.0,human
52.1875,1652.77734375,0.6578947368421053,0.804,0.5637755102040817,4.457894736842105,5.137700831024931,0.0,190,0.0,0.0,0.017094017094017096,0.0,0.0,0.0,0.0,0.0,0.0,0.042735042735042736,0.0,0.0,0.0,0.02564102564102564,0.0,0.0,0.0,0.0,0.0,0.0,0.0,0.0,0.008547008547008548,0.008547008547008548,0.1282051282051282,0.24786324786324787,0.2222222222222222,0.0,0.2905982905982906,0.0,0.0,0.008547008547008548,human
45.486486486486484,1447.6552227903578,0.7178082191780822,0.8129770992366412,0.6026666666666667,4.682191780821918,5.411326702946144,0.0,167,0.0,0.0,0.0,0.0,0.0,0.0,0.0,0.0,0.0,0.04310344827586207,0.0,0.0,0.0,0.034482758620689655,0.0,0.0,0.0,0.0,0.0,0.0,0.0,0.0,0.0,0.0,0.11206896551724138,0.23275862068965517,0.25862068965517243,0.0,0.2413793103448276,0.0,0.0,0.07758620689655173,human
58.275862068965516,3470.337693222354,0.6331360946745562,0.7990654205607477,0.6006006006006006,5.076923076923077,10.810650887573965,0.0,143,0.0,0.0,0.0,0.0,0.0,0.0,0.0,0.0,0.0,0.1388888888888889,0.0,0.0,0.0,0.08333333333333333,0.0,0.0,0.0,0.0,0.0,0.0,0.0,0.0,0.0,0.027777777777777776,0.013888888888888888,0.0,0.375,0.0,0.2638888888888889,0.0,0.0,0.09722222222222222,human
39.51162790697674,1045.5521903731747,0.6702127659574468,0.8214285714285714,0.5298507462686567,4.595744680851064,5.613173381620643,0.0,189,0.0,0.0,0.0,0.0,0.0,0.0,0.0,0.0,0.0,0.0,0.0,0.0,0.0,0.05925925925925926,0.0,0.0,0.0,0.0,0.0,0.0,0.0,0.0,0.0,0.0,0.14814814814814814,0.28888888888888886,0.1925925925925926,0.0,0.23703703703703705,0.0,0.0,0.07407407407407407,human
54.354838709677416,1479.0031217481792,0.6349206349206349,0.8083333333333333,0.5769230769230769,4.515873015873016,6.080435878054926,0.0,191,0.0,0.0,0.0,0.0,0.0,0.0,0.0,0.0,0.0,0.053763440860215055,0.0,0.0,0.0,0.06451612903225806,0.0,0.0,0.0,0.0,0.0,0.0,0.0,0.0,0.0,0.0,0.11827956989247312,0.20430107526881722,0.20430107526881722,0.0,0.3118279569892473,0.0,0.0,0.043010752688172046,human
44.60526315789474,1604.9231301939055,0.6694444444444444,0.8298755186721992,0.5471698113207547,4.786111111111111,7.068140432098764,0.0,172,0.0,0.0,0.0,0.0,0.0,0.0,0.0,0.0,0.0,0.0390625,0.0,0.0,0.015625,0.0390625,0.0,0.0,0.0,0.0,0.0,0.0,0.0,0.0,0.0,0.0,0.1015625,0.2578125,0.2109375,0.0,0.3203125,0.0,0.0,0.015625,human
47.82857142857143,1175.6848979591844,0.6201550387596899,0.7791666666666667,0.5139240506329114,4.3824289405684755,5.429975495596552,0.0,197,0.0,0.0,0.0,0.0,0.0,0.0,0.0,0.0,0.0,0.046296296296296294,0.0,0.0,0.0,0.009259259259259259,0.0,0.0,0.0,0.0,0.0,0.0,0.0,0.0,0.0,0.0,0.12962962962962962,0.25925925925925924,0.19444444444444445,0.0,0.2962962962962963,0.0,0.0,0.06481481481481481,human
57.56666666666667,1773.912222222222,0.6577380952380952,0.8190045248868778,0.5763688760806917,5.211309523809524,9.214276856575964,0.0,162,0.0,0.0,0.0,0.0,0.0,0.0,0.0,0.0,0.0,0.056179775280898875,0.011235955056179775,0.011235955056179775,0.0898876404494382,0.07865168539325842,0.0,0.0,0.0,0.0,0.0,0.0,0.0,0.0,0.0,0.0,0.10112359550561797,0.10112359550561797,0.20224719101123595,0.0,0.34831460674157305,0.0,0.0,0.0,human
49.4,1697.6685714285718,0.6721311475409836,0.8048780487804879,0.5463917525773195,4.795081967213115,7.403363791095582,0.0,197,0.0,0.0,0.0,0.0,0.0,0.0,0.0,0.0,0.0,0.0,0.0,0.0,0.017543859649122806,0.07894736842105263,0.0,0.0,0.0,0.0,0.0,0.0,0.0,0.0,0.008771929824561403,0.008771929824561403,0.14035087719298245,0.21929824561403508,0.14912280701754385,0.0,0.3333333333333333,0.0,0.0,0.043859649122807015,human
58.58620689655172,2324.0356718192634,0.6373626373626373,0.7931034482758621,0.5582655826558266,4.728021978021978,6.857346636879604,0.0,170,0.0,0.0,0.0,0.0,0.0,0.0,0.0,0.0,0.0,0.05154639175257732,0.0,0.0,0.020618556701030927,0.08247422680412371,0.0,0.0,0.0,0.0,0.0,0.0,0.0,0.0,0.010309278350515464,0.0,0.08247422680412371,0.2268041237113402,0.14432989690721648,0.0,0.3402061855670103,0.0,0.0,0.041237113402061855,human
72.5,2461.6666666666665,0.6611111111111111,0.8235294117647058,0.592391304347826,4.8805555555555555,6.927399691358025,0.0,176,0.0,0.0,0.0,0.0,0.0,0.0,0.0,0.0,0.0,0.0,0.0,0.0,0.0,0.05194805194805195,0.0,0.0,0.0,0.0,0.0,0.0,0.0,0.0,0.025974025974025976,0.012987012987012988,0.06493506493506493,0.24675324675324675,0.2987012987012987,0.0,0.2987012987012987,0.0,0.0,0.0,human
43.73684210526316,2007.1412742382279,0.6703601108033241,0.8429752066115702,0.5757575757575758,4.67590027700831,6.2910812532132185,0.0,173,0.0,0.0,0.0,0.0,0.0,0.0,0.0,0.0,0.0,0.08403361344537816,0.0,0.0,0.0,0.0,0.0,0.0,0.0,0.0,0.0,0.0,0.0,0.0,0.04201680672268908,0.0,0.1092436974789916,0.2184873949579832,0.15126050420168066,0.0,0.36134453781512604,0.0,0.0,0.03361344537815126,human
62.75,1967.9017857142858,0.727810650887574,0.8536585365853658,0.6371428571428571,5.266272189349112,7.7930044466230175,0.0,146,0.0,0.0,0.0,0.0,0.0,0.0,0.0,0.0,0.0,0.0,0.0,0.0,0.043010752688172046,0.08602150537634409,0.0,0.0,0.0,0.0,0.0,0.0,0.0,0.0,0.0,0.0,0.07526881720430108,0.16129032258064516,0.3010752688172043,0.0,0.3010752688172043,0.0,0.0,0.03225806451612903,human
57.44827586206897,2164.178359096314,0.6918767507002801,0.854251012145749,0.6253521126760564,4.719887955182073,6.369716514056602,0.0,179,0.0,0.0,0.0,0.0,0.0,0.0,0.0,0.0,0.0,0.09174311926605505,0.0,0.0,0.03669724770642202,0.03669724770642202,0.0,0.0,0.0,0.0,0.0,0.0,0.0,0.0,0.0,0.009174311926605505,0.05504587155963303,0.23853211009174313,0.28440366972477066,0.0,0.2018348623853211,0.0,0.0,0.045871559633027525,human
35.08510638297872,689.9076505205976,0.644808743169399,0.7966101694915254,0.553475935828877,4.592896174863388,5.787818388127445,0.0,184,0.0,0.0,0.006172839506172839,0.0,0.0,0.0,0.0,0.0,0.0,0.030864197530864196,0.0,0.0,0.012345679012345678,0.024691358024691357,0.0,0.0,0.0,0.0,0.0,0.0,0.0,0.0,0.006172839506172839,0.0,0.08024691358024691,0.29012345679012347,0.19753086419753085,0.0,0.3271604938271605,0.0,0.0,0.024691358024691357,human
59.035714285714285,2143.03443877551,0.6335078534031413,0.8388429752066116,0.5394736842105263,4.37958115183246,5.738117102053123,0.0,200,0.0,0.0,0.0,0.0,0.0,0.0,0.0,0.0,0.0,0.10416666666666667,0.0,0.0,0.020833333333333332,0.08333333333333333,0.0,0.0,0.0,0.0,0.0,0.0,0.0,0.0,0.020833333333333332,0.010416666666666666,0.041666666666666664,0.11458333333333333,0.25,0.0,0.3229166666666667,0.0,0.0,0.03125,human
40.523809523809526,851.5351473922906,0.6657963446475196,0.7725490196078432,0.5269607843137255,4.5248041775456915,5.774188930321973,0.0,206,0.0,0.0,0.013986013986013986,0.0,0.0,0.0,0.0,0.0,0.0,0.0,0.0,0.0,0.027972027972027972,0.027972027972027972,0.0,0.0,0.0,0.0,0.0,0.0,0.0,0.0,0.0,0.0,0.16083916083916083,0.23076923076923078,0.17482517482517482,0.0,0.3146853146853147,0.0,0.0,0.04895104895104895,human
43.28947368421053,1550.7319944598341,0.6358695652173914,0.8333333333333334,0.5618279569892473,4.548913043478261,7.285650992438563,0.0,186,0.0,0.0,0.020202020202020204,0.0,0.0,0.0,0.0,0.0,0.0,0.10101010101010101,0.0,0.0,0.0,0.010101010101010102,0.0,0.0,0.0,0.0,0.0,0.0,0.0,0.0,0.010101010101010102,0.010101010101010102,0.13131313131313133,0.20202020202020202,0.1414141414141414,0.0,0.35353535353535354,0.0,0.0,0.020202020202020204,human
30.727272727272727,511.68925619834715,0.6684782608695652,0.7764227642276422,0.5165394402035624,4.692934782608695,5.707341387051038,0.0,198,0.0,0.0,0.0,0.0,0.0,0.0,0.0,0.0,0.0,0.0,0.0,0.0,0.023529411764705882,0.03529411764705882,0.0,0.0,0.0,0.0,0.0,0.0,0.0,0.0,0.0,0.0,0.15294117647058825,0.2411764705882353,0.12941176470588237,0.0,0.34705882352941175,0.0,0.0,0.07058823529411765,human
45.75675675675676,971.6435354273191,0.6638888888888889,0.7866108786610879,0.5667574931880109,4.786111111111111,7.707029320987653,0.0,187,0.0,0.0,0.0,0.0,0.0,0.0,0.0,0.0,0.0,0.04950495049504951,0.0,0.0,0.019801980198019802,0.0594059405940594,0.0,0.0,0.0,0.0,0.0,0.0,0.0,0.0,0.0,0.0,0.07920792079207921,0.16831683168316833,0.24752475247524752,0.0,0.32673267326732675,0.0,0.0,0.04950495049504951,human
53.4375,3083.49609375,0.6647727272727273,0.7991452991452992,0.571830985915493,4.934659090909091,7.2258442019628095,0.0,159,0.0,0.0,0.0,0.0,0.0,0.0,0.0,0.0,0.0,0.05747126436781609,0.011494252873563218,0.011494252873563218,0.06896551724137931,0.022988505747126436,0.0,0.0,0.0,0.0,0.0,0.0,0.0,0.0,0.011494252873563218,0.022988505747126436,0.09195402298850575,0.09195402298850575,0.1839080459770115,0.0,0.39080459770114945,0.0,0.0,0.034482758620689655,human
40.80487804878049,1412.352171326591,0.6569148936170213,0.8016194331983806,0.5421052631578948,4.526595744680851,6.190782028066997,0.0,198,0.0,0.0,0.0,0.0,0.0,0.0,0.0,0.0,0.0,0.03816793893129771,0.0,0.0,0.030534351145038167,0.007633587786259542,0.0,0.0,0.0,0.0,0.0,0.0,0.0,0.0,0.015267175572519083,0.0,0.08396946564885496,0.22137404580152673,0.20610687022900764,0.0,0.3511450381679389,0.0,0.0,0.04580152671755725,human
31.71698113207547,638.0519757920968,0.6666666666666666,0.8104838709677419,0.5260416666666666,4.610215053763441,6.759358018268008,0.0,201,0.0,0.0,0.03067484662576687,0.0,0.0,0.0,0.0,0.0,0.0,0.0,0.0,0.0,0.012269938650306749,0.018404907975460124,0.0,0.0,0.0,0.0,0.0,0.0,0.0,0.0,0.0,0.0,0.0736196319018405,0.31901840490797545,0.147239263803681,0.0,0.36809815950920244,0.0,0.0,0.03067484662576687,human
41.19512195121951,919.8643664485426,0.6531165311653117,0.7842323651452282,0.5608465608465608,4.658536585365853,6.620530107740102,0.0,191,0.0,0.0,0.00909090909090909,0.0,0.0,0.0,0.0,0.0,0.0,0.045454545454545456,0.0,0.0,0.01818181818181818,0.01818181818181818,0.0,0.0,0.0,0.0,0.0,0.0,0.0,0.0,0.0,0.0,0.12727272727272726,0.21818181818181817,0.17272727272727273,0.0,0.35454545454545455,0.0,0.0,0.03636363636363636,human
62.7037037037037,2834.43072702332,0.6563380281690141,0.776824034334764,0.5472222222222223,4.816901408450704,7.056615750843086,0.005633802816901409,177,0.0,0.0,0.0125,0.0,0.0,0.0,0.0,0.0,0.0,0.075,0.0125,0.0125,0.0,0.025,0.0,0.0,0.0,0.0,0.0,0.0,0.0,0.0,0.0,0.025,0.05,0.1875,0.2125,0.0,0.3375,0.0,0.0,0.05,human
76.26086956521739,6300.801512287336,0.4943181818181818,0.7126436781609196,0.3863013698630137,5.034090909090909,10.169292355371901,0.02556818181818182,167,0.0,0.0,0.0,0.0,0.0,0.0,0.0,0.0,0.0,0.0,0.044444444444444446,0.044444444444444446,0.0,0.0,0.0,0.0,0.0,0.0,0.0,0.0,0.0,0.0,0.0,0.022222222222222223,0.0,0.0,0.2222222222222222,0.0,0.6222222222222222,0.0,0.044444444444444446,0.0,human
118.2,9132.426666666668,0.4853801169590643,0.6385542168674698,0.4190751445086705,5.219298245614035,8.042551554324408,0.023391812865497075,154,0.0,0.0,0.0,0.0,0.0,0.0,0.0,0.0,0.0,0.0,0.04878048780487805,0.04878048780487805,0.0,0.0,0.0,0.0,0.0,0.0,0.0,0.0,0.0,0.0,0.0,0.04878048780487805,0.0,0.0,0.4634146341463415,0.0,0.3902439024390244,0.0,0.0,0.0,human
102.82352941176471,7700.968858131488,0.4827586206896552,0.6726190476190477,0.40691489361702127,5.068965517241379,8.374554102259216,0.020114942528735632,167,0.0,0.0,0.0,0.0,0.0,0.0,0.0,0.0,0.0,0.0,0.016129032258064516,0.016129032258064516,0.0,0.016129032258064516,0.0,0.0,0.0,0.0,0.0,0.0,0.0,0.0,0.0,0.0,0.0,0.0,0.25806451612903225,0.0,0.6935483870967742,0.0,0.0,0.0,human
137.58333333333334,8000.243055555555,0.5178571428571429,0.6896551724137931,0.45689655172413796,4.940476190476191,8.026218820861677,0.023809523809523808,148,0.0,0.0,0.0,0.0,0.0,0.0,0.022222222222222223,0.0,0.0,0.0,0.06666666666666667,0.06666666666666667,0.0,0.022222222222222223,0.0,0.0,0.0,0.0,0.0,0.0,0.0,0.0,0.0,0.022222222222222223,0.0,0.0,0.28888888888888886,0.0,0.4888888888888889,0.0,0.022222222222222223,0.0,human
115.4,12893.44,0.631578947368421,0.7745098039215687,0.4880239520958084,5.402476780185759,9.187857642649696,0.02476780185758514,138,0.0,0.0,0.0,0.0,0.0,0.0,0.0,0.0,0.0,0.0,0.0,0.0,0.0,0.015873015873015872,0.0,0.0,0.0,0.0,0.0,0.0,0.0,0.0,0.0,0.0,0.0,0.0,0.5396825396825397,0.0,0.4444444444444444,0.0,0.0,0.0,human
117.93333333333334,11236.72888888889,0.5413105413105413,0.7052631578947368,0.4361111111111111,5.07977207977208,9.526399948052369,0.005698005698005698,172,0.0,0.0,0.0,0.0,0.0,0.0,0.0,0.0,0.0,0.0,0.02127659574468085,0.02127659574468085,0.0,0.06382978723404255,0.0,0.0,0.0,0.0,0.0,0.0,0.0,0.0,0.0,0.0,0.0,0.0,0.3829787234042553,0.0,0.5106382978723404,0.0,0.0,0.0,human
94.6842105263158,3652.8476454293627,0.5573248407643312,0.7657142857142857,0.48942598187311176,5.773885350318471,11.034859426345896,0.025477707006369428,118,0.0,0.0,0.0,0.0,0.0,0.0,0.0,0.0,0.0,0.0,0.125,0.125,0.0,0.08333333333333333,0.0,0.0,0.0,0.0,0.0,0.0,0.0,0.0,0.0,0.020833333333333332,0.0,0.0,0.22916666666666666,0.0,0.3958333333333333,0.0,0.020833333333333332,0.0,human
85.0952380952381,2755.6099773242627,0.6211180124223602,0.76,0.5512048192771084,5.608695652173913,11.536321901161221,0.012422360248447204,131,0.0,0.0,0.0,0.0,0.0,0.047619047619047616,0.0,0.0,0.0,0.0,0.023809523809523808,0.023809523809523808,0.0,0.023809523809523808,0.0,0.0,0.0,0.0,0.0,0.0,0.0,0.0,0.0,0.023809523809523808,0.0,0.0,0.21428571428571427,0.0,0.5952380952380952,0.0,0.047619047619047616,0.0,human
66.2,2983.839999999999,0.677115987460815,0.7731481481481481,0.5988023952095808,5.225705329153605,8.945922308153419,0.003134796238244514,127,0.0,0.0,0.014492753623188406,0.0,0.014492753623188406,0.0,0.0,0.0,0.0,0.08695652173913043,0.0,0.0,0.028985507246376812,0.07246376811594203,0.0,0.0,0.0,0.0,0.028985507246376812,0.028985507246376812,0.0,0.0,0.014492753623188406,0.13043478260869565,0.0,0.0,0.2028985507246377,0.0,0.3188405797101449,0.0,0.057971014492753624,0.0,human
53.875,1422.359375,0.6989247311827957,0.85,0.6230366492146597,4.706989247311828,6.1695210428951315,0.0,179,0.0,0.0,0.029411764705882353,0.0,0.0,0.0,0.0,0.0,0.0,0.0,0.0,0.0,0.0196078431372549,0.0196078431372549,0.0,0.0,0.0,0.0,0.0,0.0,0.0,0.0,0.00980392156862745,0.0,0.06862745098039216,0.18627450980392157,0.3137254901960784,0.0,0.3333333333333333,0.0,0.0,0.0196078431372549,human
68.48,2552.5696,0.663013698630137,0.8305785123966942,0.6037735849056604,4.750684931506849,6.904965284293488,0.0,180,0.0,0.0,0.0,0.0,0.0,0.0,0.0,0.0,0.0,0.05555555555555555,0.0,0.0,0.17777777777777778,0.044444444444444446,0.0,0.0,0.0,0.0,0.0,0.0,0.0,0.0,0.0,0.0,0.07777777777777778,0.1,0.24444444444444444,0.0,0.3,0.0,0.0,0.0,human
56.096774193548384,1697.5712799167536,0.6747967479674797,0.8313253012048193,0.5815789473684211,4.78590785907859,6.054435557905715,0.0,174,0.0,0.0,0.010101010101010102,0.0,0.0,0.0,0.0,0.0,0.0,0.0,0.0,0.0,0.020202020202020204,0.0,0.0,0.0,0.0,0.0,0.0,0.0,0.0,0.0,0.020202020202020204,0.0,0.1111111111111111,0.13131313131313133,0.36363636363636365,0.0,0.30303030303030304,0.0,0.0,0.04040404040404041,human
50.8235294117647,882.8512110726642,0.7412398921832885,0.8654545454545455,0.6329113924050633,4.730458221024259,6.142980652567186,0.0,183,0.0,0.0,0.0,0.0,0.0,0.0,0.0,0.0,0.0,0.0,0.0,0.0,0.07518796992481203,0.06766917293233082,0.0,0.0,0.0,0.0,0.0,0.0,0.0,0.0,0.03007518796992481,0.0,0.14285714285714285,0.18045112781954886,0.21804511278195488,0.0,0.2556390977443609,0.0,0.0,0.03007518796992481,human
97.16666666666667,2548.138888888889,0.7311178247734139,0.8636363636363636,0.685459940652819,5.329305135951661,7.544126103266674,0.0,125,0.0,0.0,0.0,0.0,0.0,0.0,0.0,0.0,0.0,0.06666666666666667,0.0,0.0,0.10666666666666667,0.08,0.0,0.0,0.0,0.0,0.0,0.0,0.0,0.0,0.04,0.0,0.06666666666666667,0.013333333333333334,0.41333333333333333,0.0,0.2,0.0,0.0,0.013333333333333334,human
92.47368421052632,2300.5650969529083,0.6685236768802229,0.8083333333333333,0.628808864265928,4.944289693593315,6.531715303264252,0.0,159,0.0,0.0,0.0,0.0,0.0,0.0,0.0,0.0,0.0,0.0,0.0,0.0,0.13793103448275862,0.017241379310344827,0.0,0.0,0.0,0.0,0.0,0.0,0.0,0.0,0.017241379310344827,0.0,0.017241379310344827,0.034482758620689655,0.4482758620689655,0.0,0.3275862068965517,0.0,0.0,0.0,human
66.61538461538461,1532.4674556213017,0.7197640117994101,0.8688524590163934,0.6829971181556196,5.174041297935103,7.099503136937549,0.0,147,0.0,0.0,0.023529411764705882,0.0,0.0,0.0,0.0,0.0,0.0,0.058823529411764705,0.0,0.0,0.047058823529411764,0.09411764705882353,0.0,0.0,0.0,0.0,0.0,0.0,0.0,0.0,0.011764705882352941,0.0,0.08235294117647059,0.16470588235294117,0.24705882352941178,0.0,0.27058823529411763,0.0,0.0,0.0,human
72.75,1150.3541666666667,0.6887052341597796,0.844,0.6127320954907162,4.873278236914601,6.496338288975403,0.0,165,0.0,0.0,0.013157894736842105,0.0,0.0,0.0,0.0,0.0,0.0,0.0,0.0,0.0,0.05263157894736842,0.11842105263157894,0.0,0.0,0.0,0.0,0.0,0.0,0.0,0.0,0.013157894736842105,0.0,0.11842105263157894,0.05263157894736842,0.32894736842105265,0.0,0.2894736842105263,0.0,0.0,0.013157894736842105,human
54.15625,1758.0693359375,0.7123655913978495,0.8528301886792453,0.6197916666666666,4.728494623655914,5.127897733842063,0.0,165,0.0,0.0,0.018691588785046728,0.0,0.0,0.0,0.0,0.0,0.0,0.0,0.0,0.0,0.037383177570093455,0.028037383177570093,0.0,0.0,0.0,0.0,0.0,0.0,0.0,0.0,0.009345794392523364,0.0,0.11214953271028037,0.22429906542056074,0.24299065420560748,0.0,0.2803738317757009,0.0,0.0,0.04672897196261682,human
64.29629629629629,2872.9492455418385,0.6904109589041096,0.8293650793650794,0.6289473684210526,4.824657534246575,7.1308988553199475,0.0,163,0.0,0.0,0.0,0.0,0.0,0.0,0.0,0.0,0.0,0.0,0.0,0.0,0.0,0.06666666666666667,0.0,0.0,0.0,0.0,0.0,0.0,0.0,0.0,0.022222222222222223,0.0,0.12222222222222222,0.17777777777777778,0.2777777777777778,0.0,0.3111111111111111,0.0,0.0,0.022222222222222223,human
63.111111111111114,1924.3950617283947,0.6827956989247311,0.8267716535433071,0.6131578947368421,4.64247311827957,6.041529367556944,0.0,171,0.0,0.0,0.009345794392523364,0.0,0.0,0.0,0.0,0.0,0.0,0.04672897196261682,0.0,0.0,0.0,0.037383177570093455,0.0,0.0,0.0,0.0,0.0,0.0,0.0,0.0,0.028037383177570093,0.0,0.11214953271028037,0.18691588785046728,0.2803738317757009,0.0,0.2897196261682243,0.0,0.0,0.009345794392523364,human
51.666666666666664,1017.7373737373738,0.6581632653061225,0.7984496124031008,0.553921568627451,4.426020408163265,5.147588244481467,0.0,207,0.0,0.0,0.030927835051546393,0.0,0.0,0.0,0.0,0.0,0.0,0.0,0.0,0.0,0.020618556701030927,0.010309278350515464,0.0,0.0,0.0,0.0,0.0,0.0,0.0,0.0,0.020618556701030927,0.0,0.14432989690721648,0.14432989690721648,0.26804123711340205,0.0,0.35051546391752575,0.0,0.0,0.010309278350515464,human
58.827586206896555,927.2461355529133,0.6097560975609756,0.7955555555555556,0.5456989247311828,4.691056910569106,6.1321964439156575,0.0,184,0.0,0.0,0.012195121951219513,0.0,0.0,0.0,0.0,0.0,0.0,0.06097560975609756,0.0,0.0,0.024390243902439025,0.0975609756097561,0.0,0.0,0.0,0.0,0.0,0.0,0.0,0.0,0.024390243902439025,0.0,0.04878048780487805,0.12195121951219512,0.2926829268292683,0.0,0.3170731707317073,0.0,0.0,0.0,human
87.05,1585.6474999999996,0.6312997347480106,0.8025210084033614,0.5842105263157895,4.6684350132626,5.860886940736936,0.0,176,0.0,0.0,0.0,0.0,0.0,0.0,0.0,0.0,0.0,0.0,0.0,0.0,0.0392156862745098,0.0,0.0,0.0,0.0,0.0,0.0,0.0,0.0,0.0,0.0196078431372549,0.0196078431372549,0.058823529411764705,0.0392156862745098,0.45098039215686275,0.0,0.35294117647058826,0.0,0.0,0.0196078431372549,human
58.3448275862069,1237.1914387633772,0.6335078534031413,0.8264462809917356,0.5926892950391645,4.5,5.705497382198953,0.0,174,0.0,0.0,0.01282051282051282,0.0,0.0,0.0,0.0,0.0,0.0,0.0641025641025641,0.0,0.0,0.05128205128205128,0.038461538461538464,0.0,0.0,0.0,0.0,0.0,0.0,0.0,0.0,0.05128205128205128,0.0,0.07692307692307693,0.08974358974358974,0.2564102564102564,0.0,0.358974358974359,0.0,0.0,0.0,human
53.40625,1328.1787109375,0.6598984771573604,0.8076923076923077,0.5689655172413793,4.395939086294416,5.838156097812362,0.0,195,0.0,0.0,0.0,0.0,0.0,0.0,0.0,0.0,0.0,0.0,0.0,0.0,0.017094017094017096,0.017094017094017096,0.0,0.0,0.0,0.0,0.0,0.0,0.0,0.0,0.02564102564102564,0.0,0.1111111111111111,0.26495726495726496,0.2564102564102564,0.0,0.28205128205128205,0.0,0.0,0.02564102564102564,human
82.80952380952381,4312.630385487529,0.6144927536231884,0.7405660377358491,0.4928774928774929,5.07536231884058,7.559537912203318,0.008695652173913044,153,0.0,0.0,0.03225806451612903,0.0,0.0,0.0,0.0,0.0,0.0,0.0967741935483871,0.03225806451612903,0.03225806451612903,0.03225806451612903,0.0,0.0,0.0,0.0,0.0,0.0,0.0,0.0,0.0,0.0,0.016129032258064516,0.06451612903225806,0.12903225806451613,0.3064516129032258,0.0,0.24193548387096775,0.0,0.0,0.016129032258064516,human
92.63157894736842,5708.337950138503,0.46218487394957986,0.6787878787878788,0.39402173913043476,4.977591036414566,10.005100079247384,0.028011204481792718,171,0.0,0.0,0.0,0.0,0.0,0.0,0.0,0.0,0.0,0.0,0.046511627906976744,0.046511627906976744,0.0,0.0,0.0,0.0,0.0,0.0,0.0,0.0,0.0,0.0,0.0,0.0,0.0,0.0,0.2558139534883721,0.0,0.6046511627906976,0.0,0.046511627906976744,0.0,human
102.47058823529412,6638.3667820069195,0.48563218390804597,0.6568047337278107,0.4301675977653631,5.045977011494253,7.601334390276127,0.020114942528735632,167,0.0,0.0,0.0,0.0,0.0,0.0,0.0,0.0,0.0,0.0,0.043478260869565216,0.043478260869565216,0.0,0.021739130434782608,0.0,0.0,0.0,0.0,0.0,0.0,0.0,0.0,0.0,0.043478260869565216,0.0,0.0,0.34782608695652173,0.0,0.5,0.0,0.0,0.0,human
118.26666666666667,13016.862222222224,0.4666666666666667,0.6521739130434783,0.38605898123324395,5.182608695652174,8.937668557025836,0.028985507246376812,152,0.0,0.0,0.0,0.0,0.0,0.0,0.0,0.0,0.0,0.0,0.014705882352941176,0.014705882352941176,0.0,0.0,0.0,0.0,0.0,0.0,0.0,0.0,0.0,0.0,0.0,0.0,0.0,0.0,0.35294117647058826,0.0,0.6176470588235294,0.0,0.0,0.0,human
122.15384615384616,4612.591715976332,0.4879518072289157,0.6604938271604939,0.4323529411764706,4.813253012048193,7.639824357671651,0.02108433734939759,152,0.0,0.0,0.0,0.0,0.0,0.0,0.027777777777777776,0.0,0.0,0.0,0.05555555555555555,0.05555555555555555,0.0,0.027777777777777776,0.0,0.0,0.0,0.0,0.0,0.0,0.0,0.0,0.0,0.027777777777777776,0.0,0.0,0.19444444444444445,0.0,0.5833333333333334,0.0,0.027777777777777776,0.0,human
111.3125,11708.83984375,0.6253687315634219,0.7783018867924528,0.46418338108882523,5.297935103244837,9.082326119682216,0.014749262536873156,154,0.0,0.0,0.0,0.0,0.0,0.0,0.0,0.0,0.0,0.0,0.015873015873015872,0.015873015873015872,0.0,0.031746031746031744,0.0,0.0,0.0,0.0,0.0,0.0,0.0,0.0,0.0,0.0,0.0,0.0,0.5079365079365079,0.0,0.42857142857142855,0.0,0.0,0.0,human
119.06666666666666,19141.795555555556,0.5709969788519638,0.7671957671957672,0.4970588235294118,5.435045317220544,10.137019559879885,0.01812688821752266,151,0.0,0.0,0.0,0.0,0.0,0.0,0.0,0.0,0.0,0.0,0.057692307692307696,0.057692307692307696,0.0,0.057692307692307696,0.0,0.0,0.0,0.0,0.0,0.0,0.0,0.0,0.0,0.019230769230769232,0.0,0.0,0.40384615384615385,0.0,0.40384615384615385,0.0,0.0,0.0,human
99.94444444444444,3869.719135802469,0.5817610062893082,0.772972972972973,0.5208333333333334,5.70125786163522,11.083709109608005,0.012578616352201259,120,0.0,0.0,0.0,0.0,0.0,0.04878048780487805,0.0,0.0,0.0,0.0,0.0975609756097561,0.0975609756097561,0.0,0.0975609756097561,0.0,0.0,0.0,0.0,0.0,0.0,0.0,0.0,0.0,0.0,0.0,0.0,0.17073170731707318,0.0,0.4634146341463415,0.0,0.024390243902439025,0.0,human
35.5,6.25,1.0,1.0,1.0,4.5,3.625,0.0,10,0.0,0.0,0.0,0.0,0.0,0.0,0.0,0.0,0.0,0.0,0.0,0.0,0.0,0.0,0.0,0.0,0.0,0.0,0.0,0.0,0.0,0.0,0.0,0.0,0.0,0.0,0.5,0.0,0.5,0.0,0.0,0.0,AI
71.0,0.0,0.9333333333333333,0.9285714285714286,0.9333333333333333,4.733333333333333,6.4622222222222225,0.0,8,0.0,0.0,0.0,0.0,0.0,0.0,0.0,0.0,0.0,0.0,0.0,0.0,0.0,0.0,0.0,0.0,0.0,0.0,0.0,0.0,0.0,0.0,0.0,0.0,0.0,0.0,1.0,0.0,0.0,0.0,0.0,0.0,AI
37.0,1156.0,1.0,1.0,1.0,6.25,9.1875,0.0,3,0.0,0.0,0.0,0.0,0.0,0.0,0.0,0.0,0.0,0.0,0.0,0.0,0.0,0.0,0.0,0.0,0.0,0.0,0.0,0.0,0.0,0.0,0.0,0.0,0.0,0.0,0.0,0.0,1.0,0.0,0.0,0.0,AI
74.0,0.0,0.9285714285714286,0.9230769230769231,0.9285714285714286,5.285714285714286,11.061224489795919,0.0,7,0.0,0.0,0.0,0.0,0.0,0.0,0.0,0.0,0.0,0.0,0.0,0.0,0.0,0.0,0.0,0.0,0.0,0.0,0.0,0.0,0.0,0.0,0.0,0.0,0.0,0.0,1.0,0.0,0.0,0.0,0.0,0.0,AI
35.0,1225.0,0.9411764705882353,0.9375,0.9411764705882353,4.176470588235294,2.9688581314878895,0.0,8,0.0,0.0,0.0,0.0,0.0,0.0,0.0,0.0,0.0,0.0,0.0,0.0,0.0,0.0,0.0,0.0,0.0,0.0,0.0,0.0,0.0,0.0,0.0,0.5,0.0,0.0,0.0,0.0,0.5,0.0,0.0,0.0,AI
17.25,190.6875,0.9285714285714286,0.9230769230769231,0.9285714285714286,5.071428571428571,8.066326530612246,0.0,6,0.0,0.0,0.0,0.0,0.0,0.0,0.0,0.0,0.0,0.0,0.0,0.0,0.0,0.0,0.0,0.0,0.0,0.0,0.0,0.0,0.0,0.0,0.0,0.0,0.0,0.0,0.5,0.0,0.5,0.0,0.0,0.0,AI
71.0,0.0,0.9411764705882353,0.9375,0.9411764705882353,4.176470588235294,4.027681660899654,0.0,7,0.0,0.0,0.0,0.0,0.0,0.0,0.0,0.0,0.0,0.0,0.0,0.0,0.0,0.0,0.0,0.0,0.0,0.0,0.0,0.0,0.0,0.0,0.0,0.0,0.0,0.0,1.0,0.0,0.0,0.0,0.0,0.0,AI
35.5,552.25,0.9375,0.9333333333333333,0.9375,4.5,9.25,0.0,7,0.0,0.0,0.0,0.0,0.0,0.0,0.0,0.0,0.0,0.0,0.0,0.0,0.0,0.0,0.0,0.0,0.0,0.0,0.0,0.0,0.0,0.0,0.0,0.0,0.0,0.0,0.5,0.0,0.5,0.0,0.0,0.0,AI
23.666666666666668,70.22222222222223,1.0,1.0,1.0,5.615384615384615,11.15976331360947,0.0,5,0.0,0.0,0.0,0.0,0.0,0.0,0.0,0.0,0.0,0.0,0.0,0.0,0.0,0.0,0.0,0.0,0.0,0.0,0.0,0.0,0.0,0.0,0.0,0.0,0.0,0.0,0.0,0.0,1.0,0.0,0.0,0.0,AI
72.0,0.0,1.0,1.0,1.0,4.8,8.16,0.0,8,0.0,0.0,0.0,0.0,0.0,0.0,0.0,0.0,0.0,0.0,0.0,0.0,0.0,0.0,0.0,0.0,0.0,0.0,0.0,0.0,0.0,0.0,0.5,0.0,0.0,0.0,0.5,0.0,0.0,0.0,0.0,0.0,AI
16.75,214.6875,0.8823529411764706,0.8666666666666667,0.8823529411764706,4.117647058823529,5.044982698961937,0.0,11,0.0,0.0,0.0,0.0,0.0,0.0,0.0,0.0,0.0,0.0,0.0,0.0,0.0,0.0,0.0,0.0,0.0,0.0,0.0,0.0,0.0,0.0,0.0,0.0,0.0,0.0,0.25,0.0,0.75,0.0,0.0,0.0,AI
35.0,81.0,0.9375,0.9333333333333333,0.9375,4.4375,5.49609375,0.0,9,0.0,0.0,0.0,0.0,0.0,0.0,0.0,0.0,0.0,0.0,0.0,0.0,0.0,0.0,0.0,0.0,0.0,0.0,0.0,0.0,0.0,0.0,0.0,0.0,0.0,0.0,0.5,0.0,0.5,0.0,0.0,0.0,AI
36.5,12.25,1.0,1.0,1.0,5.285714285714286,3.918367346938775,0.0,3,0.0,0.0,0.0,0.0,0.0,0.0,0.0,0.0,0.0,0.0,0.0,0.0,0.0,0.0,0.0,0.0,0.0,0.0,0.0,0.0,0.0,0.0,0.0,0.0,0.0,0.0,0.6666666666666666,0.0,0.3333333333333333,0.0,0.0,0.0,AI
16.25,303.1875,1.0,1.0,1.0,3.7777777777777777,5.061728395061729,0.0,8,0.0,0.0,0.0,0.0,0.0,0.0,0.0,0.0,0.0,0.0,0.0,0.0,0.0,0.0,0.0,0.0,0.0,0.0,0.0,0.0,0.0,0.0,0.0,0.0,0.0,0.0,0.4,0.0,0.6,0.0,0.0,0.0,AI
17.25,81.6875,1.0,1.0,0.9444444444444444,4.4375,3.74609375,0.0,7,0.0,0.0,0.0,0.0,0.0,0.0,0.0,0.0,0.0,0.0,0.0,0.0,0.0,0.0,0.0,0.0,0.0,0.0,0.0,0.0,0.0,0.0,0.0,0.0,0.0,0.0,0.0,0.0,0.6666666666666666,0.0,0.0,0.3333333333333333,AI
23.666666666666668,219.55555555555554,1.0,1.0,1.0,4.8,3.4933333333333336,0.0,4,0.0,0.0,0.0,0.0,0.0,0.0,0.0,0.0,0.0,0.0,0.0,0.0,0.0,0.0,0.0,0.0,0.0,0.0,0.0,0.0,0.0,0.0,0.0,0.0,0.0,0.0,0.3333333333333333,0.0,0.6666666666666666,0.0,0.0,0.0,AI
35.0,361.0,1.0,1.0,0.9411764705882353,4.4375,7.99609375,0.0,8,0.0,0.0,0.0,0.0,0.0,0.0,0.0,0.0,0.0,0.0,0.0,0.0,0.0,0.0,0.0,0.0,0.0,0.0,0.0,0.0,0.0,0.0,0.0,0.0,0.0,0.0,0.0,0.0,1.0,0.0,0.0,0.0,AI
22.333333333333332,44.22222222222222,1.0,1.0,0.9444444444444444,3.6315789473684212,4.232686980609418,0.0,8,0.0,0.0,0.0,0.0,0.0,0.0,0.0,0.0,0.0,0.0,0.0,0.0,0.0,0.0,0.0,0.0,0.0,0.0,0.0,0.0,0.0,0.0,0.0,0.0,0.0,0.0,0.5,0.0,0.5,0.0,0.0,0.0,AI
73.0,0.0,0.8666666666666667,0.8461538461538461,0.8666666666666667,4.866666666666666,9.448888888888888,0.0,7,0.0,0.0,0.0,0.0,0.0,0.0,0.0,0.0,0.0,0.0,0.0,0.0,0.0,0.0,0.0,0.0,0.0,0.0,0.0,0.0,0.0,0.0,0.0,0.5,0.0,0.0,0.5,0.0,0.0,0.0,0.0,0.0,AI
35.0,1156.0,1.0,1.0,1.0,4.4375,5.37109375,0.0,7,0.0,0.0,0.0,0.0,0.0,0.0,0.0,0.0,0.0,0.0,0.0,0.0,0.0,0.0,0.0,0.0,0.0,0.0,0.0,0.0,0.0,0.0,0.0,0.0,0.0,0.0,0.5,0.0,0.5,0.0,0.0,0.0,AI
34.5,552.25,1.0,1.0,1.0,4.117647058823529,3.868512110726643,0.0,10,0.0,0.0,0.0,0.0,0.0,0.0,0.0,0.0,0.0,0.0,0.0,0.0,0.0,0.0,0.0,0.0,0.0,0.0,0.0,0.0,0.0,0.0,0.0,0.5,0.0,0.0,0.0,0.0,0.5,0.0,0.0,0.0,AI
23.333333333333332,299.55555555555554,1.0,1.0,1.0,4.5,4.0,0.0,7,0.0,0.0,0.0,0.0,0.0,0.0,0.0,0.0,0.0,0.0,0.0,0.0,0.0,0.0,0.0,0.0,0.0,0.0,0.0,0.0,0.0,0.0,0.0,0.0,0.0,0.0,0.0,0.0,1.0,0.0,0.0,0.0,AI
35.0,841.0,0.9411764705882353,0.9375,0.9444444444444444,4.176470588235294,4.851211072664361,0.0,8,0.0,0.0,0.0,0.0,0.0,0.0,0.0,0.0,0.0,0.0,0.0,0.0,0.0,0.0,0.0,0.0,0.0,0.0,0.0,0.0,0.0,0.0,0.0,0.0,0.0,0.0,0.0,0.0,1.0,0.0,0.0,0.0,AI
35.5,2.25,1.0,1.0,1.0,4.8,8.826666666666664,0.0,7,0.0,0.0,0.0,0.0,0.0,0.0,0.0,0.0,0.0,0.0,0.0,0.0,0.0,0.0,0.0,0.0,0.0,0.0,0.0,0.0,0.0,0.0,0.0,0.0,0.0,0.0,0.5,0.0,0.5,0.0,0.0,0.0,AI
35.0,4.0,1.0,1.0,1.0,4.4375,6.12109375,0.0,8,0.0,0.0,0.0,0.0,0.0,0.0,0.0,0.0,0.0,0.0,0.0,0.0,0.0,0.0,0.0,0.0,0.0,0.0,0.0,0.0,0.0,0.0,0.0,0.0,0.0,0.0,0.6666666666666666,0.0,0.3333333333333333,0.0,0.0,0.0,AI
23.333333333333332,340.22222222222223,0.875,0.8571428571428571,0.8125,4.5,7.375,0.0,7,0.0,0.0,0.0,0.0,0.0,0.0,0.0,0.0,0.0,0.0,0.0,0.0,0.0,0.0,0.0,0.0,0.0,0.0,0.0,0.0,0.0,0.0,0.0,0.0,0.0,0.0,0.3333333333333333,0.0,0.6666666666666666,0.0,0.0,0.0,AI
36.0,16.0,1.0,1.0,1.0,5.214285714285714,6.454081632653062,0.0,5,0.0,0.0,0.0,0.0,0.0,0.0,0.0,0.0,0.0,0.0,0.0,0.0,0.0,0.0,0.0,0.0,0.0,0.0,0.0,0.0,0.0,0.0,0.0,0.0,0.0,0.0,0.6666666666666666,0.0,0.3333333333333333,0.0,0.0,0.0,AI
23.333333333333332,288.22222222222223,1.0,1.0,1.0,4.8,7.493333333333336,0.0,5,0.0,0.0,0.0,0.0,0.0,0.0,0.0,0.0,0.0,0.0,0.0,0.0,0.0,0.0,0.0,0.0,0.0,0.0,0.0,0.0,0.0,0.0,0.0,0.0,0.0,0.0,0.3333333333333333,0.0,0.6666666666666666,0.0,0.0,0.0,AI
24.666666666666668,144.8888888888889,1.0,1.0,1.0,6.333333333333333,7.055555555555554,0.0,3,0.0,0.0,0.0,0.0,0.0,0.0,0.0,0.0,0.0,0.0,0.0,0.0,0.0,0.0,0.0,0.0,0.0,0.0,0.0,0.0,0.0,0.0,0.0,0.0,0.0,0.0,0.3333333333333333,0.0,0.6666666666666666,0.0,0.0,0.0,AI
24.333333333333332,322.8888888888889,1.0,1.0,1.0,6.25,34.020833333333336,0.0,3,0.0,0.0,0.0,0.0,0.0,0.0,0.0,0.0,0.0,0.0,0.0,0.0,0.0,0.0,0.0,0.0,0.0,0.0,0.0,0.0,0.0,0.0,0.0,0.0,0.0,0.0,0.3333333333333333,0.0,0.6666666666666666,0.0,0.0,0.0,AI
23.666666666666668,124.22222222222223,1.0,1.0,1.0,4.866666666666666,7.44888888888889,0.0,5,0.0,0.0,0.0,0.0,0.0,0.0,0.0,0.0,0.0,0.0,0.0,0.0,0.0,0.0,0.0,0.0,0.0,0.0,0.0,0.0,0.0,0.0,0.0,0.0,0.0,0.0,0.3333333333333333,0.0,0.6666666666666666,0.0,0.0,0.0,AI
34.0,49.0,0.8888888888888888,0.875,0.8888888888888888,3.8333333333333335,4.138888888888889,0.0,12,0.0,0.0,0.0,0.0,0.0,0.0,0.0,0.0,0.0,0.0,0.0,0.0,0.0,0.0,0.0,0.0,0.0,0.0,0.0,0.0,0.0,0.0,0.0,0.0,0.0,0.0,0.5,0.0,0.5,0.0,0.0,0.0,AI
36.5,756.25,0.9285714285714286,0.9230769230769231,0.9333333333333333,5.285714285714286,9.918367346938776,0.0,7,0.0,0.0,0.0,0.0,0.0,0.0,0.0,0.0,0.0,0.0,0.0,0.0,0.0,0.0,0.0,0.0,0.0,0.0,0.0,0.0,0.0,0.0,0.0,0.0,0.0,0.0,0.5,0.0,0.5,0.0,0.0,0.0,AI
74.0,0.0,0.9285714285714286,0.9230769230769231,0.8666666666666667,5.285714285714286,5.918367346938775,0.0,7,0.0,0.0,0.0,0.0,0.0,0.0,0.0,0.0,0.0,0.0,0.0,0.0,0.0,0.0,0.0,0.0,0.0,0.0,0.0,0.0,0.0,0.0,0.0,0.0,0.0,0.0,1.0,0.0,0.0,0.0,0.0,0.0,AI
34.5,342.25,0.9375,0.9333333333333333,0.875,4.375,6.734375,0.0,8,0.0,0.0,0.0,0.0,0.0,0.0,0.0,0.0,0.0,0.0,0.0,0.0,0.0,0.0,0.0,0.0,0.0,0.0,0.0,0.0,0.0,0.0,0.0,0.0,0.0,0.0,0.5,0.0,0.5,0.0,0.0,0.0,AI
23.333333333333332,37.55555555555555,1.0,1.0,1.0,4.8,5.226666666666666,0.0,7,0.0,0.0,0.0,0.0,0.0,0.0,0.0,0.0,0.0,0.0,0.0,0.0,0.0,0.0,0.0,0.0,0.0,0.0,0.0,0.0,0.0,0.0,0.0,0.0,0.0,0.0,0.3333333333333333,0.0,0.6666666666666666,0.0,0.0,0.0,AI
35.0,169.0,1.0,1.0,1.0,4.733333333333333,6.595555555555555,0.0,8,0.0,0.0,0.0,0.0,0.0,0.0,0.0,0.0,0.0,0.0,0.0,0.0,0.0,0.0,0.0,0.0,0.0,0.0,0.0,0.0,0.0,0.0,0.0,0.0,0.0,0.0,0.5,0.0,0.5,0.0,0.0,0.0,AI
36.5,870.25,1.0,1.0,1.0,5.285714285714286,8.061224489795919,0.0,5,0.0,0.0,0.0,0.0,0.0,0.0,0.0,0.0,0.0,0.0,0.0,0.0,0.0,0.0,0.0,0.0,0.0,0.0,0.0,0.0,0.0,0.0,0.0,0.0,0.0,0.0,0.0,0.0,1.0,0.0,0.0,0.0,AI
73.0,0.0,0.9285714285714286,0.9230769230769231,0.9285714285714286,5.214285714285714,13.596938775510207,0.0,6,0.0,0.0,0.0,0.0,0.0,0.0,0.0,0.0,0.0,0.0,0.0,0.0,0.0,0.0,0.0,0.0,0.0,0.0,0.0,0.0,0.0,0.0,0.3333333333333333,0.0,0.0,0.0,0.6666666666666666,0.0,0.0,0.0,0.0,0.0,AI
37.0,625.0,1.0,1.0,0.9285714285714286,5.769230769230769,8.485207100591715,0.0,5,0.0,0.0,0.0,0.0,0.0,0.0,0.0,0.0,0.0,0.0,0.0,0.0,0.0,0.0,0.0,0.0,0.0,0.0,0.0,0.0,0.0,0.0,0.0,0.0,0.0,0.0,0.0,0.0,1.0,0.0,0.0,0.0,AI
37.0,1.0,1.0,1.0,1.0,6.25,14.020833333333334,0.0,3,0.0,0.0,0.0,0.0,0.0,0.0,0.0,0.0,0.0,0.0,0.0,0.0,0.0,0.0,0.0,0.0,0.0,0.0,0.0,0.0,0.0,0.0,0.0,0.0,0.0,0.0,0.5,0.0,0.5,0.0,0.0,0.0,AI
38.0,1024.0,1.0,1.0,1.0,7.0,8.363636363636363,0.0,2,0.0,0.0,0.0,0.0,0.0,0.0,0.0,0.0,0.0,0.0,0.0,0.0,0.0,0.0,0.0,0.0,0.0,0.0,0.0,0.0,0.0,0.0,0.0,0.0,0.0,0.0,0.5,0.0,0.5,0.0,0.0,0.0,AI
38.5,650.25,1.0,1.0,1.0,7.8,12.16,0.0,2,0.0,0.0,0.0,0.0,0.0,0.0,0.0,0.0,0.0,0.0,0.0,0.0,0.0,0.0,0.0,0.0,0.0,0.0,0.0,0.0,0.0,0.0,0.0,0.0,0.0,0.0,0.5,0.0,0.5,0.0,0.0,0.0,AI
36.0,25.0,1.0,1.0,1.0,5.214285714285714,6.88265306122449,0.0,6,0.0,0.0,0.0,0.0,0.0,0.0,0.0,0.0,0.0,0.0,0.0,0.0,0.0,0.0,0.0,0.0,0.0,0.0,0.0,0.0,0.0,0.0,0.0,0.0,0.0,0.0,0.0,0.0,1.0,0.0,0.0,0.0,AI
75.0,0.0,1.0,1.0,1.0,6.25,12.854166666666666,0.0,2,0.0,0.0,0.0,0.0,0.0,0.0,0.0,0.0,0.0,0.0,0.0,0.0,0.0,0.0,0.0,0.0,0.0,0.0,0.0,0.0,0.0,0.0,0.0,0.0,0.0,0.0,1.0,0.0,0.0,0.0,0.0,0.0,AI
24.0,378.0,1.0,1.0,1.0,6.166666666666667,8.472222222222223,0.0,3,0.0,0.0,0.0,0.0,0.0,0.0,0.0,0.0,0.0,0.0,0.0,0.0,0.0,0.0,0.0,0.0,0.0,0.0,0.0,0.0,0.0,0.0,0.0,0.0,0.0,0.0,0.0,0.0,1.0,0.0,0.0,0.0,AI
37.0,900.0,1.0,1.0,1.0,5.769230769230769,6.331360946745562,0.0,4,0.0,0.0,0.0,0.0,0.0,0.0,0.0,0.0,0.0,0.0,0.0,0.0,0.0,0.0,0.0,0.0,0.0,0.0,0.0,0.0,0.0,0.0,0.0,0.0,0.0,0.0,0.0,0.0,1.0,0.0,0.0,0.0,AI
77.0,0.0,1.0,1.0,1.0,7.0,8.545454545454545,0.0,2,0.0,0.0,0.0,0.0,0.0,0.0,0.0,0.0,0.0,0.0,0.0,0.0,0.0,0.0,0.0,0.0,0.0,0.0,0.0,0.0,0.0,0.0,0.0,0.0,0.0,0.0,1.0,0.0,0.0,0.0,0.0,0.0,AI
36.0,361.0,1.0,1.0,1.0,4.866666666666666,7.0488888888888885,0.0,6,0.0,0.0,0.0,0.0,0.0,0.0,0.0,0.0,0.0,0.0,0.0,0.0,0.0,0.0,0.0,0.0,0.0,0.0,0.0,0.0,0.0,0.0,0.0,0.0,0.0,0.0,0.0,0.0,1.0,0.0,0.0,0.0,AI
74.0,0.0,1.0,1.0,1.0,5.285714285714286,15.061224489795917,0.0,6,0.0,0.0,0.0,0.0,0.0,0.0,0.0,0.0,0.0,0.0,0.0,0.0,0.0,0.0,0.0,0.0,0.0,0.0,0.0,0.0,0.0,0.0,0.0,0.0,0.0,0.0,1.0,0.0,0.0,0.0,0.0,0.0,AI
23.666666666666668,374.22222222222223,1.0,1.0,1.0,5.615384615384615,11.62130177514793,0.0,6,0.0,0.0,0.0,0.0,0.0,0.0,0.0,0.0,0.0,0.0,0.0,0.0,0.0,0.0,0.0,0.0,0.0,0.0,0.0,0.0,0.0,0.0,0.0,0.0,0.0,0.0,0.0,0.0,1.0,0.0,0.0,0.0,AI
77.0,0.0,1.0,1.0,1.0,7.0,16.545454545454547,0.0,3,0.0,0.0,0.0,0.0,0.0,0.0,0.0,0.0,0.0,0.0,0.0,0.0,0.0,0.0,0.0,0.0,0.0,0.0,0.0,0.0,0.0,0.0,0.0,0.0,0.0,0.0,1.0,0.0,0.0,0.0,0.0,0.0,AI
38.0,625.0,1.0,1.0,1.0,7.0,20.181818181818183,0.0,4,0.0,0.0,0.0,0.0,0.0,0.0,0.0,0.0,0.0,0.0,0.0,0.0,0.0,0.0,0.0,0.0,0.0,0.0,0.0,0.0,0.0,0.0,0.0,0.0,0.0,0.0,0.6666666666666666,0.0,0.3333333333333333,0.0,0.0,0.0,AI
38.0,196.0,1.0,1.0,1.0,7.7,13.209999999999999,0.0,4,0.0,0.0,0.0,0.0,0.0,0.0,0.0,0.0,0.0,0.0,0.0,0.0,0.0,0.6666666666666666,0.0,0.0,0.0,0.0,0.0,0.0,0.0,0.0,0.0,0.0,0.0,0.0,0.0,0.0,0.3333333333333333,0.0,0.0,0.0,AI
23.666666666666668,160.22222222222223,1.0,1.0,0.9333333333333333,4.866666666666666,9.982222222222223,0.0,7,0.0,0.0,0.0,0.0,0.0,0.0,0.0,0.0,0.0,0.0,0.0,0.0,0.0,0.0,0.0,0.0,0.0,0.0,0.0,0.0,0.0,0.0,0.0,0.0,0.0,0.0,0.3333333333333333,0.0,0.6666666666666666,0.0,0.0,0.0,AI
76.0,0.0,1.0,1.0,1.0,6.333333333333333,8.388888888888888,0.0,4,0,0,0,0,0,0,0,0,0,0,0,0,0,0,0,0,0,0,0,0,0,0,0,0,0,0,0,0,0,0,0,0,AI
36.0,625.0,1.0,1.0,1.0,6.083333333333333,10.57638888888889,0.0,5,0.0,0.0,0.0,0.0,0.0,0.0,0.0,0.0,0.0,0.0,0.0,0.0,0.0,0.0,0.0,0.0,0.0,0.0,0.0,0.0,0.0,0.0,0.0,0.0,0.0,0.0,0.6666666666666666,0.0,0.3333333333333333,0.0,0.0,0.0,AI
36.0,729.0,0.9333333333333333,0.9285714285714286,0.9333333333333333,4.866666666666666,5.982222222222221,0.0,6,0.0,0.0,0.0,0.0,0.0,0.0,0.0,0.0,0.0,0.0,0.0,0.0,0.0,0.0,0.0,0.0,0.0,0.0,0.0,0.0,0.0,0.0,0.0,0.0,0.0,0.0,0.0,0.0,1.0,0.0,0.0,0.0,AI
75.0,0.0,1.0,1.0,1.0,5.769230769230769,17.254437869822482,0.0,4,0.0,0.0,0.0,0.0,0.0,0.0,0.0,0.0,0.0,0.0,0.0,0.0,0.0,0.5,0.0,0.0,0.0,0.0,0.0,0.0,0.0,0.0,0.0,0.0,0.0,0.0,0.5,0.0,0.0,0.0,0.0,0.0,AI
36.0,16.0,1.0,1.0,1.0,5.214285714285714,14.168367346938776,0.0,6,0.0,0.0,0.0,0.0,0.0,0.0,0.0,0.0,0.0,0.0,0.0,0.0,0.0,0.3333333333333333,0.0,0.0,0.0,0.0,0.0,0.0,0.0,0.0,0.0,0.3333333333333333,0.0,0.0,0.0,0.0,0.3333333333333333,0.0,0.0,0.0,AI
76.0,0.0,1.0,1.0,1.0,6.333333333333333,11.555555555555555,0.0,3,0,0,0,0,0,0,0,0,0,0,0,0,0,0,0,0,0,0,0,0,0,0,0,0,0,0,0,0,0,0,0,0,AI
37.0,1225.0,1.0,1.0,1.0,5.769230769230769,9.869822485207097,0.0,5,0.0,0.0,0.0,0.0,0.0,0.0,0.0,0.0,0.0,0.0,0.0,0.0,0.0,0.0,0.0,0.0,0.0,0.0,0.0,0.0,0.0,0.0,0.0,0.0,0.0,0.0,0.5,0.0,0.5,0.0,0.0,0.0,AI
75.0,0.0,1.0,1.0,1.0,6.25,8.1875,0.0,3,0,0,0,0,0,0,0,0,0,0,0,0,0,0,0,0,0,0,0,0,0,0,0,0,0,0,0,0,0,0,0,0,AI
36.0,841.0,1.0,1.0,1.0,6.083333333333333,17.07638888888889,0.0,4,0.0,0.0,0.0,0.0,0.0,0.0,0.0,0.0,0.0,0.0,0.0,0.0,0.0,0.0,0.0,0.0,0.0,0.0,0.0,0.0,0.0,0.0,0.0,0.5,0.0,0.0,0.0,0.0,0.5,0.0,0.0,0.0,AI
39.0,64.0,1.0,1.0,1.0,8.777777777777779,23.728395061728392,0.0,3,0.0,0.0,0.0,0.0,0.0,0.0,0.0,0.0,0.0,0.0,0.0,0.0,0.0,0.0,0.0,0.0,0.0,0.0,0.0,0.0,0.0,0.0,0.0,0.0,0.0,0.0,0.6666666666666666,0.0,0.3333333333333333,0.0,0.0,0.0,AI
74.0,0.0,1.0,1.0,1.0,5.6923076923076925,10.98224852071006,0.0,6,0,0,0,0,0,0,0,0,0,0,0,0,0,0,0,0,0,0,0,0,0,0,0,0,0,0,0,0,0,0,0,0,AI
38.0,225.0,1.0,1.0,1.0,7.0,10.545454545454545,0.0,1,0.0,0.0,0.0,0.0,0.0,0.0,0.0,0.0,0.0,0.0,0.0,0.0,0.0,0.0,0.0,0.0,0.0,0.0,0.0,0.0,0.0,0.0,0.0,0.0,0.0,0.0,0.0,0.0,1.0,0.0,0.0,0.0,AI
35.5,992.25,0.9285714285714286,0.9230769230769231,0.9285714285714286,5.142857142857143,6.122448979591837,0.0,5,0.0,0.0,0.0,0.0,0.0,0.0,0.0,0.0,0.0,0.0,0.0,0.0,0.0,0.0,0.0,0.0,0.0,0.0,0.0,0.0,0.0,0.0,0.0,0.0,0.0,0.0,0.5,0.0,0.5,0.0,0.0,0.0,AI
75.0,0.0,1.0,1.0,1.0,5.769230769230769,12.33136094674556,0.0,5,0.0,0.0,0.0,0.0,0.0,0.0,0.0,0.0,0.0,0.0,0.0,0.0,0.0,0.5,0.0,0.0,0.0,0.0,0.0,0.0,0.0,0.0,0.0,0.5,0.0,0.0,0.0,0.0,0.0,0.0,0.0,0.0,AI
38.0,4.0,1.0,1.0,0.9,7.7,8.61,0.0,3,0.0,0.0,0.0,0.0,0.0,0.0,0.0,0.0,0.0,0.0,0.0,0.0,0.0,0.0,0.0,0.0,0.0,0.0,0.0,0.0,0.0,0.0,0.0,0.0,0.0,0.0,0.0,0.0,1.0,0.0,0.0,0.0,AI
38.5,210.25,1.0,1.0,1.0,7.8,12.959999999999999,0.0,2,0.0,0.0,0.0,0.0,0.0,0.0,0.0,0.0,0.0,0.0,0.0,0.0,0.0,0.0,0.0,0.0,0.0,0.0,0.0,0.0,0.0,0.0,0.0,0.0,0.0,0.0,0.6666666666666666,0.0,0.3333333333333333,0.0,0.0,0.0,AI
37.5,306.25,1.0,1.0,1.0,6.333333333333333,13.722222222222221,0.0,4,0.0,0.0,0.0,0.0,0.0,0.0,0.0,0.0,0.0,0.0,0.0,0.0,0.0,0.0,0.0,0.0,0.0,0.0,0.0,0.0,0.0,0.0,0.0,0.0,0.0,0.0,0.0,0.0,1.0,0.0,0.0,0.0,AI
37.0,1024.0,1.0,1.0,1.0,6.818181818181818,9.966942148760332,0.0,2,0.0,0.0,0.0,0.0,0.0,0.0,0.0,0.0,0.0,0.0,0.0,0.0,0.0,0.0,0.0,0.0,0.0,0.0,0.0,0.0,0.0,0.0,0.0,0.5,0.0,0.0,0.0,0.0,0.5,0.0,0.0,0.0,AI
38.0,36.0,0.9090909090909091,0.9,0.9090909090909091,7.0,14.363636363636363,0.0,2,0.0,0.0,0.0,0.0,0.0,0.0,0.0,0.0,0.0,0.0,0.0,0.0,0.0,0.0,0.0,0.0,0.0,0.0,0.0,0.0,0.0,0.0,0.0,0.0,0.0,0.0,0.5,0.0,0.5,0.0,0.0,0.0,AI
73.0,0.0,1.0,1.0,1.0,4.866666666666666,6.648888888888889,0.0,8,0,0,0,0,0,0,0,0,0,0,0,0,0,0,0,0,0,0,0,0,0,0,0,0,0,0,0,0,0,0,0,0,AI
37.0,144.0,1.0,1.0,1.0,5.769230769230769,10.485207100591715,0.0,5,0.0,0.0,0.0,0.0,0.0,0.0,0.0,0.0,0.0,0.0,0.0,0.0,0.0,0.5,0.0,0.0,0.0,0.0,0.0,0.0,0.0,0.0,0.0,0.0,0.0,0.0,0.0,0.0,0.5,0.0,0.0,0.0,AI
37.5,12.25,1.0,1.0,1.0,6.909090909090909,15.173553719008266,0.0,3,0.0,0.0,0.0,0.0,0.0,0.0,0.0,0.0,0.0,0.0,0.0,0.0,0.0,0.3333333333333333,0.0,0.0,0.0,0.0,0.0,0.0,0.0,0.0,0.0,0.3333333333333333,0.0,0.0,0.0,0.0,0.3333333333333333,0.0,0.0,0.0,AI
37.5,272.25,1.0,1.0,1.0,6.909090909090909,9.71900826446281,0.0,3,0.0,0.0,0.0,0.0,0.0,0.0,0.0,0.0,0.0,0.0,0.0,0.0,0.0,0.0,0.0,0.0,0.0,0.0,0.0,0.0,0.0,0.0,0.0,0.0,0.0,0.0,0.5,0.0,0.5,0.0,0.0,0.0,AI
74.0,0.0,0.9285714285714286,0.9230769230769231,0.9285714285714286,5.285714285714286,11.346938775510205,0.0,6,0,0,0,0,0,0,0,0,0,0,0,0,0,0,0,0,0,0,0,0,0,0,0,0,0,0,0,0,0,0,0,0,AI
37.0,1369.0,1.0,1.0,1.0,5.769230769230769,14.79289940828402,0.0,5,0.0,0.0,0.0,0.0,0.0,0.0,0.0,0.0,0.0,0.0,0.0,0.0,0.0,0.0,0.0,0.0,0.0,0.0,0.0,0.0,0.0,0.0,0.0,0.0,0.0,0.0,0.0,0.0,1.0,0.0,0.0,0.0,AI
38.0,729.0,1.0,1.0,1.0,7.7,13.410000000000002,0.0,2,0.0,0.0,0.0,0.0,0.0,0.0,0.0,0.0,0.0,0.0,0.0,0.0,0.0,0.3333333333333333,0.0,0.0,0.0,0.0,0.0,0.0,0.0,0.0,0.0,0.3333333333333333,0.0,0.0,0.0,0.0,0.3333333333333333,0.0,0.0,0.0,AI
37.0,144.0,0.9230769230769231,0.9166666666666666,0.9230769230769231,5.769230769230769,9.100591715976332,0.0,3,0.0,0.0,0.0,0.0,0.0,0.0,0.0,0.0,0.0,0.0,0.0,0.0,0.0,0.0,0.0,0.0,0.0,0.0,0.0,0.0,0.0,0.0,0.0,0.0,0.0,0.0,0.0,0.0,1.0,0.0,0.0,0.0,AI
39.0,49.0,1.0,1.0,1.0,9.875,5.359375,0.0,0,0.0,0.0,0.0,0.0,0.0,0.0,0.0,0.0,0.0,0.0,0.0,0.0,0.0,0.0,0.0,0.0,0.0,0.0,0.0,0.0,0.0,0.0,0.0,0.3333333333333333,0.0,0.0,0.3333333333333333,0.0,0.3333333333333333,0.0,0.0,0.0,AI
36.0,49.0,1.0,1.0,1.0,5.615384615384615,6.236686390532546,0.0,5,0.0,0.0,0.0,0.0,0.0,0.0,0.0,0.0,0.0,0.0,0.0,0.0,0.0,0.0,0.0,0.0,0.0,0.0,0.0,0.0,0.0,0.0,0.0,0.0,0.0,0.0,0.6666666666666666,0.0,0.3333333333333333,0.0,0.0,0.0,AI
36.5,812.25,1.0,1.0,1.0,5.285714285714286,5.9183673469387745,0.0,4,0.0,0.0,0.0,0.0,0.0,0.0,0.0,0.0,0.0,0.0,0.0,0.0,0.0,0.0,0.0,0.0,0.0,0.0,0.0,0.0,0.0,0.0,0.0,0.0,0.0,0.0,0.5,0.0,0.5,0.0,0.0,0.0,AI
36.0,169.0,0.9333333333333333,0.9285714285714286,0.9333333333333333,4.866666666666666,7.982222222222221,0.0,6,0.0,0.0,0.0,0.0,0.0,0.0,0.0,0.0,0.0,0.0,0.0,0.0,0.0,0.0,0.0,0.0,0.0,0.0,0.0,0.0,0.0,0.0,0.0,0.3333333333333333,0.0,0.0,0.3333333333333333,0.0,0.3333333333333333,0.0,0.0,0.0,AI
76.0,0.0,1.0,1.0,1.0,6.333333333333333,7.722222222222222,0.0,3,0,0,0,0,0,0,0,0,0,0,0,0,0,0,0,0,0,0,0,0,0,0,0,0,0,0,0,0,0,0,0,0,AI
23.0,258.0,1.0,1.0,1.0,4.733333333333333,7.528888888888889,0.0,5,0.0,0.0,0.0,0.0,0.0,0.0,0.0,0.0,0.0,0.0,0.0,0.0,0.0,0.2,0.0,0.0,0.0,0.0,0.0,0.0,0.0,0.0,0.0,0.0,0.0,0.0,0.4,0.0,0.4,0.0,0.0,0.0,AI
77.0,0.0,1.0,1.0,1.0,7.0,13.636363636363637,0.0,2,0.0,0.0,0.0,0.0,0.0,0.0,0.0,0.0,0.0,0.0,0.0,0.0,0.0,0.0,0.0,0.0,0.0,0.0,0.0,0.0,0.0,0.0,0.0,0.0,0.5,0.0,0.25,0.0,0.25,0.0,0.0,0.0,AI
36.5,56.25,1.0,1.0,1.0,5.285714285714286,10.489795918367347,0.0,6,0.0,0.0,0.0,0.0,0.0,0.0,0.0,0.0,0.0,0.0,0.0,0.0,0.0,0.0,0.0,0.0,0.0,0.0,0.0,0.0,0.0,0.0,0.0,0.0,0.0,0.0,0.6666666666666666,0.0,0.3333333333333333,0.0,0.0,0.0,AI
23.333333333333332,230.88888888888889,1.0,1.0,1.0,4.8,4.426666666666667,0.0,5,0.0,0.0,0.0,0.0,0.0,0.0,0.0,0.0,0.0,0.0,0.0,0.0,0.0,0.25,0.0,0.0,0.0,0.0,0.0,0.0,0.0,0.0,0.0,0.0,0.0,0.0,0.25,0.0,0.5,0.0,0.0,0.0,AI
24.333333333333332,172.22222222222226,1.0,1.0,1.0,6.25,7.354166666666667,0.0,3,0.0,0.0,0.0,0.0,0.0,0.0,0.0,0.0,0.0,0.0,0.0,0.0,0.0,0.0,0.0,0.0,0.0,0.0,0.0,0.0,0.0,0.0,0.0,0.0,0.0,0.0,0.5,0.0,0.5,0.0,0.0,0.0,AI
79.0,0.0,1.0,1.0,1.0,9.875,18.859375,0.0,1,0.0,0.0,0.0,0.0,0.0,0.0,0.0,0.0,0.0,0.0,0.0,0.0,0.0,0.0,0.0,0.0,0.0,0.0,0.0,0.0,0.0,0.0,0.0,0.0,0.0,0.0,1.0,0.0,0.0,0.0,0.0,0.0,AI
24.0,12.666666666666666,0.9166666666666666,0.9090909090909091,0.9166666666666666,6.166666666666667,7.3055555555555545,0.0,4,0.0,0.0,0.0,0.0,0.0,0.0,0.0,0.0,0.0,0.0,0.0,0.0,0.0,0.0,0.0,0.0,0.0,0.0,0.0,0.0,0.0,0.0,0.0,0.3333333333333333,0.0,0.0,0.0,0.0,0.6666666666666666,0.0,0.0,0.0,AI
38.0,1.0,1.0,1.0,1.0,7.0,7.636363636363637,0.0,2,0.0,0.0,0.0,0.0,0.0,0.0,0.0,0.0,0.0,0.0,0.0,0.0,0.0,0.2,0.0,0.0,0.0,0.0,0.0,0.0,0.0,0.0,0.0,0.0,0.0,0.0,0.6,0.0,0.2,0.0,0.0,0.0,AI
36.0,441.0,0.9285714285714286,0.9230769230769231,0.9285714285714286,5.214285714285714,11.596938775510202,0.0,4,0.0,0.0,0.0,0.0,0.0,0.0,0.0,0.0,0.0,0.0,0.0,0.0,0.0,0.0,0.0,0.0,0.0,0.0,0.0,0.0,0.0,0.0,0.0,0.0,0.0,0.0,0.0,0.0,1.0,0.0,0.0,0.0,AI
36.5,72.25,1.0,1.0,0.9333333333333333,5.285714285714286,9.346938775510205,0.0,7,0.0,0.0,0.0,0.0,0.0,0.0,0.0,0.0,0.0,0.0,0.0,0.0,0.0,0.0,0.0,0.0,0.0,0.0,0.0,0.0,0.0,0.0,0.0,0.0,0.0,0.0,0.0,0.0,1.0,0.0,0.0,0.0,AI
37.5,870.25,1.0,1.0,1.0,6.909090909090909,12.446280991735536,0.0,4,0.0,0.0,0.0,0.0,0.0,0.0,0.0,0.0,0.0,0.0,0.0,0.0,0.0,0.5,0.0,0.0,0.0,0.0,0.0,0.0,0.0,0.0,0.0,0.0,0.0,0.0,0.0,0.0,0.5,0.0,0.0,0.0,AI
23.0,40.666666666666664,1.0,1.0,0.9285714285714286,5.071428571428571,7.78061224489796,0.0,7,0.0,0.0,0.0,0.0,0.0,0.0,0.0,0.0,0.0,0.0,0.0,0.0,0.0,0.0,0.0,0.0,0.0,0.0,0.0,0.0,0.0,0.0,0.0,0.0,0.0,0.0,0.0,0.0,0.6666666666666666,0.0,0.0,0.3333333333333333,AI
23.666666666666668,324.22222222222223,1.0,1.0,1.0,4.866666666666666,10.515555555555556,0.0,7,0.0,0.0,0.0,0.0,0.0,0.0,0.0,0.0,0.0,0.0,0.0,0.0,0.0,0.0,0.0,0.0,0.0,0.0,0.0,0.0,0.0,0.0,0.0,0.0,0.0,0.0,0.0,0.0,1.0,0.0,0.0,0.0,AI
74.0,0.0,1.0,1.0,1.0,5.285714285714286,6.061224489795918,0.0,5,0.0,0.0,0.0,0.0,0.0,0.0,0.0,0.0,0.0,0.0,0.0,0.0,0.0,0.0,0.0,0.0,0.0,0.0,0.0,0.0,0.0,0.0,1.0,0.0,0.0,0.0,0.0,0.0,0.0,0.0,0.0,0.0,AI
23.666666666666668,286.88888888888886,1.0,1.0,1.0,5.214285714285714,6.7397959183673475,0.0,5,0.0,0.0,0.0,0.0,0.0,0.0,0.0,0.0,0.0,0.0,0.0,0.0,0.0,0.25,0.0,0.0,0.0,0.0,0.0,0.0,0.0,0.0,0.0,0.0,0.0,0.0,0.25,0.0,0.5,0.0,0.0,0.0,AI
38.0,361.0,1.0,1.0,1.0,7.7,5.61,0.0,2,0.0,0.0,0.0,0.0,0.0,0.0,0.0,0.0,0.0,0.0,0.0,0.0,0.0,0.0,0.0,0.0,0.0,0.0,0.0,0.0,0.0,0.0,0.0,0.0,0.0,0.0,0.5,0.0,0.5,0.0,0.0,0.0,AI
23.333333333333332,156.2222222222222,1.0,1.0,0.9333333333333333,4.8,6.826666666666666,0.0,6,0.0,0.0,0.0,0.0,0.0,0.0,0.0,0.0,0.0,0.0,0.0,0.0,0.0,0.0,0.0,0.0,0.0,0.0,0.0,0.0,0.0,0.0,0.0,0.0,0.0,0.0,0.5,0.0,0.5,0.0,0.0,0.0,AI
75.0,0.0,1.0,1.0,1.0,5.769230769230769,9.869822485207102,0.0,3,0.0,0.0,0.0,0.0,0.0,0.0,0.0,0.0,0.0,0.0,0.0,0.0,0.0,0.5,0.0,0.0,0.0,0.0,0.0,0.0,0.0,0.0,0.0,0.0,0.0,0.0,0.5,0.0,0.0,0.0,0.0,0.0,AI
24.0,968.0,1.0,1.0,0.9285714285714286,5.6923076923076925,17.597633136094675,0.0,5,0.0,0.0,0.0,0.0,0.0,0.0,0.0,0.0,0.0,0.0,0.0,0.0,0.0,0.25,0.0,0.0,0.0,0.0,0.0,0.0,0.0,0.0,0.0,0.0,0.0,0.0,0.25,0.0,0.5,0.0,0.0,0.0,AI
36.5,132.25,0.8461538461538461,0.8181818181818182,0.8461538461538461,5.6923076923076925,13.443786982248522,0.0,4,0.0,0.0,0.0,0.0,0.0,0.0,0.0,0.0,0.0,0.0,0.0,0.0,0.0,0.0,0.0,0.0,0.0,0.0,0.0,0.0,0.0,0.0,0.0,0.6666666666666666,0.0,0.0,0.0,0.0,0.3333333333333333,0.0,0.0,0.0,AI
23.333333333333332,713.5555555555557,0.8666666666666667,0.9230769230769231,0.8666666666666667,4.8,5.493333333333334,0.0,7,0.0,0.0,0.0,0.0,0.0,0.0,0.0,0.0,0.0,0.0,0.0,0.0,0.0,0.0,0.0,0.0,0.0,0.0,0.0,0.0,0.0,0.0,0.0,0.0,0.0,0.0,0.3333333333333333,0.0,0.3333333333333333,0.0,0.0,0.3333333333333333,AI
37.0,1225.0,1.0,1.0,1.0,6.25,8.1875,0.0,3,0.0,0.0,0.0,0.0,0.0,0.0,0.0,0.0,0.0,0.0,0.0,0.0,0.0,0.0,0.0,0.0,0.0,0.0,0.0,0.0,0.0,0.0,0.0,0.0,0.0,0.0,0.6666666666666666,0.0,0.3333333333333333,0.0,0.0,0.0,AI
74.0,0.0,1.0,1.0,1.0,5.6923076923076925,12.828402366863905,0.0,7,0.0,0.0,0.0,0.0,0.0,0.0,0.0,0.0,0.0,0.0,0.0,0.0,0.0,0.0,0.0,0.0,0.0,0.0,0.0,0.0,0.0,0.0,0.0,0.0,0.0,0.0,1.0,0.0,0.0,0.0,0.0,0.0,AI
35.5,182.25,1.0,1.0,1.0,4.8,5.76,0.0,6,0.0,0.0,0.0,0.0,0.0,0.0,0.0,0.0,0.0,0.0,0.0,0.0,0.0,0.0,0.0,0.0,0.0,0.0,0.0,0.0,0.0,0.0,0.0,0.0,0.0,0.0,0.0,0.0,1.0,0.0,0.0,0.0,AI
38.0,1.0,1.0,1.0,1.0,7.0,20.181818181818183,0.0,4,0.0,0.0,0.0,0.0,0.0,0.0,0.0,0.0,0.0,0.0,0.0,0.0,0.0,0.25,0.0,0.0,0.0,0.0,0.0,0.0,0.0,0.0,0.0,0.0,0.0,0.0,0.5,0.0,0.25,0.0,0.0,0.0,AI
36.5,1332.25,1.0,1.0,1.0,6.166666666666667,17.972222222222225,0.0,6,0.0,0.0,0.0,0.0,0.0,0.0,0.0,0.0,0.0,0.0,0.0,0.0,0.0,0.0,0.0,0.0,0.0,0.0,0.0,0.0,0.0,0.0,0.0,0.0,0.0,0.0,0.0,0.0,1.0,0.0,0.0,0.0,AI
77.0,0.0,1.0,1.0,1.0,7.0,27.454545454545453,0.0,4,0.0,0.0,0.0,0.0,0.0,0.0,0.0,0.0,0.0,0.0,0.0,0.0,0.0,0.3333333333333333,0.0,0.0,0.0,0.0,0.0,0.0,0.0,0.0,0.0,0.0,0.0,0.0,0.6666666666666666,0.0,0.0,0.0,0.0,0.0,AI
37.5,650.25,1.0,1.0,1.0,6.333333333333333,13.555555555555555,0.0,3,0.0,0.0,0.0,0.0,0.0,0.0,0.0,0.0,0.0,0.0,0.0,0.0,0.0,0.0,0.0,0.0,0.0,0.0,0.0,0.0,0.0,0.0,0.0,0.0,0.0,0.0,0.0,0.0,1.0,0.0,0.0,0.0,AI
37.5,930.25,1.0,1.0,1.0,6.333333333333333,9.555555555555555,0.0,3,0.0,0.0,0.0,0.0,0.0,0.0,0.0,0.0,0.0,0.0,0.0,0.0,0.0,0.0,0.0,0.0,0.0,0.0,0.0,0.0,0.0,0.0,0.0,0.0,0.0,0.0,0.5,0.0,0.5,0.0,0.0,0.0,AI
23.333333333333332,441.5555555555555,0.8571428571428571,0.8333333333333334,0.8571428571428571,5.142857142857143,9.551020408163266,0.0,6,0.0,0.0,0.0,0.0,0.0,0.0,0.0,0.0,0.0,0.0,0.0,0.0,0.0,0.0,0.0,0.0,0.0,0.0,0.0,0.0,0.0,0.0,0.0,0.0,0.0,0.0,0.0,0.0,1.0,0.0,0.0,0.0,AI
76.0,0.0,1.0,1.0,1.0,6.333333333333333,10.555555555555555,0.0,4,0.0,0.0,0.0,0.0,0.0,0.0,0.0,0.0,0.0,0.0,0.0,0.0,0.0,0.0,0.0,0.0,0.0,0.0,0.0,0.0,0.0,0.0,0.0,0.0,0.0,0.0,1.0,0.0,0.0,0.0,0.0,0.0,AI
36.5,110.25,1.0,1.0,1.0,5.285714285714286,10.918367346938776,0.0,6,0.0,0.0,0.0,0.0,0.0,0.0,0.0,0.0,0.0,0.0,0.0,0.0,0.0,0.0,0.0,0.0,0.0,0.0,0.0,0.0,0.0,0.0,0.0,0.0,0.0,0.0,0.5,0.0,0.5,0.0,0.0,0.0,AI
36.5,240.25,1.0,1.0,1.0,6.7272727272727275,13.834710743801653,0.0,4,0.0,0.0,0.0,0.0,0.0,0.0,0.0,0.0,0.0,0.0,0.0,0.0,0.0,0.0,0.0,0.0,0.0,0.0,0.0,0.0,0.0,0.0,0.0,0.0,0.0,0.0,0.6666666666666666,0.0,0.3333333333333333,0.0,0.0,0.0,AI
37.5,420.25,1.0,1.0,1.0,6.333333333333333,14.222222222222223,0.0,3,0.0,0.0,0.0,0.0,0.0,0.0,0.0,0.0,0.0,0.0,0.0,0.0,0.0,0.0,0.0,0.0,0.0,0.0,0.0,0.0,0.0,0.0,0.0,0.0,0.0,0.0,0.0,0.0,1.0,0.0,0.0,0.0,AI
37.0,256.0,1.0,1.0,1.0,5.769230769230769,13.254437869822484,0.0,5,0.0,0.0,0.0,0.0,0.0,0.0,0.0,0.0,0.0,0.0,0.0,0.0,0.0,0.0,0.0,0.0,0.0,0.0,0.0,0.0,0.0,0.0,0.0,0.0,0.0,0.0,0.5,0.0,0.5,0.0,0.0,0.0,AI
24.333333333333332,193.55555555555554,1.0,1.0,1.0,6.25,10.1875,0.0,3,0.0,0.0,0.0,0.0,0.0,0.0,0.0,0.0,0.0,0.0,0.0,0.0,0.0,0.0,0.0,0.0,0.0,0.0,0.0,0.0,0.0,0.0,0.0,0.0,0.0,0.0,0.0,0.0,1.0,0.0,0.0,0.0,AI
74.0,0.0,1.0,1.0,1.0,5.285714285714286,9.346938775510205,0.0,5,0,0,0,0,0,0,0,0,0,0,0,0,0,0,0,0,0,0,0,0,0,0,0,0,0,0,0,0,0,0,0,0,AI
36.5,992.25,1.0,1.0,1.0,5.285714285714286,6.346938775510204,0.0,6,0.0,0.0,0.0,0.0,0.0,0.0,0.0,0.0,0.0,0.0,0.0,0.0,0.0,0.0,0.0,0.0,0.0,0.0,0.0,0.0,0.0,0.0,0.0,0.0,0.0,0.0,0.0,0.0,1.0,0.0,0.0,0.0,AI
36.5,0.25,1.0,1.0,1.0,5.6923076923076925,7.289940828402367,0.0,2,0.0,0.0,0.0,0.0,0.0,0.0,0.0,0.0,0.0,0.0,0.0,0.0,0.0,0.0,0.0,0.0,0.0,0.0,0.0,0.0,0.0,0.0,0.0,0.0,0.0,0.0,0.0,0.0,1.0,0.0,0.0,0.0,AI
37.0,144.0,1.0,1.0,1.0,5.769230769230769,9.715976331360947,0.0,7,0.0,0.0,0.0,0.0,0.0,0.0,0.0,0.0,0.0,0.0,0.0,0.0,0.0,0.0,0.0,0.0,0.0,0.0,0.0,0.0,0.0,0.0,0.0,0.0,0.0,0.0,0.5,0.0,0.5,0.0,0.0,0.0,AI
36.5,0.25,0.9230769230769231,0.9166666666666666,0.9230769230769231,5.6923076923076925,11.289940828402367,0.0,4,0.0,0.0,0.0,0.0,0.0,0.0,0.0,0.0,0.0,0.0,0.0,0.0,0.0,0.0,0.0,0.0,0.0,0.0,0.0,0.0,0.0,0.0,0.0,0.0,0.0,0.0,0.5,0.0,0.5,0.0,0.0,0.0,AI
74.0,0.0,1.0,1.0,1.0,5.285714285714286,6.918367346938775,0.0,5,0.0,0.0,0.0,0.0,0.0,0.0,0.0,0.0,0.0,0.0,0.0,0.0,0.0,0.0,0.0,0.0,0.0,0.0,0.0,0.0,0.0,0.0,0.0,0.0,0.0,0.0,1.0,0.0,0.0,0.0,0.0,0.0,AI
36.0,676.0,0.9285714285714286,0.9230769230769231,0.9285714285714286,5.214285714285714,12.45408163265306,0.0,5,0.0,0.0,0.0,0.0,0.0,0.0,0.0,0.0,0.0,0.0,0.0,0.0,0.0,0.0,0.0,0.0,0.0,0.0,0.0,0.0,0.0,0.0,0.0,0.0,0.0,0.0,0.5,0.0,0.5,0.0,0.0,0.0,AI
37.0,1225.0,1.0,1.0,1.0,5.769230769230769,13.715976331360944,0.0,6,0.0,0.0,0.0,0.0,0.0,0.0,0.0,0.0,0.0,0.0,0.0,0.0,0.0,0.0,0.0,0.0,0.0,0.0,0.0,0.0,0.0,0.0,0.0,0.0,0.0,0.0,0.6666666666666666,0.0,0.3333333333333333,0.0,0.0,0.0,AI
35.5,1056.25,1.0,1.0,1.0,4.5,3.75,0.0,7,0.0,0.0,0.0,0.0,0.0,0.0,0.0,0.0,0.0,0.0,0.0,0.0,0.0,0.0,0.0,0.0,0.0,0.0,0.0,0.0,0.0,0.0,0.0,0.0,0.0,0.0,0.5,0.0,0.5,0.0,0.0,0.0,AI
36.5,1332.25,1.0,1.0,1.0,5.6923076923076925,12.982248520710062,0.0,2,0.0,0.0,0.0,0.0,0.0,0.0,0.0,0.0,0.0,0.0,0.0,0.0,0.0,0.0,0.0,0.0,0.0,0.0,0.0,0.0,0.0,0.0,0.0,0.5,0.0,0.0,0.0,0.0,0.5,0.0,0.0,0.0,AI
39.0,400.0,1.0,1.0,1.0,8.777777777777779,27.283950617283953,0.0,2,0.0,0.0,0.0,0.0,0.0,0.0,0.0,0.0,0.0,0.0,0.0,0.0,0.0,0.5,0.0,0.0,0.0,0.0,0.0,0.0,0.0,0.0,0.0,0.0,0.0,0.0,0.0,0.0,0.5,0.0,0.0,0.0,AI
36.0,324.0,0.9230769230769231,0.9166666666666666,0.9230769230769231,5.615384615384615,9.467455621301777,0.0,3,0.0,0.0,0.0,0.0,0.0,0.0,0.0,0.0,0.0,0.0,0.0,0.0,0.0,0.0,0.0,0.0,0.0,0.0,0.0,0.0,0.0,0.0,0.0,0.5,0.0,0.0,0.0,0.0,0.5,0.0,0.0,0.0,AI
75.0,0.0,0.9230769230769231,0.9166666666666666,0.9230769230769231,5.769230769230769,6.485207100591716,0.0,3,0.0,0.0,0.0,0.0,0.0,0.0,0.0,0.0,0.0,0.0,0.0,0.0,0.0,0.0,0.0,0.0,0.0,0.0,0.0,0.0,0.0,0.0,0.0,0.0,0.0,0.0,1.0,0.0,0.0,0.0,0.0,0.0,AI
38.0,64.0,1.0,1.0,1.0,7.0,21.272727272727273,0.0,3,0.0,0.0,0.0,0.0,0.0,0.0,0.0,0.0,0.0,0.0,0.0,0.0,0.0,0.0,0.0,0.0,0.0,0.0,0.0,0.0,0.0,0.0,0.0,0.0,0.0,0.0,0.0,0.0,1.0,0.0,0.0,0.0,AI
37.5,72.25,1.0,1.0,1.0,7.6,12.84,0.0,2,0.0,0.0,0.0,0.0,0.0,0.0,0.0,0.0,0.0,0.0,0.0,0.0,0.0,0.0,0.0,0.0,0.0,0.0,0.0,0.0,0.0,0.0,0.0,0.5,0.0,0.0,0.0,0.0,0.5,0.0,0.0,0.0,AI
36.0,36.0,1.0,1.0,1.0,4.866666666666666,3.848888888888888,0.0,5,0.0,0.0,0.0,0.0,0.0,0.0,0.0,0.0,0.0,0.0,0.0,0.0,0.0,0.0,0.0,0.0,0.0,0.0,0.0,0.0,0.0,0.0,0.0,0.0,0.0,0.0,0.0,0.0,1.0,0.0,0.0,0.0,AI
38.0,0.0,1.0,1.0,1.0,7.7,15.01,0.0,1,0.0,0.0,0.0,0.0,0.0,0.0,0.0,0.0,0.0,0.0,0.0,0.0,0.0,0.0,0.0,0.0,0.0,0.0,0.0,0.0,0.0,0.0,0.0,0.25,0.0,0.0,0.5,0.0,0.25,0.0,0.0,0.0,AI
36.5,132.25,1.0,1.0,0.9285714285714286,5.285714285714286,7.63265306122449,0.0,5,0.0,0.0,0.0,0.0,0.0,0.0,0.0,0.0,0.0,0.0,0.0,0.0,0.0,0.0,0.0,0.0,0.0,0.0,0.0,0.0,0.0,0.0,0.0,0.0,0.0,0.0,0.5,0.0,0.5,0.0,0.0,0.0,AI
37.5,380.25,1.0,1.0,1.0,6.909090909090909,10.991735537190083,0.0,3,0.0,0.0,0.0,0.0,0.0,0.0,0.0,0.0,0.0,0.0,0.0,0.0,0.0,0.0,0.0,0.0,0.0,0.0,0.0,0.0,0.0,0.0,0.0,0.5,0.0,0.0,0.0,0.0,0.5,0.0,0.0,0.0,AI
37.5,272.25,1.0,1.0,1.0,6.909090909090909,10.446280991735536,0.0,2,0.0,0.0,0.0,0.0,0.0,0.0,0.0,0.0,0.0,0.0,0.0,0.0,0.0,0.0,0.0,0.0,0.0,0.0,0.0,0.0,0.0,0.0,0.0,0.5,0.0,0.0,0.0,0.0,0.5,0.0,0.0,0.0,AI
35.0,289.0,1.0,1.0,1.0,4.733333333333333,8.328888888888889,0.0,6,0.0,0.0,0.0,0.0,0.0,0.0,0.0,0.0,0.0,0.0,0.0,0.0,0.0,0.0,0.0,0.0,0.0,0.0,0.0,0.0,0.0,0.0,0.0,0.0,0.0,0.0,0.0,0.0,1.0,0.0,0.0,0.0,AI
35.0,529.0,1.0,1.0,1.0,4.176470588235294,4.145328719723183,0.0,12,0.0,0.0,0.0,0.0,0.0,0.0,0.0,0.0,0.0,0.0,0.0,0.0,0.0,0.0,0.0,0.0,0.0,0.0,0.0,0.0,0.0,0.0,0.0,0.0,0.0,0.0,0.0,0.0,1.0,0.0,0.0,0.0,AI
35.0,529.0,1.0,1.0,1.0,4.733333333333333,7.128888888888889,0.0,6,0.0,0.0,0.0,0.0,0.0,0.0,0.0,0.0,0.0,0.0,0.0,0.0,0.0,0.0,0.0,0.0,0.0,0.0,0.0,0.0,0.0,0.0,0.0,0.0,0.0,0.0,0.5,0.0,0.5,0.0,0.0,0.0,AI
34.5,0.25,1.0,1.0,0.8888888888888888,3.888888888888889,2.0987654320987654,0.0,9,0.0,0.0,0.0,0.0,0.0,0.0,0.0,0.0,0.0,0.0,0.0,0.0,0.0,0.0,0.0,0.0,0.0,0.0,0.0,0.0,0.0,0.0,0.0,0.0,0.0,0.0,0.5,0.0,0.5,0.0,0.0,0.0,AI
35.0,81.0,1.0,1.0,1.0,4.733333333333333,4.728888888888888,0.0,7,0.0,0.0,0.0,0.0,0.0,0.0,0.0,0.0,0.0,0.0,0.0,0.0,0.0,0.0,0.0,0.0,0.0,0.0,0.0,0.0,0.0,0.0,0.0,0.0,0.0,0.0,0.5,0.0,0.5,0.0,0.0,0.0,AI
23.666666666666668,821.5555555555555,0.9230769230769231,0.9166666666666666,0.9230769230769231,5.615384615384615,5.159763313609468,0.0,4,0.0,0.0,0.0,0.0,0.0,0.0,0.0,0.0,0.0,0.0,0.0,0.0,0.0,0.0,0.0,0.0,0.0,0.0,0.0,0.0,0.0,0.0,0.0,0.0,0.0,0.0,0.3333333333333333,0.0,0.6666666666666666,0.0,0.0,0.0,AI
36.0,1296.0,1.0,1.0,1.0,5.615384615384615,12.698224852071007,0.0,4,0.0,0.0,0.0,0.0,0.0,0.0,0.0,0.0,0.0,0.0,0.0,0.0,0.0,0.0,0.0,0.0,0.0,0.0,0.0,0.0,0.0,0.0,0.0,0.0,0.0,0.0,0.5,0.0,0.5,0.0,0.0,0.0,AI
35.5,132.25,1.0,1.0,0.9375,4.5,7.75,0.0,9,0.0,0.0,0.0,0.0,0.0,0.0,0.0,0.0,0.0,0.0,0.0,0.0,0.0,0.0,0.0,0.0,0.0,0.0,0.0,0.0,0.0,0.0,0.0,0.0,0.0,0.0,0.6666666666666666,0.0,0.3333333333333333,0.0,0.0,0.0,AI
35.5,6.25,1.0,1.0,1.0,5.142857142857143,8.693877551020408,0.0,7,0.0,0.0,0.0,0.0,0.0,0.0,0.0,0.0,0.0,0.0,0.0,0.0,0.0,0.0,0.0,0.0,0.0,0.0,0.0,0.0,0.0,0.0,0.0,0.0,0.0,0.0,0.5,0.0,0.5,0.0,0.0,0.0,AI
23.0,448.6666666666667,1.0,1.0,1.0,4.4375,5.12109375,0.0,9,0.0,0.0,0.0,0.0,0.0,0.0,0.0,0.0,0.0,0.0,0.0,0.0,0.0,0.0,0.0,0.0,0.0,0.0,0.0,0.0,0.0,0.0,0.0,0.0,0.0,0.0,0.0,0.0,1.0,0.0,0.0,0.0,AI
35.0,324.0,1.0,1.0,0.9375,4.4375,5.12109375,0.0,8,0.0,0.0,0.0,0.0,0.0,0.0,0.0,0.0,0.0,0.0,0.0,0.0,0.0,0.0,0.0,0.0,0.0,0.0,0.0,0.0,0.0,0.0,0.0,0.0,0.0,0.0,0.6666666666666666,0.0,0.3333333333333333,0.0,0.0,0.0,AI
36.0,400.0,1.0,1.0,1.0,4.866666666666666,8.648888888888889,0.0,4,0.0,0.0,0.0,0.0,0.0,0.0,0.0,0.0,0.0,0.0,0.0,0.0,0.0,0.0,0.0,0.0,0.0,0.0,0.0,0.0,0.0,0.0,0.0,0.0,0.0,0.0,0.5,0.0,0.5,0.0,0.0,0.0,AI
23.333333333333332,81.55555555555556,1.0,1.0,1.0,4.8,5.626666666666667,0.0,8,0.0,0.0,0.0,0.0,0.0,0.0,0.0,0.0,0.0,0.0,0.0,0.0,0.0,0.0,0.0,0.0,0.0,0.0,0.0,0.0,0.0,0.0,0.0,0.0,0.0,0.0,0.0,0.0,1.0,0.0,0.0,0.0,AI
23.0,2.6666666666666665,0.9285714285714286,0.9230769230769231,0.9285714285714286,5.071428571428571,11.637755102040815,0.0,6,0.0,0.0,0.0,0.0,0.0,0.0,0.0,0.0,0.0,0.0,0.0,0.0,0.0,0.0,0.0,0.0,0.0,0.0,0.0,0.0,0.0,0.0,0.0,0.0,0.0,0.0,0.4,0.0,0.4,0.0,0.0,0.2,AI
23.666666666666668,462.8888888888889,1.0,1.0,1.0,5.615384615384615,3.9289940828402368,0.0,1,0.0,0.0,0.0,0.0,0.0,0.0,0.0,0.0,0.0,0.0,0.0,0.0,0.0,0.0,0.0,0.0,0.0,0.0,0.0,0.0,0.0,0.0,0.0,0.0,0.0,0.0,0.3333333333333333,0.0,0.6666666666666666,0.0,0.0,0.0,AI
35.5,210.25,0.8125,0.7692307692307693,0.75,4.5,3.0,0.0,10,0.0,0.0,0.0,0.0,0.0,0.0,0.0,0.0,0.0,0.0,0.0,0.0,0.0,0.0,0.0,0.0,0.0,0.0,0.0,0.0,0.0,0.0,0.0,0.0,0.0,0.0,0.6666666666666666,0.0,0.3333333333333333,0.0,0.0,0.0,AI
35.0,289.0,1.0,1.0,1.0,4.4375,5.24609375,0.0,8,0.0,0.0,0.0,0.0,0.0,0.0,0.0,0.0,0.0,0.0,0.0,0.0,0.0,0.0,0.0,0.0,0.0,0.0,0.0,0.0,0.0,0.0,0.0,0.0,0.0,0.0,0.6666666666666666,0.0,0.3333333333333333,0.0,0.0,0.0,AI
22.0,178.66666666666666,0.9444444444444444,0.9411764705882353,0.8888888888888888,3.7777777777777777,2.7283950617283947,0.0,9,0.0,0.0,0.0,0.0,0.0,0.0,0.0,0.0,0.0,0.0,0.0,0.0,0.0,0.0,0.0,0.0,0.0,0.0,0.0,0.0,0.0,0.0,0.0,0.0,0.0,0.0,0.3333333333333333,0.0,0.6666666666666666,0.0,0.0,0.0,AI
23.333333333333332,201.55555555555554,1.0,1.0,0.9333333333333333,4.8,4.693333333333333,0.0,8,0.0,0.0,0.0,0.0,0.0,0.0,0.0,0.0,0.0,0.0,0.0,0.0,0.0,0.0,0.0,0.0,0.0,0.0,0.0,0.0,0.0,0.0,0.0,0.0,0.0,0.0,0.3333333333333333,0.0,0.6666666666666666,0.0,0.0,0.0,AI
36.5,272.25,1.0,1.0,1.0,5.6923076923076925,12.520710059171599,0.0,5,0.0,0.0,0.0,0.0,0.0,0.0,0.0,0.0,0.0,0.0,0.0,0.0,0.0,0.0,0.0,0.0,0.0,0.0,0.0,0.0,0.0,0.0,0.0,0.0,0.0,0.0,0.5,0.0,0.5,0.0,0.0,0.0,AI
37.5,240.25,1.0,1.0,1.0,6.333333333333333,16.555555555555557,0.0,3,0.0,0.0,0.0,0.0,0.0,0.0,0.0,0.0,0.0,0.0,0.0,0.0,0.0,0.0,0.0,0.0,0.0,0.0,0.0,0.0,0.0,0.0,0.0,0.0,0.0,0.0,0.6666666666666666,0.0,0.3333333333333333,0.0,0.0,0.0,AI
36.5,6.25,1.0,1.0,1.0,5.285714285714286,8.775510204081632,0.0,4,0.0,0.0,0.0,0.0,0.0,0.0,0.0,0.0,0.0,0.0,0.0,0.0,0.0,0.0,0.0,0.0,0.0,0.0,0.0,0.0,0.0,0.0,0.0,0.0,0.0,0.0,0.5,0.0,0.5,0.0,0.0,0.0,AI
36.0,169.0,0.8571428571428571,0.8333333333333334,0.8571428571428571,5.214285714285714,7.311224489795919,0.0,6,0.0,0.0,0.0,0.0,0.0,0.0,0.0,0.0,0.0,0.0,0.0,0.0,0.0,0.0,0.0,0.0,0.0,0.0,0.0,0.0,0.0,0.0,0.5,0.0,0.0,0.0,0.0,0.0,0.5,0.0,0.0,0.0,AI
37.5,650.25,1.0,1.0,1.0,6.909090909090909,11.537190082644628,0.0,3,0.0,0.0,0.0,0.0,0.0,0.0,0.0,0.0,0.0,0.0,0.0,0.0,0.0,0.0,0.0,0.0,0.0,0.0,0.0,0.0,0.0,0.0,0.0,0.0,0.0,0.0,0.5,0.0,0.5,0.0,0.0,0.0,AI
37.5,90.25,1.0,1.0,1.0,6.909090909090909,10.809917355371901,0.0,2,0.0,0.0,0.0,0.0,0.0,0.0,0.0,0.0,0.0,0.0,0.0,0.0,0.0,0.0,0.0,0.0,0.0,0.0,0.0,0.0,0.0,0.0,0.0,0.0,0.0,0.0,0.0,0.0,1.0,0.0,0.0,0.0,AI
38.0,289.0,1.0,1.0,1.0,7.0,29.636363636363637,0.0,3,0.0,0.0,0.0,0.0,0.0,0.0,0.0,0.0,0.0,0.0,0.0,0.0,0.0,0.25,0.0,0.0,0.0,0.0,0.0,0.0,0.0,0.0,0.0,0.0,0.0,0.0,0.5,0.0,0.25,0.0,0.0,0.0,AI
36.0,625.0,1.0,1.0,1.0,5.615384615384615,13.467455621301777,0.0,5,0.0,0.0,0.0,0.0,0.0,0.0,0.0,0.0,0.0,0.0,0.0,0.0,0.0,0.5,0.0,0.0,0.0,0.0,0.0,0.0,0.0,0.0,0.0,0.0,0.0,0.0,0.0,0.0,0.5,0.0,0.0,0.0,AI
38.0,144.0,1.0,1.0,1.0,7.0,5.636363636363637,0.0,0,0.0,0.0,0.0,0.0,0.0,0.0,0.0,0.0,0.0,0.0,0.0,0.0,0.0,0.0,0.0,0.0,0.0,0.0,0.0,0.0,0.0,0.0,0.0,0.0,0.0,0.0,0.5,0.0,0.5,0.0,0.0,0.0,AI
36.0,4.0,1.0,1.0,1.0,5.214285714285714,7.454081632653062,0.0,5,0.0,0.0,0.0,0.0,0.0,0.0,0.0,0.0,0.0,0.0,0.0,0.0,0.0,0.0,0.0,0.0,0.0,0.0,0.0,0.0,0.0,0.0,0.0,0.0,0.0,0.0,0.5,0.0,0.5,0.0,0.0,0.0,AI
38.5,930.25,1.0,1.0,1.0,7.8,11.559999999999999,0.0,2,0.0,0.0,0.0,0.0,0.0,0.0,0.0,0.0,0.0,0.0,0.0,0.0,0.0,0.0,0.0,0.0,0.0,0.0,0.0,0.0,0.0,0.0,0.0,0.0,0.0,0.0,0.0,0.0,1.0,0.0,0.0,0.0,AI
24.0,232.66666666666666,0.9230769230769231,0.9166666666666666,0.9285714285714286,5.6923076923076925,6.982248520710058,0.0,4,0.0,0.0,0.0,0.0,0.0,0.0,0.0,0.0,0.0,0.0,0.0,0.0,0.0,0.2,0.0,0.0,0.0,0.0,0.0,0.0,0.0,0.0,0.0,0.0,0.0,0.0,0.4,0.0,0.4,0.0,0.0,0.0,AI
36.5,6.25,0.9230769230769231,0.9166666666666666,0.9230769230769231,5.6923076923076925,6.366863905325443,0.0,6,0.0,0.0,0.0,0.0,0.0,0.0,0.0,0.0,0.0,0.0,0.0,0.0,0.0,0.0,0.0,0.0,0.0,0.0,0.0,0.0,0.0,0.0,0.0,0.3333333333333333,0.0,0.0,0.3333333333333333,0.0,0.3333333333333333,0.0,0.0,0.0,AI
37.5,992.25,1.0,1.0,1.0,6.909090909090909,12.082644628099176,0.0,3,0.0,0.0,0.0,0.0,0.0,0.0,0.0,0.0,0.0,0.0,0.0,0.0,0.0,0.5,0.0,0.0,0.0,0.0,0.0,0.0,0.0,0.0,0.0,0.0,0.0,0.0,0.0,0.0,0.5,0.0,0.0,0.0,AI
74.0,0.0,1.0,1.0,1.0,5.285714285714286,9.775510204081632,0.0,3,0.0,0.0,0.0,0.0,0.0,0.0,0.0,0.0,0.0,0.0,0.0,0.0,0.0,0.0,0.0,0.0,0.0,0.0,0.0,0.0,0.0,0.0,0.0,0.5,0.0,0.0,0.5,0.0,0.0,0.0,0.0,0.0,AI
38.0,16.0,1.0,1.0,1.0,7.7,11.809999999999999,0.0,3,0.0,0.0,0.0,0.0,0.0,0.0,0.0,0.0,0.0,0.0,0.0,0.0,0.0,0.0,0.0,0.0,0.0,0.0,0.0,0.0,0.0,0.0,0.0,0.5,0.0,0.0,0.0,0.0,0.5,0.0,0.0,0.0,AI
37.5,30.25,1.0,1.0,1.0,6.333333333333333,10.888888888888888,0.0,4,0.0,0.0,0.0,0.0,0.0,0.0,0.0,0.0,0.0,0.0,0.0,0.0,0.0,0.0,0.0,0.0,0.0,0.0,0.0,0.0,0.0,0.0,0.0,0.0,0.0,0.0,0.0,0.0,1.0,0.0,0.0,0.0,AI
37.0,196.0,1.0,1.0,1.0,6.818181818181818,12.512396694214875,0.0,2,0.0,0.0,0.0,0.0,0.0,0.0,0.0,0.0,0.0,0.0,0.0,0.0,0.0,0.0,0.0,0.0,0.0,0.0,0.0,0.0,0.0,0.0,0.0,0.5,0.0,0.0,0.0,0.0,0.5,0.0,0.0,0.0,AI
37.5,90.25,1.0,1.0,1.0,6.909090909090909,11.537190082644628,0.0,2,0.0,0.0,0.0,0.0,0.0,0.0,0.0,0.0,0.0,0.0,0.0,0.0,0.0,0.0,0.0,0.0,0.0,0.0,0.0,0.0,0.0,0.0,0.0,0.5,0.0,0.0,0.0,0.0,0.5,0.0,0.0,0.0,AI
37.5,90.25,1.0,1.0,1.0,6.909090909090909,7.900826446280993,0.0,2,0.0,0.0,0.0,0.0,0.0,0.0,0.0,0.0,0.0,0.0,0.0,0.0,0.0,0.0,0.0,0.0,0.0,0.0,0.0,0.0,0.0,0.0,0.0,0.5,0.0,0.0,0.0,0.0,0.5,0.0,0.0,0.0,AI
34.5,90.25,1.0,1.0,1.0,4.375,7.734375,0.0,5,0.0,0.0,0.0,0.0,0.0,0.0,0.0,0.0,0.0,0.0,0.0,0.0,0.0,0.0,0.0,0.0,0.0,0.0,0.0,0.0,0.0,0.0,0.0,0.0,0.0,0.0,0.0,0.0,1.0,0.0,0.0,0.0,AI
36.5,306.25,0.8571428571428571,0.9166666666666666,0.8571428571428571,5.285714285714286,8.346938775510205,0.0,5,0.0,0.0,0.0,0.0,0.0,0.0,0.0,0.0,0.0,0.0,0.0,0.0,0.0,0.0,0.0,0.0,0.0,0.0,0.0,0.0,0.0,0.0,0.0,0.0,0.0,0.0,0.6666666666666666,0.0,0.3333333333333333,0.0,0.0,0.0,AI
23.333333333333332,197.55555555555554,1.0,1.0,1.0,5.142857142857143,7.979591836734696,0.0,6,0.0,0.0,0.0,0.0,0.0,0.0,0.0,0.0,0.0,0.0,0.0,0.0,0.0,0.0,0.0,0.0,0.0,0.0,0.0,0.0,0.0,0.0,0.0,0.0,0.0,0.0,0.0,0.0,1.0,0.0,0.0,0.0,AI
36.0,225.0,0.9333333333333333,0.9285714285714286,0.9333333333333333,4.866666666666666,7.315555555555556,0.0,7,0.0,0.0,0.0,0.0,0.0,0.0,0.0,0.0,0.0,0.0,0.0,0.0,0.0,0.0,0.0,0.0,0.0,0.0,0.0,0.0,0.0,0.0,0.0,0.0,0.0,0.0,0.6666666666666666,0.0,0.3333333333333333,0.0,0.0,0.0,AI
36.0,729.0,0.9230769230769231,0.9166666666666666,0.9230769230769231,5.615384615384615,5.621301775147929,0.0,6,0.0,0.0,0.0,0.0,0.0,0.0,0.0,0.0,0.0,0.0,0.0,0.0,0.0,0.0,0.0,0.0,0.0,0.0,0.0,0.0,0.0,0.0,0.0,0.0,0.0,0.0,0.5,0.0,0.5,0.0,0.0,0.0,AI
23.666666666666668,97.55555555555554,1.0,1.0,0.9285714285714286,5.214285714285714,8.739795918367346,0.0,5,0.0,0.0,0.0,0.0,0.0,0.0,0.0,0.0,0.0,0.0,0.0,0.0,0.0,0.0,0.0,0.0,0.0,0.0,0.0,0.0,0.0,0.0,0.0,0.0,0.0,0.0,0.3333333333333333,0.0,0.6666666666666666,0.0,0.0,0.0,AI
23.666666666666668,238.2222222222222,1.0,1.0,0.9285714285714286,5.214285714285714,5.025510204081632,0.0,4,0.0,0.0,0.0,0.0,0.0,0.0,0.0,0.0,0.0,0.0,0.0,0.0,0.0,0.0,0.0,0.0,0.0,0.0,0.0,0.0,0.0,0.0,0.0,0.0,0.0,0.0,0.5,0.0,0.5,0.0,0.0,0.0,AI
22.666666666666668,352.88888888888886,0.9411764705882353,0.9375,0.9411764705882353,4.117647058823529,5.044982698961937,0.0,10,0.0,0.0,0.0,0.0,0.0,0.0,0.0,0.0,0.0,0.0,0.0,0.0,0.0,0.0,0.0,0.0,0.0,0.0,0.0,0.0,0.0,0.0,0.0,0.0,0.0,0.0,0.3333333333333333,0.0,0.6666666666666666,0.0,0.0,0.0,AI
23.333333333333332,402.88888888888886,1.0,1.0,1.0,4.8,7.626666666666666,0.0,7,0.0,0.0,0.0,0.0,0.0,0.0,0.0,0.0,0.0,0.0,0.0,0.0,0.0,0.0,0.0,0.0,0.0,0.0,0.0,0.0,0.0,0.0,0.0,0.0,0.0,0.0,0.3333333333333333,0.0,0.6666666666666666,0.0,0.0,0.0,AI
23.333333333333332,372.22222222222223,0.9333333333333333,0.9285714285714286,0.9333333333333333,4.8,4.693333333333333,0.0,5,0.0,0.0,0.0,0.0,0.0,0.0,0.0,0.0,0.0,0.0,0.0,0.0,0.0,0.0,0.0,0.0,0.0,0.0,0.0,0.0,0.0,0.0,0.0,0.0,0.0,0.0,0.3333333333333333,0.0,0.6666666666666666,0.0,0.0,0.0,AI
37.0,121.0,1.0,1.0,1.0,5.769230769230769,10.33136094674556,0.0,3,0.0,0.0,0.0,0.0,0.0,0.0,0.0,0.0,0.0,0.0,0.0,0.0,0.0,0.0,0.0,0.0,0.0,0.0,0.0,0.0,0.0,0.0,0.0,0.0,0.0,0.0,0.6666666666666666,0.0,0.3333333333333333,0.0,0.0,0.0,AI
17.0,101.0,1.0,1.0,1.0,4.733333333333333,8.062222222222223,0.0,7,0.0,0.0,0.0,0.0,0.0,0.0,0.0,0.0,0.0,0.0,0.0,0.0,0.0,0.0,0.0,0.0,0.0,0.0,0.0,0.0,0.0,0.0,0.0,0.0,0.0,0.0,0.2,0.0,0.6,0.0,0.0,0.2,AI
14.2,54.160000000000004,0.9166666666666666,0.9090909090909091,0.8461538461538461,6.166666666666667,5.138888888888888,0.0,5,0.0,0.0,0.0,0.0,0.0,0.0,0.0,0.0,0.0,0.0,0.0,0.0,0.0,0.0,0.0,0.0,0.0,0.0,0.0,0.0,0.0,0.0,0.0,0.0,0.0,0.0,0.0,0.0,1.0,0.0,0.0,0.0,AI
35.5,56.25,1.0,1.0,1.0,4.8,3.76,0.0,5,0.0,0.0,0.0,0.0,0.0,0.0,0.0,0.0,0.0,0.0,0.0,0.0,0.0,0.0,0.0,0.0,0.0,0.0,0.0,0.0,0.0,0.0,0.0,0.0,0.0,0.0,0.5,0.0,0.5,0.0,0.0,0.0,AI
17.5,82.25,1.0,1.0,1.0,5.214285714285714,9.311224489795919,0.0,6,0.0,0.0,0.0,0.0,0.0,0.0,0.0,0.0,0.0,0.0,0.0,0.0,0.0,0.0,0.0,0.0,0.0,0.0,0.0,0.0,0.0,0.0,0.0,0.0,0.0,0.0,0.0,0.0,1.0,0.0,0.0,0.0,AI
35.5,272.25,1.0,1.0,1.0,4.8,5.760000000000001,0.0,7,0.0,0.0,0.0,0.0,0.0,0.0,0.0,0.0,0.0,0.0,0.0,0.0,0.0,0.0,0.0,0.0,0.0,0.0,0.0,0.0,0.0,0.0,0.0,0.0,0.0,0.0,0.5,0.0,0.5,0.0,0.0,0.0,AI
34.5,380.25,0.9411764705882353,0.9375,0.8823529411764706,4.117647058823529,2.221453287197232,0.0,10,0.0,0.0,0.0,0.0,0.0,0.0,0.0,0.0,0.0,0.0,0.0,0.0,0.0,0.0,0.0,0.0,0.0,0.0,0.0,0.0,0.0,0.0,0.0,0.0,0.0,0.0,0.5,0.0,0.5,0.0,0.0,0.0,AI
36.5,552.25,1.0,1.0,1.0,6.166666666666667,7.805555555555556,0.0,2,0.0,0.0,0.0,0.0,0.0,0.0,0.0,0.0,0.0,0.0,0.0,0.0,0.0,0.0,0.0,0.0,0.0,0.0,0.0,0.0,0.0,0.0,0.0,0.0,0.0,0.0,0.5,0.0,0.5,0.0,0.0,0.0,AI
39.0,1521.0,1.0,1.0,1.0,8.777777777777779,25.50617283950617,0.0,1,0.0,0.0,0.0,0.0,0.0,0.0,0.0,0.0,0.0,0.0,0.0,0.0,0.0,0.0,0.0,0.0,0.0,0.0,0.0,0.0,0.0,0.0,0.0,0.0,0.0,0.0,0.6666666666666666,0.0,0.3333333333333333,0.0,0.0,0.0,AI
74.0,0.0,1.0,1.0,1.0,6.166666666666667,7.8055555555555545,0.0,5,0.0,0.0,0.0,0.0,0.0,0.0,0.0,0.0,0.0,0.0,0.0,0.0,0.0,0.0,0.0,0.0,0.0,0.0,0.0,0.0,0.0,0.0,0.0,0.0,0.0,0.0,1.0,0.0,0.0,0.0,0.0,0.0,AI
36.5,552.25,0.9230769230769231,0.9166666666666666,0.8461538461538461,5.6923076923076925,14.828402366863909,0.0,7,0.0,0.0,0.0,0.0,0.0,0.0,0.0,0.0,0.0,0.0,0.0,0.0,0.0,0.0,0.0,0.0,0.0,0.0,0.0,0.0,0.0,0.0,0.0,0.5,0.0,0.0,0.0,0.0,0.5,0.0,0.0,0.0,AI
36.5,110.25,0.9230769230769231,0.9166666666666666,0.9230769230769231,5.6923076923076925,12.674556213017752,0.0,5,0.0,0.0,0.0,0.0,0.0,0.0,0.0,0.0,0.0,0.0,0.0,0.0,0.0,0.0,0.0,0.0,0.0,0.0,0.0,0.0,0.0,0.0,0.0,0.0,0.0,0.0,0.5,0.0,0.5,0.0,0.0,0.0,AI
36.0,784.0,1.0,1.0,1.0,4.866666666666666,5.982222222222221,0.0,7,0.0,0.0,0.0,0.0,0.0,0.0,0.0,0.0,0.0,0.0,0.0,0.0,0.0,0.0,0.0,0.0,0.0,0.0,0.0,0.0,0.0,0.0,0.0,0.0,0.0,0.0,0.5,0.0,0.5,0.0,0.0,0.0,AI
37.5,272.25,1.0,1.0,1.0,6.333333333333333,16.722222222222225,0.0,4,0.0,0.0,0.0,0.0,0.0,0.0,0.0,0.0,0.0,0.0,0.0,0.0,0.0,0.0,0.0,0.0,0.0,0.0,0.0,0.0,0.0,0.0,0.0,0.0,0.0,0.0,0.6666666666666666,0.0,0.3333333333333333,0.0,0.0,0.0,AI
35.5,240.25,1.0,1.0,1.0,4.8,5.759999999999999,0.0,7,0.0,0.0,0.0,0.0,0.0,0.0,0.0,0.0,0.0,0.0,0.0,0.0,0.0,0.5,0.0,0.0,0.0,0.0,0.0,0.0,0.0,0.0,0.0,0.0,0.0,0.0,0.0,0.0,0.5,0.0,0.0,0.0,AI
38.0,484.0,1.0,1.0,1.0,7.0,9.272727272727273,0.0,2,0.0,0.0,0.0,0.0,0.0,0.0,0.0,0.0,0.0,0.0,0.0,0.0,0.0,0.0,0.0,0.0,0.0,0.0,0.0,0.0,0.0,0.0,0.0,0.0,0.0,0.0,0.0,0.0,1.0,0.0,0.0,0.0,AI
37.5,756.25,1.0,1.0,0.9166666666666666,6.333333333333333,13.888888888888888,0.0,5,0.0,0.0,0.0,0.0,0.0,0.0,0.0,0.0,0.0,0.0,0.0,0.0,0.0,0.0,0.0,0.0,0.0,0.0,0.0,0.0,0.0,0.0,0.0,0.0,0.0,0.0,0.0,0.0,1.0,0.0,0.0,0.0,AI
73.0,0.0,1.0,1.0,1.0,5.214285714285714,9.88265306122449,0.0,5,0.0,0.0,0.0,0.0,0.0,0.0,0.0,0.0,0.0,0.0,0.0,0.0,0.0,0.0,0.0,0.0,0.0,0.0,0.0,0.0,0.0,0.0,0.0,0.0,0.0,0.0,1.0,0.0,0.0,0.0,0.0,0.0,AI
37.5,2.25,1.0,1.0,1.0,6.909090909090909,9.537190082644628,0.0,3,0.0,0.0,0.0,0.0,0.0,0.0,0.0,0.0,0.0,0.0,0.0,0.0,0.0,0.0,0.0,0.0,0.0,0.0,0.0,0.0,0.0,0.0,0.0,0.0,0.0,0.0,0.0,0.0,1.0,0.0,0.0,0.0,AI
36.5,420.25,1.0,1.0,1.0,5.285714285714286,6.346938775510204,0.0,5,0.0,0.0,0.0,0.0,0.0,0.0,0.0,0.0,0.0,0.0,0.0,0.0,0.0,0.0,0.0,0.0,0.0,0.0,0.0,0.0,0.0,0.0,0.0,0.0,0.0,0.0,0.5,0.0,0.5,0.0,0.0,0.0,AI
38.0,121.0,1.0,1.0,1.0,7.0,10.909090909090908,0.0,1,0.0,0.0,0.0,0.0,0.0,0.0,0.0,0.0,0.0,0.0,0.0,0.0,0.0,0.0,0.0,0.0,0.0,0.0,0.0,0.0,0.0,0.0,0.0,0.0,0.0,0.0,0.0,0.0,1.0,0.0,0.0,0.0,AI
37.5,812.25,1.0,1.0,1.0,6.909090909090909,10.809917355371901,0.0,3,0.0,0.0,0.0,0.0,0.0,0.0,0.0,0.0,0.0,0.0,0.0,0.0,0.0,0.0,0.0,0.0,0.0,0.0,0.0,0.0,0.0,0.0,0.0,0.0,0.0,0.0,0.5,0.0,0.5,0.0,0.0,0.0,AI
36.5,0.25,0.9285714285714286,0.9230769230769231,0.9285714285714286,5.285714285714286,11.918367346938776,0.0,6,0.0,0.0,0.0,0.0,0.0,0.0,0.0,0.0,0.0,0.0,0.0,0.0,0.0,0.0,0.0,0.0,0.0,0.0,0.0,0.0,0.0,0.0,0.0,0.0,0.0,0.0,0.0,0.0,1.0,0.0,0.0,0.0,AI
38.0,441.0,1.0,1.0,1.0,7.0,13.818181818181818,0.0,3,0.0,0.0,0.0,0.0,0.0,0.0,0.0,0.0,0.0,0.0,0.0,0.0,0.0,0.5,0.0,0.0,0.0,0.0,0.0,0.0,0.0,0.0,0.0,0.0,0.0,0.0,0.0,0.0,0.5,0.0,0.0,0.0,AI
78.0,0.0,1.0,1.0,1.0,7.8,23.559999999999995,0.0,2,0.0,0.0,0.0,0.0,0.0,0.0,0.0,0.0,0.0,0.0,0.0,0.0,0.0,0.3333333333333333,0.0,0.0,0.0,0.0,0.0,0.0,0.0,0.0,0.0,0.0,0.0,0.0,0.6666666666666666,0.0,0.0,0.0,0.0,0.0,AI
36.5,12.25,1.0,1.0,1.0,5.6923076923076925,9.751479289940828,0.0,6,0.0,0.0,0.0,0.0,0.0,0.0,0.0,0.0,0.0,0.0,0.0,0.0,0.0,0.0,0.0,0.0,0.0,0.0,0.0,0.0,0.0,0.0,0.0,0.0,0.0,0.0,0.5,0.0,0.5,0.0,0.0,0.0,AI
35.5,12.25,0.9375,0.9333333333333333,0.9375,4.5,8.25,0.0,7,0.0,0.0,0.0,0.0,0.0,0.0,0.0,0.0,0.0,0.0,0.0,0.0,0.0,0.0,0.0,0.0,0.0,0.0,0.0,0.0,0.0,0.0,0.0,0.0,0.0,0.0,0.5,0.0,0.5,0.0,0.0,0.0,AI
72.0,0.0,1.0,1.0,1.0,4.5,5.375,0.0,8,0.0,0.0,0.0,0.0,0.0,0.0,0.0,0.0,0.0,0.0,0.0,0.0,0.0,0.0,0.0,0.0,0.0,0.0,0.0,0.0,0.0,0.0,0.0,0.0,0.0,0.0,1.0,0.0,0.0,0.0,0.0,0.0,AI
38.0,1369.0,1.0,1.0,1.0,7.7,19.610000000000003,0.0,2,0.0,0.0,0.0,0.0,0.0,0.0,0.0,0.0,0.0,0.0,0.0,0.0,0.0,0.3333333333333333,0.0,0.0,0.0,0.0,0.0,0.0,0.0,0.0,0.0,0.3333333333333333,0.0,0.0,0.0,0.0,0.3333333333333333,0.0,0.0,0.0,AI
73.0,0.0,1.0,1.0,1.0,5.214285714285714,6.168367346938777,0.0,5,0.0,0.0,0.0,0.0,0.0,0.0,0.0,0.0,0.0,0.0,0.0,0.0,0.0,0.0,0.0,0.0,0.0,0.0,0.0,0.0,0.0,0.0,0.0,0.0,0.0,0.0,1.0,0.0,0.0,0.0,0.0,0.0,AI
38.5,1406.25,1.0,1.0,1.0,8.666666666666666,21.333333333333332,0.0,3,0.0,0.0,0.0,0.0,0.0,0.0,0.0,0.0,0.0,0.0,0.0,0.0,0.0,0.0,0.0,0.0,0.0,0.0,0.0,0.0,0.0,0.0,0.0,0.5,0.0,0.0,0.0,0.0,0.5,0.0,0.0,0.0,AI
37.0,16.0,1.0,1.0,1.0,5.769230769230769,7.254437869822484,0.0,4,0.0,0.0,0.0,0.0,0.0,0.0,0.0,0.0,0.0,0.0,0.0,0.0,0.0,0.0,0.0,0.0,0.0,0.0,0.0,0.0,0.0,0.0,0.0,0.0,0.0,0.0,0.5,0.0,0.5,0.0,0.0,0.0,AI
38.5,20.25,1.0,1.0,1.0,7.8,14.36,0.0,1,0.0,0.0,0.0,0.0,0.0,0.0,0.0,0.0,0.0,0.0,0.0,0.0,0.0,0.0,0.0,0.0,0.0,0.0,0.0,0.0,0.0,0.0,0.0,0.0,0.0,0.0,0.0,0.0,1.0,0.0,0.0,0.0,AI
75.0,0.0,1.0,1.0,1.0,5.769230769230769,16.792899408284022,0.0,6,0,0,0,0,0,0,0,0,0,0,0,0,0,0,0,0,0,0,0,0,0,0,0,0,0,0,0,0,0,0,0,0,AI
36.0,400.0,0.9285714285714286,0.9230769230769231,0.9285714285714286,5.214285714285714,13.025510204081636,0.0,5,0.0,0.0,0.0,0.0,0.0,0.0,0.0,0.0,0.0,0.0,0.0,0.0,0.0,0.0,0.0,0.0,0.0,0.0,0.0,0.0,0.0,0.0,0.0,0.5,0.0,0.0,0.0,0.0,0.5,0.0,0.0,0.0,AI
36.5,650.25,1.0,1.0,1.0,5.6923076923076925,7.905325443786982,0.0,4,0.0,0.0,0.0,0.0,0.0,0.0,0.0,0.0,0.0,0.0,0.0,0.0,0.0,0.0,0.0,0.0,0.0,0.0,0.0,0.0,0.0,0.0,0.0,0.0,0.0,0.0,0.5,0.0,0.5,0.0,0.0,0.0,AI
77.0,0.0,1.0,1.0,1.0,7.0,7.090909090909091,0.0,2,0.0,0.0,0.0,0.0,0.0,0.0,0.0,0.0,0.0,0.0,0.0,0.0,0.0,0.0,0.0,0.0,0.0,0.0,0.0,0.0,0.0,0.0,0.0,0.0,0.0,0.0,1.0,0.0,0.0,0.0,0.0,0.0,AI
37.5,380.25,1.0,1.0,1.0,7.6,5.24,0.0,1,0.0,0.0,0.0,0.0,0.0,0.0,0.0,0.0,0.0,0.0,0.0,0.0,0.0,0.0,0.0,0.0,0.0,0.0,0.0,0.0,0.0,0.0,0.0,0.5,0.0,0.0,0.0,0.0,0.5,0.0,0.0,0.0,AI
37.0,484.0,1.0,1.0,1.0,5.769230769230769,12.023668639053255,0.0,5,0.0,0.0,0.0,0.0,0.0,0.0,0.0,0.0,0.0,0.0,0.0,0.0,0.0,0.0,0.0,0.0,0.0,0.0,0.0,0.0,0.0,0.0,0.0,0.0,0.0,0.0,0.5,0.0,0.5,0.0,0.0,0.0,AI
37.0,1225.0,1.0,1.0,1.0,6.25,14.020833333333334,0.0,4,0.0,0.0,0.0,0.0,0.0,0.0,0.0,0.0,0.0,0.0,0.0,0.0,0.0,0.0,0.0,0.0,0.0,0.0,0.0,0.0,0.0,0.0,0.0,0.0,0.0,0.0,0.5,0.0,0.5,0.0,0.0,0.0,AI
76.0,0.0,1.0,1.0,1.0,6.333333333333333,6.555555555555557,0.0,4,0.0,0.0,0.0,0.0,0.0,0.0,0.0,0.0,0.0,0.0,0.0,0.0,0.0,0.0,0.0,0.0,0.0,0.0,0.0,0.0,0.0,0.0,0.0,1.0,0.0,0.0,0.0,0.0,0.0,0.0,0.0,0.0,AI
37.5,110.25,1.0,1.0,1.0,6.333333333333333,18.72222222222223,0.0,3,0.0,0.0,0.0,0.0,0.0,0.0,0.0,0.0,0.0,0.0,0.0,0.0,0.0,0.0,0.0,0.0,0.0,0.0,0.0,0.0,0.0,0.0,0.0,0.0,0.0,0.0,0.5,0.0,0.5,0.0,0.0,0.0,AI
37.5,600.25,1.0,1.0,1.0,6.333333333333333,10.555555555555555,0.0,3,0.0,0.0,0.0,0.0,0.0,0.0,0.0,0.0,0.0,0.0,0.0,0.0,0.0,0.0,0.0,0.0,0.0,0.0,0.0,0.0,0.0,0.0,0.0,0.0,0.0,0.0,0.0,0.0,1.0,0.0,0.0,0.0,AI
37.0,441.0,0.9090909090909091,0.9,0.9090909090909091,6.818181818181818,10.330578512396695,0.0,4,0.0,0.0,0.0,0.0,0.0,0.0,0.0,0.0,0.0,0.0,0.0,0.0,0.0,0.0,0.0,0.0,0.0,0.0,0.0,0.0,0.0,0.0,0.0,0.5,0.0,0.0,0.0,0.0,0.5,0.0,0.0,0.0,AI
37.0,121.0,1.0,1.0,1.0,6.25,13.354166666666666,0.0,4,0.0,0.0,0.0,0.0,0.0,0.0,0.0,0.0,0.0,0.0,0.0,0.0,0.0,0.0,0.0,0.0,0.0,0.0,0.0,0.0,0.0,0.0,0.0,0.0,0.0,0.0,0.0,0.0,1.0,0.0,0.0,0.0,AI
38.0,121.0,1.0,1.0,1.0,7.7,11.010000000000002,0.0,3,0.0,0.0,0.0,0.0,0.0,0.0,0.0,0.0,0.0,0.0,0.0,0.0,0.0,0.0,0.0,0.0,0.0,0.0,0.0,0.0,0.0,0.0,0.0,0.3333333333333333,0.0,0.0,0.3333333333333333,0.0,0.3333333333333333,0.0,0.0,0.0,AI
37.0,144.0,1.0,1.0,1.0,6.818181818181818,11.96694214876033,0.0,2,0.0,0.0,0.0,0.0,0.0,0.0,0.0,0.0,0.0,0.0,0.0,0.0,0.0,0.0,0.0,0.0,0.0,0.0,0.0,0.0,0.0,0.0,0.0,0.0,0.0,0.0,0.6666666666666666,0.0,0.3333333333333333,0.0,0.0,0.0,AI
34.5,72.25,1.0,1.0,0.9444444444444444,3.888888888888889,3.765432098765432,0.0,8,0.0,0.0,0.0,0.0,0.0,0.0,0.0,0.0,0.0,0.0,0.0,0.0,0.0,0.0,0.0,0.0,0.0,0.0,0.0,0.0,0.0,0.0,0.0,0.0,0.0,0.0,0.6666666666666666,0.0,0.3333333333333333,0.0,0.0,0.0,AI
34.5,600.25,0.9411764705882353,0.9375,0.9411764705882353,4.117647058823529,2.6920415224913494,0.0,5,0.0,0.0,0.0,0.0,0.0,0.0,0.0,0.0,0.0,0.0,0.0,0.0,0.0,0.0,0.0,0.0,0.0,0.0,0.0,0.0,0.0,0.0,0.0,0.0,0.0,0.0,0.5,0.0,0.5,0.0,0.0,0.0,AI
35.5,90.25,1.0,1.0,0.9375,4.5,4.625,0.0,7,0.0,0.0,0.0,0.0,0.0,0.0,0.0,0.0,0.0,0.0,0.0,0.0,0.0,0.0,0.0,0.0,0.0,0.0,0.0,0.0,0.0,0.0,0.0,0.0,0.0,0.0,0.5,0.0,0.5,0.0,0.0,0.0,AI
35.5,72.25,1.0,1.0,0.9375,4.5,6.75,0.0,8,0.0,0.0,0.0,0.0,0.0,0.0,0.0,0.0,0.0,0.0,0.0,0.0,0.0,0.0,0.0,0.0,0.0,0.0,0.0,0.0,0.0,0.0,0.0,0.0,0.0,0.0,0.5,0.0,0.5,0.0,0.0,0.0,AI
23.0,68.66666666666667,0.8666666666666667,0.9230769230769231,0.8666666666666667,4.733333333333333,9.662222222222221,0.0,9,0.0,0.0,0.0,0.0,0.0,0.0,0.0,0.0,0.0,0.0,0.0,0.0,0.0,0.0,0.0,0.0,0.0,0.0,0.0,0.0,0.0,0.0,0.0,0.0,0.0,0.0,0.5,0.0,0.5,0.0,0.0,0.0,AI
35.5,0.25,1.0,1.0,1.0,4.8,7.626666666666668,0.0,6,0.0,0.0,0.0,0.0,0.0,0.0,0.0,0.0,0.0,0.0,0.0,0.0,0.0,0.0,0.0,0.0,0.0,0.0,0.0,0.0,0.0,0.0,0.0,0.0,0.0,0.0,0.5,0.0,0.5,0.0,0.0,0.0,AI
35.5,2.25,1.0,1.0,1.0,4.5,6.0,0.0,7,0.0,0.0,0.0,0.0,0.0,0.0,0.0,0.0,0.0,0.0,0.0,0.0,0.0,0.0,0.0,0.0,0.0,0.0,0.0,0.0,0.0,0.0,0.0,0.0,0.0,0.0,0.5,0.0,0.5,0.0,0.0,0.0,AI
17.5,40.75,1.0,1.0,1.0,6.636363636363637,5.1404958677685935,0.0,2,0.0,0.0,0.0,0.0,0.0,0.0,0.0,0.0,0.0,0.0,0.0,0.0,0.0,0.0,0.0,0.0,0.0,0.0,0.0,0.0,0.0,0.0,0.0,0.0,0.0,0.0,0.25,0.0,0.75,0.0,0.0,0.0,AI
36.5,6.25,1.0,1.0,1.0,5.285714285714286,5.20408163265306,0.0,5,0.0,0.0,0.0,0.0,0.0,0.0,0.0,0.0,0.0,0.0,0.0,0.0,0.0,0.0,0.0,0.0,0.0,0.0,0.0,0.0,0.0,0.0,0.0,0.0,0.0,0.0,0.6666666666666666,0.0,0.3333333333333333,0.0,0.0,0.0,AI
16.75,73.6875,1.0,1.0,0.9333333333333333,4.666666666666667,8.755555555555556,0.0,7,0.0,0.0,0.0,0.0,0.0,0.0,0.0,0.0,0.0,0.0,0.0,0.0,0.0,0.0,0.0,0.0,0.0,0.0,0.0,0.0,0.0,0.0,0.0,0.0,0.0,0.0,0.25,0.0,0.75,0.0,0.0,0.0,AI
37.0,25.0,1.0,1.0,1.0,6.25,3.6875,0.0,2,0.0,0.0,0.0,0.0,0.0,0.0,0.0,0.0,0.0,0.0,0.0,0.0,0.0,0.0,0.0,0.0,0.0,0.0,0.0,0.0,0.0,0.0,0.0,0.0,0.0,0.0,0.0,0.0,1.0,0.0,0.0,0.0,AI
37.5,6.25,1.0,1.0,1.0,6.333333333333333,8.555555555555555,0.0,4,0.0,0.0,0.0,0.0,0.0,0.0,0.0,0.0,0.0,0.0,0.0,0.0,0.0,0.0,0.0,0.0,0.0,0.0,0.0,0.0,0.0,0.0,0.0,0.0,0.0,0.0,0.5,0.0,0.5,0.0,0.0,0.0,AI
35.5,272.25,0.8666666666666667,0.9230769230769231,0.8666666666666667,4.8,5.893333333333333,0.0,6,0.0,0.0,0.0,0.0,0.0,0.0,0.0,0.0,0.0,0.0,0.0,0.0,0.0,0.0,0.0,0.0,0.0,0.0,0.0,0.0,0.0,0.0,0.0,0.0,0.0,0.0,0.5,0.0,0.5,0.0,0.0,0.0,AI
22.666666666666668,274.88888888888886,0.9375,0.9333333333333333,0.9375,4.375,5.234375,0.0,7,0.0,0.0,0.0,0.0,0.0,0.0,0.0,0.0,0.0,0.0,0.0,0.0,0.0,0.0,0.0,0.0,0.0,0.0,0.0,0.0,0.0,0.0,0.0,0.0,0.0,0.0,0.0,0.0,1.0,0.0,0.0,0.0,AI
72.0,0.0,1.0,1.0,1.0,4.5,6.0,0.0,7,0.0,0.0,0.0,0.0,0.0,0.0,0.0,0.0,0.0,0.0,0.0,0.0,0.0,0.0,0.0,0.0,0.0,0.0,0.0,0.0,0.0,0.0,0.0,0.0,0.0,0.0,1.0,0.0,0.0,0.0,0.0,0.0,AI
36.5,0.25,1.0,1.0,0.9333333333333333,5.285714285714286,9.77551020408163,0.0,5,0.0,0.0,0.0,0.0,0.0,0.0,0.0,0.0,0.0,0.0,0.0,0.0,0.0,0.0,0.0,0.0,0.0,0.0,0.0,0.0,0.0,0.0,0.0,0.0,0.0,0.0,0.5,0.0,0.5,0.0,0.0,0.0,AI
23.333333333333332,328.22222222222223,1.0,1.0,1.0,4.8,5.36,0.0,7,0.0,0.0,0.0,0.0,0.0,0.0,0.0,0.0,0.0,0.0,0.0,0.0,0.0,0.0,0.0,0.0,0.0,0.0,0.0,0.0,0.0,0.0,0.0,0.0,0.0,0.0,0.3333333333333333,0.0,0.6666666666666666,0.0,0.0,0.0,AI
35.5,272.25,0.9333333333333333,0.9285714285714286,0.8666666666666667,4.8,6.16,0.0,6,0.0,0.0,0.0,0.0,0.0,0.0,0.0,0.0,0.0,0.0,0.0,0.0,0.0,0.0,0.0,0.0,0.0,0.0,0.0,0.0,0.0,0.0,0.0,0.0,0.0,0.0,0.5,0.0,0.5,0.0,0.0,0.0,AI
34.5,930.25,0.9375,0.9333333333333333,0.9375,4.375,5.359375,0.0,9,0.0,0.0,0.0,0.0,0.0,0.0,0.0,0.0,0.0,0.0,0.0,0.0,0.0,0.0,0.0,0.0,0.0,0.0,0.0,0.0,0.0,0.0,0.0,0.0,0.0,0.0,0.5,0.0,0.5,0.0,0.0,0.0,AI
35.5,42.25,0.9333333333333333,0.9285714285714286,0.9333333333333333,4.8,9.493333333333332,0.0,7,0.0,0.0,0.0,0.0,0.0,0.0,0.0,0.0,0.0,0.0,0.0,0.0,0.0,0.0,0.0,0.0,0.0,0.0,0.0,0.0,0.0,0.0,0.0,0.0,0.0,0.0,0.5,0.0,0.5,0.0,0.0,0.0,AI
35.5,380.25,0.9333333333333333,0.9285714285714286,0.9375,4.8,5.8933333333333335,0.0,8,0.0,0.0,0.0,0.0,0.0,0.0,0.0,0.0,0.0,0.0,0.0,0.0,0.0,0.0,0.0,0.0,0.0,0.0,0.0,0.0,0.0,0.0,0.0,0.0,0.0,0.0,0.6666666666666666,0.0,0.3333333333333333,0.0,0.0,0.0,AI
22.666666666666668,324.22222222222223,0.9411764705882353,0.9375,0.9411764705882353,4.117647058823529,5.044982698961937,0.0,9,0.0,0.0,0.0,0.0,0.0,0.0,0.0,0.0,0.0,0.0,0.0,0.0,0.0,0.0,0.0,0.0,0.0,0.0,0.0,0.0,0.0,0.0,0.0,0.0,0.0,0.0,0.3333333333333333,0.0,0.6666666666666666,0.0,0.0,0.0,AI
35.0,121.0,0.9375,0.9333333333333333,0.9375,4.4375,3.62109375,0.0,7,0.0,0.0,0.0,0.0,0.0,0.0,0.0,0.0,0.0,0.0,0.0,0.0,0.0,0.0,0.0,0.0,0.0,0.0,0.0,0.0,0.0,0.0,0.0,0.0,0.0,0.0,0.5,0.0,0.5,0.0,0.0,0.0,AI
37.0,361.0,1.0,1.0,1.0,6.25,7.020833333333333,0.0,4,0.0,0.0,0.0,0.0,0.0,0.0,0.0,0.0,0.0,0.0,0.0,0.0,0.0,0.0,0.0,0.0,0.0,0.0,0.0,0.0,0.0,0.0,0.0,0.0,0.0,0.0,0.0,0.0,1.0,0.0,0.0,0.0,AI
76.0,0.0,1.0,1.0,1.0,6.333333333333333,16.88888888888889,0.0,3,0.0,0.0,0.0,0.0,0.0,0.0,0.0,0.0,0.0,0.0,0.0,0.0,0.0,0.0,0.0,0.0,0.0,0.0,0.0,0.0,0.0,0.0,0.0,0.0,0.0,0.0,1.0,0.0,0.0,0.0,0.0,0.0,AI
35.0,9.0,0.9375,0.9333333333333333,0.875,4.4375,11.62109375,0.0,9,0.0,0.0,0.0,0.0,0.0,0.0,0.0,0.0,0.0,0.0,0.0,0.0,0.0,0.0,0.0,0.0,0.0,0.0,0.0,0.0,0.0,0.0,0.0,0.0,0.0,0.0,0.0,0.0,1.0,0.0,0.0,0.0,AI
37.0,676.0,1.0,1.0,1.0,5.769230769230769,16.023668639053252,0.0,5,0.0,0.0,0.0,0.0,0.0,0.0,0.0,0.0,0.0,0.0,0.0,0.0,0.0,0.0,0.0,0.0,0.0,0.0,0.0,0.0,0.0,0.0,0.0,0.0,0.0,0.0,0.0,0.0,1.0,0.0,0.0,0.0,AI
36.5,342.25,1.0,1.0,1.0,5.285714285714286,8.061224489795919,0.0,4,0.0,0.0,0.0,0.0,0.0,0.0,0.0,0.0,0.0,0.0,0.0,0.0,0.0,0.0,0.0,0.0,0.0,0.0,0.0,0.0,0.0,0.0,0.0,0.0,0.0,0.0,0.0,0.0,1.0,0.0,0.0,0.0,AI
36.0,49.0,0.9285714285714286,0.9230769230769231,0.9285714285714286,5.214285714285714,6.025510204081634,0.0,6,0.0,0.0,0.0,0.0,0.0,0.0,0.0,0.0,0.0,0.0,0.0,0.0,0.0,0.0,0.0,0.0,0.0,0.0,0.0,0.0,0.0,0.0,0.0,0.0,0.0,0.0,0.5,0.0,0.5,0.0,0.0,0.0,AI
76.0,0.0,1.0,1.0,1.0,6.333333333333333,15.388888888888891,0.0,5,0.0,0.0,0.0,0.0,0.0,0.0,0.0,0.0,0.0,0.0,0.0,0.0,0.0,0.5,0.0,0.0,0.0,0.0,0.0,0.0,0.0,0.0,0.0,0.0,0.0,0.0,0.5,0.0,0.0,0.0,0.0,0.0,AI
24.333333333333332,764.2222222222223,1.0,1.0,1.0,6.25,14.020833333333334,0.0,4,0.0,0.0,0.0,0.0,0.0,0.0,0.0,0.0,0.0,0.0,0.0,0.0,0.0,0.0,0.0,0.0,0.0,0.0,0.0,0.0,0.0,0.0,0.0,0.0,0.0,0.0,0.3333333333333333,0.0,0.6666666666666666,0.0,0.0,0.0,AI
38.5,30.25,1.0,1.0,1.0,7.8,4.76,0.0,1,0.0,0.0,0.0,0.0,0.0,0.0,0.0,0.0,0.0,0.0,0.0,0.0,0.0,0.0,0.0,0.0,0.0,0.0,0.0,0.0,0.0,0.0,0.0,0.0,0.0,0.0,0.0,0.0,1.0,0.0,0.0,0.0,AI
36.5,182.25,1.0,1.0,1.0,5.285714285714286,12.06122448979592,0.0,5,0.0,0.0,0.0,0.0,0.0,0.0,0.0,0.0,0.0,0.0,0.0,0.0,0.0,0.0,0.0,0.0,0.0,0.0,0.0,0.0,0.0,0.0,0.0,0.0,0.0,0.0,0.5,0.0,0.5,0.0,0.0,0.0,AI
37.0,441.0,1.0,1.0,1.0,6.818181818181818,8.87603305785124,0.0,2,0.0,0.0,0.0,0.0,0.0,0.0,0.0,0.0,0.0,0.0,0.0,0.0,0.0,0.0,0.0,0.0,0.0,0.0,0.0,0.0,0.0,0.0,0.0,0.0,0.0,0.0,0.0,0.0,1.0,0.0,0.0,0.0,AI
37.5,420.25,1.0,1.0,1.0,6.333333333333333,16.555555555555557,0.0,6,0.0,0.0,0.0,0.0,0.0,0.0,0.0,0.0,0.0,0.0,0.0,0.0,0.0,0.0,0.0,0.0,0.0,0.0,0.0,0.0,0.0,0.0,0.0,0.0,0.0,0.0,0.0,0.0,1.0,0.0,0.0,0.0,AI
73.0,0.0,0.9333333333333333,0.9285714285714286,0.9333333333333333,4.866666666666666,9.582222222222219,0.0,8,0.0,0.0,0.0,0.0,0.0,0.0,0.0,0.0,0.0,0.0,0.0,0.0,0.0,0.0,0.0,0.0,0.0,0.0,0.0,0.0,0.0,0.0,0.0,0.0,0.0,0.0,1.0,0.0,0.0,0.0,0.0,0.0,AI
23.666666666666668,427.5555555555556,1.0,1.0,0.9285714285714286,5.214285714285714,5.168367346938775,0.0,5,0.0,0.0,0.0,0.0,0.0,0.0,0.0,0.0,0.0,0.0,0.0,0.0,0.0,0.0,0.0,0.0,0.0,0.0,0.0,0.0,0.0,0.0,0.0,0.0,0.0,0.0,0.0,0.0,1.0,0.0,0.0,0.0,AI
72.0,0.0,1.0,1.0,1.0,4.5,8.875,0.0,8,0,0,0,0,0,0,0,0,0,0,0,0,0,0,0,0,0,0,0,0,0,0,0,0,0,0,0,0,0,0,0,0,AI
37.5,552.25,1.0,1.0,1.0,6.333333333333333,8.055555555555557,0.0,3,0.0,0.0,0.0,0.0,0.0,0.0,0.0,0.0,0.0,0.0,0.0,0.0,0.0,0.0,0.0,0.0,0.0,0.0,0.0,0.0,0.0,0.0,0.0,0.0,0.0,0.0,0.0,0.0,1.0,0.0,0.0,0.0,AI
23.666666666666668,94.88888888888887,1.0,1.0,1.0,5.214285714285714,10.596938775510205,0.0,5,0.0,0.0,0.0,0.0,0.0,0.0,0.0,0.0,0.0,0.0,0.0,0.0,0.0,0.0,0.0,0.0,0.0,0.0,0.0,0.0,0.0,0.0,0.0,0.0,0.0,0.0,0.3333333333333333,0.0,0.6666666666666666,0.0,0.0,0.0,AI
36.0,16.0,0.9285714285714286,0.9230769230769231,0.9285714285714286,5.214285714285714,13.454081632653061,0.0,7,0.0,0.0,0.0,0.0,0.0,0.0,0.0,0.0,0.0,0.0,0.0,0.0,0.0,0.0,0.0,0.0,0.0,0.0,0.0,0.0,0.0,0.0,0.0,0.0,0.0,0.0,0.5,0.0,0.5,0.0,0.0,0.0,AI
36.5,650.25,1.0,1.0,1.0,5.6923076923076925,9.136094674556212,0.0,5,0.0,0.0,0.0,0.0,0.0,0.0,0.0,0.0,0.0,0.0,0.0,0.0,0.0,0.0,0.0,0.0,0.0,0.0,0.0,0.0,0.0,0.0,0.0,0.5,0.0,0.0,0.0,0.0,0.5,0.0,0.0,0.0,AI
77.0,0.0,1.0,1.0,1.0,7.0,9.636363636363637,0.0,2,0,0,0,0,0,0,0,0,0,0,0,0,0,0,0,0,0,0,0,0,0,0,0,0,0,0,0,0,0,0,0,0,AI
37.0,289.0,1.0,1.0,1.0,6.25,15.6875,0.0,4,0.0,0.0,0.0,0.0,0.0,0.0,0.0,0.0,0.0,0.0,0.0,0.0,0.0,0.0,0.0,0.0,0.0,0.0,0.0,0.0,0.0,0.0,0.0,0.3333333333333333,0.0,0.0,0.3333333333333333,0.0,0.3333333333333333,0.0,0.0,0.0,AI
37.5,812.25,1.0,1.0,1.0,6.333333333333333,16.38888888888889,0.0,3,0.0,0.0,0.0,0.0,0.0,0.0,0.0,0.0,0.0,0.0,0.0,0.0,0.0,0.0,0.0,0.0,0.0,0.0,0.0,0.0,0.0,0.0,0.0,0.0,0.0,0.0,0.5,0.0,0.5,0.0,0.0,0.0,AI
76.0,0.0,1.0,1.0,1.0,6.333333333333333,13.055555555555557,0.0,5,0,0,0,0,0,0,0,0,0,0,0,0,0,0,0,0,0,0,0,0,0,0,0,0,0,0,0,0,0,0,0,0,AI
36.5,1260.25,1.0,1.0,1.0,5.6923076923076925,8.674556213017752,0.0,2,0.0,0.0,0.0,0.0,0.0,0.0,0.0,0.0,0.0,0.0,0.0,0.0,0.0,0.0,0.0,0.0,0.0,0.0,0.0,0.0,0.0,0.0,0.0,0.3333333333333333,0.0,0.0,0.3333333333333333,0.0,0.3333333333333333,0.0,0.0,0.0,AI
24.333333333333332,344.22222222222223,0.9090909090909091,0.9,0.9090909090909091,6.818181818181818,9.057851239669423,0.0,4,0.0,0.0,0.0,0.0,0.0,0.0,0.0,0.0,0.0,0.0,0.0,0.0,0.0,0.0,0.0,0.0,0.0,0.0,0.0,0.0,0.0,0.0,0.0,0.0,0.0,0.0,0.3333333333333333,0.0,0.6666666666666666,0.0,0.0,0.0,AI
38.0,784.0,1.0,1.0,1.0,7.0,13.818181818181818,0.0,1,0.0,0.0,0.0,0.0,0.0,0.0,0.0,0.0,0.0,0.0,0.0,0.0,0.0,0.0,0.0,0.0,0.0,0.0,0.0,0.0,0.0,0.0,0.0,0.5,0.0,0.0,0.0,0.0,0.5,0.0,0.0,0.0,AI
75.0,0.0,1.0,1.0,1.0,5.769230769230769,4.6390532544378695,0.0,5,0.0,0.0,0.0,0.0,0.0,0.0,0.0,0.0,0.0,0.0,0.0,0.0,0.0,0.0,0.0,0.0,0.0,0.0,0.0,0.0,0.0,0.0,0.0,0.0,0.0,0.0,1.0,0.0,0.0,0.0,0.0,0.0,AI
37.0,441.0,1.0,1.0,1.0,6.25,13.1875,0.0,3,0.0,0.0,0.0,0.0,0.0,0.0,0.0,0.0,0.0,0.0,0.0,0.0,0.0,0.0,0.0,0.0,0.0,0.0,0.0,0.0,0.0,0.0,0.0,0.5,0.0,0.0,0.0,0.0,0.5,0.0,0.0,0.0,AI
37.5,30.25,1.0,1.0,1.0,6.333333333333333,15.555555555555557,0.0,2,0.0,0.0,0.0,0.0,0.0,0.0,0.0,0.0,0.0,0.0,0.0,0.0,0.0,0.0,0.0,0.0,0.0,0.0,0.0,0.0,0.0,0.0,0.0,0.0,0.0,0.0,0.5,0.0,0.5,0.0,0.0,0.0,AI
37.5,756.25,1.0,1.0,1.0,6.909090909090909,17.537190082644624,0.0,2,0.0,0.0,0.0,0.0,0.0,0.0,0.0,0.0,0.0,0.0,0.0,0.0,0.0,0.0,0.0,0.0,0.0,0.0,0.0,0.0,0.0,0.0,0.0,0.5,0.0,0.0,0.0,0.0,0.5,0.0,0.0,0.0,AI
38.0,9.0,1.0,1.0,1.0,7.7,10.41,0.0,1,0.0,0.0,0.0,0.0,0.0,0.0,0.0,0.0,0.0,0.0,0.0,0.0,0.0,0.25,0.0,0.0,0.0,0.0,0.0,0.0,0.0,0.0,0.0,0.25,0.0,0.0,0.25,0.0,0.25,0.0,0.0,0.0,AI
36.0,49.0,1.0,1.0,0.9285714285714286,5.214285714285714,7.454081632653063,0.0,3,0.0,0.0,0.0,0.0,0.0,0.0,0.0,0.0,0.0,0.0,0.0,0.0,0.0,0.0,0.0,0.0,0.0,0.0,0.0,0.0,0.0,0.0,0.0,0.0,0.0,0.0,0.6666666666666666,0.0,0.3333333333333333,0.0,0.0,0.0,AI
36.5,156.25,1.0,1.0,1.0,5.285714285714286,9.489795918367347,0.0,6,0.0,0.0,0.0,0.0,0.0,0.0,0.0,0.0,0.0,0.0,0.0,0.0,0.0,0.0,0.0,0.0,0.0,0.0,0.0,0.0,0.0,0.0,0.0,0.0,0.0,0.0,0.0,0.0,1.0,0.0,0.0,0.0,AI
23.333333333333332,282.88888888888886,1.0,1.0,1.0,4.8,16.293333333333333,0.0,8,0.0,0.0,0.0,0.0,0.0,0.0,0.0,0.0,0.0,0.0,0.0,0.0,0.0,0.0,0.0,0.0,0.0,0.0,0.0,0.0,0.0,0.0,0.0,0.0,0.0,0.0,0.5,0.0,0.5,0.0,0.0,0.0,AI
36.0,100.0,0.9285714285714286,0.9230769230769231,0.8571428571428571,5.214285714285714,6.3112244897959195,0.0,6,0.0,0.0,0.0,0.0,0.0,0.0,0.0,0.0,0.0,0.0,0.0,0.0,0.0,0.0,0.0,0.0,0.0,0.0,0.0,0.0,0.0,0.0,0.0,0.0,0.0,0.0,0.6666666666666666,0.0,0.3333333333333333,0.0,0.0,0.0,AI
35.0,0.0,0.9333333333333333,0.9285714285714286,0.9333333333333333,4.733333333333333,4.862222222222221,0.0,7,0.0,0.0,0.0,0.0,0.0,0.0,0.0,0.0,0.0,0.0,0.0,0.0,0.0,0.0,0.0,0.0,0.0,0.0,0.0,0.0,0.0,0.0,0.0,0.0,0.0,0.0,0.5,0.0,0.5,0.0,0.0,0.0,AI
35.5,1260.25,1.0,1.0,0.9333333333333333,4.5,5.25,0.0,7,0.0,0.0,0.0,0.0,0.0,0.0,0.0,0.0,0.0,0.0,0.0,0.0,0.0,0.0,0.0,0.0,0.0,0.0,0.0,0.0,0.0,0.0,0.0,0.0,0.0,0.0,0.5,0.0,0.5,0.0,0.0,0.0,AI
36.0,196.0,0.9285714285714286,0.9230769230769231,0.9333333333333333,5.214285714285714,11.311224489795919,0.0,6,0.0,0.0,0.0,0.0,0.0,0.0,0.0,0.0,0.0,0.0,0.0,0.0,0.0,0.0,0.0,0.0,0.0,0.0,0.0,0.0,0.0,0.0,0.0,0.0,0.0,0.0,0.5,0.0,0.5,0.0,0.0,0.0,AI
36.0,729.0,1.0,1.0,1.0,5.214285714285714,12.311224489795917,0.0,7,0.0,0.0,0.0,0.0,0.0,0.0,0.0,0.0,0.0,0.0,0.0,0.0,0.0,0.0,0.0,0.0,0.0,0.0,0.0,0.0,0.0,0.0,0.0,0.0,0.0,0.0,0.0,0.0,1.0,0.0,0.0,0.0,AI
35.0,144.0,0.9375,0.9333333333333333,0.9375,4.4375,6.12109375,0.0,8,0.0,0.0,0.0,0.0,0.0,0.0,0.0,0.0,0.0,0.0,0.0,0.0,0.0,0.0,0.0,0.0,0.0,0.0,0.0,0.0,0.0,0.0,0.0,0.0,0.0,0.0,0.5,0.0,0.5,0.0,0.0,0.0,AI
23.333333333333332,82.8888888888889,1.0,1.0,1.0,4.8,4.96,0.0,7,0.0,0.0,0.0,0.0,0.0,0.0,0.0,0.0,0.0,0.0,0.0,0.0,0.0,0.0,0.0,0.0,0.0,0.0,0.0,0.0,0.0,0.0,0.0,0.0,0.0,0.0,0.5,0.0,0.5,0.0,0.0,0.0,AI
36.5,110.25,1.0,1.0,1.0,5.285714285714286,5.9183673469387745,0.0,4,0.0,0.0,0.0,0.0,0.0,0.0,0.0,0.0,0.0,0.0,0.0,0.0,0.0,0.0,0.0,0.0,0.0,0.0,0.0,0.0,0.0,0.0,0.0,0.0,0.0,0.0,0.6666666666666666,0.0,0.3333333333333333,0.0,0.0,0.0,AI
23.333333333333332,113.55555555555556,0.9333333333333333,0.9285714285714286,0.8666666666666667,4.8,11.093333333333332,0.0,7,0.0,0.0,0.0,0.0,0.0,0.0,0.0,0.0,0.0,0.0,0.0,0.0,0.0,0.0,0.0,0.0,0.0,0.0,0.0,0.0,0.0,0.0,0.0,0.0,0.0,0.0,0.0,0.0,1.0,0.0,0.0,0.0,AI
24.666666666666668,133.55555555555554,1.0,1.0,1.0,6.909090909090909,14.082644628099173,0.0,4,0.0,0.0,0.0,0.0,0.0,0.0,0.0,0.0,0.0,0.0,0.0,0.0,0.0,0.0,0.0,0.0,0.0,0.0,0.0,0.0,0.0,0.0,0.0,0.0,0.0,0.0,0.5,0.0,0.25,0.0,0.0,0.25,AI
23.0,564.6666666666666,0.9375,0.9333333333333333,0.9375,4.4375,6.74609375,0.0,6,0.0,0.0,0.0,0.0,0.0,0.0,0.0,0.0,0.0,0.0,0.0,0.0,0.0,0.0,0.0,0.0,0.0,0.0,0.0,0.0,0.0,0.0,0.0,0.0,0.0,0.0,0.3333333333333333,0.0,0.6666666666666666,0.0,0.0,0.0,AI
34.0,36.0,0.8888888888888888,0.875,0.8888888888888888,3.8333333333333335,5.694444444444445,0.0,12,0.0,0.0,0.0,0.0,0.0,0.0,0.0,0.0,0.0,0.0,0.0,0.0,0.0,0.0,0.0,0.0,0.0,0.0,0.0,0.0,0.0,0.0,0.0,0.0,0.0,0.0,0.6666666666666666,0.0,0.3333333333333333,0.0,0.0,0.0,AI
36.0,64.0,0.9285714285714286,0.9230769230769231,0.9333333333333333,5.214285714285714,5.1683673469387745,0.0,7,0.0,0.0,0.0,0.0,0.0,0.0,0.0,0.0,0.0,0.0,0.0,0.0,0.0,0.0,0.0,0.0,0.0,0.0,0.0,0.0,0.0,0.0,0.0,0.0,0.0,0.0,0.6666666666666666,0.0,0.3333333333333333,0.0,0.0,0.0,AI
36.0,256.0,1.0,1.0,0.9285714285714286,5.214285714285714,13.739795918367344,0.0,8,0.0,0.0,0.0,0.0,0.0,0.0,0.0,0.0,0.0,0.0,0.0,0.0,0.0,0.0,0.0,0.0,0.0,0.0,0.0,0.0,0.0,0.0,0.0,0.0,0.0,0.0,0.5,0.0,0.5,0.0,0.0,0.0,AI
74.0,0.0,1.0,1.0,1.0,5.6923076923076925,11.75147928994083,0.0,5,0.0,0.0,0.0,0.0,0.0,0.0,0.0,0.0,0.0,0.0,0.0,0.0,0.0,0.0,0.0,0.0,0.0,0.0,0.0,0.0,0.0,0.0,0.0,0.0,0.0,0.0,1.0,0.0,0.0,0.0,0.0,0.0,AI
23.666666666666668,430.2222222222222,1.0,1.0,1.0,5.214285714285714,9.02551020408163,0.0,5,0.0,0.0,0.0,0.0,0.0,0.0,0.0,0.0,0.0,0.0,0.0,0.0,0.0,0.0,0.0,0.0,0.0,0.0,0.0,0.0,0.0,0.0,0.0,0.0,0.0,0.0,0.3333333333333333,0.0,0.6666666666666666,0.0,0.0,0.0,AI
76.0,0.0,0.9166666666666666,0.9090909090909091,0.9230769230769231,6.333333333333333,31.38888888888889,0.0,4,0.0,0.0,0.0,0.0,0.0,0.0,0.0,0.0,0.0,0.0,0.0,0.0,0.0,0.0,0.0,0.0,0.0,0.0,0.0,0.0,0.0,0.0,0.0,0.0,0.0,0.0,1.0,0.0,0.0,0.0,0.0,0.0,AI
24.333333333333332,682.888888888889,1.0,1.0,1.0,6.25,18.020833333333332,0.0,3,0.0,0.0,0.0,0.0,0.0,0.0,0.0,0.0,0.0,0.0,0.0,0.0,0.0,0.0,0.0,0.0,0.0,0.0,0.0,0.0,0.0,0.0,0.0,0.0,0.0,0.0,0.5,0.0,0.5,0.0,0.0,0.0,AI
75.0,0.0,1.0,1.0,1.0,5.769230769230769,5.562130177514793,0.0,4,0.0,0.0,0.0,0.0,0.0,0.0,0.0,0.0,0.0,0.0,0.0,0.0,0.0,0.0,0.0,0.0,0.0,0.0,0.0,0.0,0.0,0.0,0.0,0.0,0.0,0.0,1.0,0.0,0.0,0.0,0.0,0.0,AI
36.0,25.0,1.0,1.0,1.0,5.214285714285714,7.596938775510203,0.0,6,0.0,0.0,0.0,0.0,0.0,0.0,0.0,0.0,0.0,0.0,0.0,0.0,0.0,0.0,0.0,0.0,0.0,0.0,0.0,0.0,0.0,0.0,0.0,0.0,0.0,0.0,0.0,0.0,1.0,0.0,0.0,0.0,AI
36.0,841.0,0.8666666666666667,0.8461538461538461,0.8666666666666667,4.866666666666666,8.782222222222222,0.0,6,0.0,0.0,0.0,0.0,0.0,0.0,0.0,0.0,0.0,0.0,0.0,0.0,0.0,0.0,0.0,0.0,0.0,0.0,0.0,0.0,0.0,0.0,0.0,0.0,0.0,0.0,0.5,0.0,0.5,0.0,0.0,0.0,AI
38.0,36.0,1.0,1.0,1.0,7.0,18.363636363636363,0.0,2,0.0,0.0,0.0,0.0,0.0,0.0,0.0,0.0,0.0,0.0,0.0,0.0,0.0,0.0,0.0,0.0,0.0,0.0,0.0,0.0,0.0,0.0,0.0,0.0,0.0,0.0,0.75,0.0,0.25,0.0,0.0,0.0,AI
37.0,4.0,1.0,1.0,1.0,6.25,17.520833333333332,0.0,6,0.0,0.0,0.0,0.0,0.0,0.0,0.0,0.0,0.0,0.0,0.0,0.0,0.0,0.0,0.0,0.0,0.0,0.0,0.0,0.0,0.0,0.0,0.0,0.0,0.0,0.0,0.5,0.0,0.5,0.0,0.0,0.0,AI
37.0,225.0,1.0,1.0,1.0,5.769230769230769,13.562130177514794,0.0,6,0.0,0.0,0.0,0.0,0.0,0.0,0.0,0.0,0.0,0.0,0.0,0.0,0.0,0.0,0.0,0.0,0.0,0.0,0.0,0.0,0.0,0.0,0.0,0.0,0.0,0.0,0.0,0.0,1.0,0.0,0.0,0.0,AI
37.0,729.0,1.0,1.0,1.0,6.25,9.1875,0.0,4,0.0,0.0,0.0,0.0,0.0,0.0,0.0,0.0,0.0,0.0,0.0,0.0,0.0,0.0,0.0,0.0,0.0,0.0,0.0,0.0,0.0,0.0,0.0,0.0,0.0,0.0,0.5,0.0,0.5,0.0,0.0,0.0,AI
36.5,72.25,0.9230769230769231,0.9166666666666666,0.9285714285714286,5.6923076923076925,7.443786982248521,0.0,4,0.0,0.0,0.0,0.0,0.0,0.0,0.0,0.0,0.0,0.0,0.0,0.0,0.0,0.5,0.0,0.0,0.0,0.0,0.0,0.0,0.0,0.0,0.0,0.0,0.0,0.0,0.0,0.0,0.5,0.0,0.0,0.0,AI
36.5,72.25,1.0,1.0,1.0,5.285714285714286,8.775510204081632,0.0,5,0.0,0.0,0.0,0.0,0.0,0.0,0.0,0.0,0.0,0.0,0.0,0.0,0.0,0.0,0.0,0.0,0.0,0.0,0.0,0.0,0.0,0.0,0.0,0.0,0.0,0.0,0.0,0.0,1.0,0.0,0.0,0.0,AI
35.5,6.25,0.9285714285714286,0.9230769230769231,0.9285714285714286,5.142857142857143,8.693877551020408,0.0,7,0.0,0.0,0.0,0.0,0.0,0.0,0.0,0.0,0.0,0.0,0.0,0.0,0.0,0.0,0.0,0.0,0.0,0.0,0.0,0.0,0.0,0.0,0.0,0.0,0.0,0.0,0.5,0.0,0.5,0.0,0.0,0.0,AI
36.0,361.0,1.0,1.0,1.0,5.214285714285714,7.596938775510204,0.0,6,0.0,0.0,0.0,0.0,0.0,0.0,0.0,0.0,0.0,0.0,0.0,0.0,0.0,0.0,0.0,0.0,0.0,0.0,0.0,0.0,0.0,0.0,0.0,0.0,0.0,0.0,0.0,0.0,1.0,0.0,0.0,0.0,AI
36.5,992.25,1.0,1.0,1.0,5.6923076923076925,8.520710059171595,0.0,3,0.0,0.0,0.0,0.0,0.0,0.0,0.0,0.0,0.0,0.0,0.0,0.0,0.0,0.0,0.0,0.0,0.0,0.0,0.0,0.0,0.0,0.0,0.0,0.5,0.0,0.0,0.0,0.0,0.5,0.0,0.0,0.0,AI
37.0,9.0,1.0,1.0,1.0,6.25,16.6875,0.0,4,0.0,0.0,0.0,0.0,0.0,0.0,0.0,0.0,0.0,0.0,0.0,0.0,0.0,0.0,0.0,0.0,0.0,0.0,0.0,0.0,0.0,0.0,0.0,0.5,0.0,0.0,0.0,0.0,0.5,0.0,0.0,0.0,AI
37.5,650.25,1.0,1.0,1.0,6.333333333333333,13.888888888888886,0.0,3,0.0,0.0,0.0,0.0,0.0,0.0,0.0,0.0,0.0,0.0,0.0,0.0,0.0,0.0,0.0,0.0,0.0,0.0,0.0,0.0,0.0,0.0,0.0,0.0,0.0,0.0,0.5,0.0,0.5,0.0,0.0,0.0,AI
37.0,1369.0,1.0,1.0,1.0,6.25,9.354166666666666,0.0,5,0.0,0.0,0.0,0.0,0.0,0.0,0.0,0.0,0.0,0.0,0.0,0.0,0.0,0.0,0.0,0.0,0.0,0.0,0.0,0.0,0.0,0.0,0.0,0.0,0.0,0.0,0.0,0.0,1.0,0.0,0.0,0.0,AI
78.0,0.0,1.0,1.0,1.0,8.666666666666666,24.22222222222222,0.0,2,0.0,0.0,0.0,0.0,0.0,0.0,0.0,0.0,0.0,0.0,0.0,0.0,0.0,0.5,0.0,0.0,0.0,0.0,0.0,0.0,0.0,0.0,0.0,0.5,0.0,0.0,0.0,0.0,0.0,0.0,0.0,0.0,AI
37.5,182.25,1.0,1.0,1.0,6.333333333333333,10.388888888888888,0.0,3,0.0,0.0,0.0,0.0,0.0,0.0,0.0,0.0,0.0,0.0,0.0,0.0,0.0,0.0,0.0,0.0,0.0,0.0,0.0,0.0,0.0,0.0,0.0,0.0,0.0,0.0,0.75,0.0,0.25,0.0,0.0,0.0,AI
37.5,182.25,1.0,1.0,1.0,6.909090909090909,8.082644628099173,0.0,3,0.0,0.0,0.0,0.0,0.0,0.0,0.0,0.0,0.0,0.0,0.0,0.0,0.0,0.0,0.0,0.0,0.0,0.0,0.0,0.0,0.0,0.0,0.0,0.5,0.0,0.0,0.0,0.0,0.5,0.0,0.0,0.0,AI
77.0,0.0,0.9090909090909091,0.9,0.9166666666666666,7.0,12.181818181818182,0.0,3,0.0,0.0,0.0,0.0,0.0,0.0,0.0,0.0,0.0,0.0,0.0,0.0,0.0,0.5,0.0,0.0,0.0,0.0,0.0,0.0,0.0,0.0,0.0,0.0,0.0,0.0,0.5,0.0,0.0,0.0,0.0,0.0,AI
37.0,1296.0,1.0,1.0,1.0,6.818181818181818,12.330578512396697,0.0,3,0.0,0.0,0.0,0.0,0.0,0.0,0.0,0.0,0.0,0.0,0.0,0.0,0.0,0.0,0.0,0.0,0.0,0.0,0.0,0.0,0.0,0.0,0.0,0.5,0.0,0.0,0.0,0.0,0.5,0.0,0.0,0.0,AI
37.5,56.25,1.0,1.0,1.0,6.909090909090909,20.99173553719008,0.0,3,0.0,0.0,0.0,0.0,0.0,0.0,0.0,0.0,0.0,0.0,0.0,0.0,0.0,0.3333333333333333,0.0,0.0,0.0,0.0,0.0,0.0,0.0,0.0,0.0,0.3333333333333333,0.0,0.0,0.0,0.0,0.3333333333333333,0.0,0.0,0.0,AI
37.5,20.25,1.0,1.0,1.0,6.909090909090909,9.537190082644628,0.0,1,0.0,0.0,0.0,0.0,0.0,0.0,0.0,0.0,0.0,0.0,0.0,0.0,0.0,0.0,0.0,0.0,0.0,0.0,0.0,0.0,0.0,0.0,0.0,0.3333333333333333,0.0,0.0,0.3333333333333333,0.0,0.3333333333333333,0.0,0.0,0.0,AI
23.666666666666668,234.8888888888889,1.0,1.0,0.9230769230769231,5.615384615384615,14.236686390532544,0.0,5,0.0,0.0,0.0,0.0,0.0,0.0,0.0,0.0,0.0,0.0,0.0,0.0,0.0,0.0,0.0,0.0,0.0,0.0,0.0,0.0,0.0,0.0,0.0,0.2,0.0,0.0,0.4,0.0,0.4,0.0,0.0,0.0,AI
36.5,132.25,1.0,1.0,1.0,5.6923076923076925,8.213017751479288,0.0,5,0.0,0.0,0.0,0.0,0.0,0.0,0.0,0.0,0.0,0.0,0.0,0.0,0.0,0.0,0.0,0.0,0.0,0.0,0.0,0.0,0.0,0.0,0.0,0.0,0.0,0.0,0.5,0.0,0.5,0.0,0.0,0.0,AI
36.5,72.25,1.0,1.0,1.0,5.285714285714286,8.63265306122449,0.0,3,0.0,0.0,0.0,0.0,0.0,0.0,0.0,0.0,0.0,0.0,0.0,0.0,0.0,0.0,0.0,0.0,0.0,0.0,0.0,0.0,0.0,0.0,0.0,0.0,0.0,0.0,0.5,0.0,0.5,0.0,0.0,0.0,AI
23.333333333333332,142.88888888888889,1.0,1.0,1.0,4.8,9.893333333333336,0.0,6,0.0,0.0,0.0,0.0,0.0,0.0,0.0,0.0,0.0,0.0,0.0,0.0,0.0,0.0,0.0,0.0,0.0,0.0,0.0,0.0,0.0,0.0,0.0,0.0,0.0,0.0,0.5,0.0,0.5,0.0,0.0,0.0,AI
23.333333333333332,80.88888888888889,1.0,1.0,1.0,5.142857142857143,7.836734693877552,0.0,5,0.0,0.0,0.0,0.0,0.0,0.0,0.0,0.0,0.0,0.0,0.0,0.0,0.0,0.0,0.0,0.0,0.0,0.0,0.0,0.0,0.0,0.0,0.0,0.0,0.0,0.0,0.5,0.0,0.5,0.0,0.0,0.0,AI
22.666666666666668,171.55555555555557,1.0,1.0,1.0,4.375,7.359375,0.0,7,0.0,0.0,0.0,0.0,0.0,0.0,0.0,0.0,0.0,0.0,0.0,0.0,0.0,0.0,0.0,0.0,0.0,0.0,0.0,0.0,0.0,0.0,0.0,0.0,0.0,0.0,0.0,0.0,0.6666666666666666,0.0,0.0,0.3333333333333333,AI
24.333333333333332,10.888888888888891,1.0,1.0,0.9166666666666666,6.25,5.854166666666667,0.0,3,0.0,0.0,0.0,0.0,0.0,0.0,0.0,0.0,0.0,0.0,0.0,0.0,0.0,0.0,0.0,0.0,0.0,0.0,0.0,0.0,0.0,0.0,0.0,0.0,0.0,0.0,0.5,0.0,0.5,0.0,0.0,0.0,AI
16.75,235.6875,0.9411764705882353,0.9375,0.9375,4.0588235294117645,4.996539792387543,0.0,9,0.0,0.0,0.0,0.0,0.0,0.0,0.0,0.0,0.0,0.0,0.0,0.0,0.0,0.0,0.0,0.0,0.0,0.0,0.0,0.0,0.0,0.0,0.0,0.0,0.0,0.0,0.4,0.0,0.6,0.0,0.0,0.0,AI
17.5,44.75,1.0,1.0,1.0,5.615384615384615,14.390532544378699,0.0,5,0.0,0.0,0.0,0.0,0.0,0.0,0.0,0.0,0.0,0.0,0.0,0.0,0.0,0.0,0.0,0.0,0.0,0.0,0.0,0.0,0.0,0.0,0.0,0.0,0.0,0.0,0.25,0.0,0.75,0.0,0.0,0.0,AI
37.5,42.25,1.0,1.0,1.0,6.333333333333333,13.388888888888891,0.0,4,0.0,0.0,0.0,0.0,0.0,0.0,0.0,0.0,0.0,0.0,0.0,0.0,0.0,0.0,0.0,0.0,0.0,0.0,0.0,0.0,0.0,0.0,0.0,0.0,0.0,0.0,0.6666666666666666,0.0,0.3333333333333333,0.0,0.0,0.0,AI
23.333333333333332,73.55555555555556,0.9285714285714286,0.9230769230769231,0.8571428571428571,5.142857142857143,8.122448979591837,0.0,6,0.0,0.0,0.0,0.0,0.0,0.0,0.0,0.0,0.0,0.0,0.0,0.0,0.0,0.0,0.0,0.0,0.0,0.0,0.0,0.0,0.0,0.0,0.0,0.0,0.0,0.0,0.0,0.0,1.0,0.0,0.0,0.0,AI
23.0,392.6666666666667,1.0,1.0,0.9333333333333333,4.733333333333333,2.062222222222222,0.0,7,0.0,0.0,0.0,0.0,0.0,0.0,0.0,0.0,0.0,0.0,0.0,0.0,0.0,0.0,0.0,0.0,0.0,0.0,0.0,0.0,0.0,0.0,0.0,0.0,0.0,0.0,0.5,0.0,0.5,0.0,0.0,0.0,AI
36.0,16.0,0.9285714285714286,0.9230769230769231,0.9285714285714286,5.214285714285714,6.454081632653062,0.0,6,0.0,0.0,0.0,0.0,0.0,0.0,0.0,0.0,0.0,0.0,0.0,0.0,0.0,0.0,0.0,0.0,0.0,0.0,0.0,0.0,0.0,0.0,0.0,0.0,0.0,0.0,0.5,0.0,0.5,0.0,0.0,0.0,AI
35.0,81.0,1.0,1.0,1.0,4.733333333333333,5.92888888888889,0.0,7,0.0,0.0,0.0,0.0,0.0,0.0,0.0,0.0,0.0,0.0,0.0,0.0,0.0,0.0,0.0,0.0,0.0,0.0,0.0,0.0,0.0,0.0,0.0,0.0,0.0,0.0,0.5,0.0,0.5,0.0,0.0,0.0,AI
36.0,484.0,0.9285714285714286,0.9230769230769231,0.9285714285714286,5.214285714285714,10.596938775510205,0.0,5,0.0,0.0,0.0,0.0,0.0,0.0,0.0,0.0,0.0,0.0,0.0,0.0,0.0,0.0,0.0,0.0,0.0,0.0,0.0,0.0,0.0,0.0,0.0,0.0,0.0,0.0,0.5,0.0,0.5,0.0,0.0,0.0,AI
36.0,361.0,1.0,1.0,1.0,5.615384615384615,5.928994082840237,0.0,7,0.0,0.0,0.0,0.0,0.0,0.0,0.0,0.0,0.0,0.0,0.0,0.0,0.0,0.0,0.0,0.0,0.0,0.0,0.0,0.0,0.0,0.0,0.0,0.0,0.0,0.0,0.0,0.0,1.0,0.0,0.0,0.0,AI
78.0,0.0,1.0,1.0,1.0,7.8,9.559999999999999,0.0,2,0.0,0.0,0.0,0.0,0.0,0.0,0.0,0.0,0.0,0.0,0.0,0.0,0.0,0.0,0.0,0.0,0.0,0.0,0.0,0.0,0.0,0.0,0.0,0.0,0.0,0.0,1.0,0.0,0.0,0.0,0.0,0.0,AI
36.5,156.25,1.0,1.0,0.9166666666666666,6.166666666666667,18.80555555555556,0.0,5,0.0,0.0,0.0,0.0,0.0,0.0,0.0,0.0,0.0,0.0,0.0,0.0,0.0,0.0,0.0,0.0,0.0,0.0,0.0,0.0,0.0,0.0,0.0,0.0,0.0,0.0,0.5,0.0,0.5,0.0,0.0,0.0,AI
37.0,100.0,0.9230769230769231,0.9166666666666666,0.9230769230769231,5.769230769230769,10.946745562130179,0.0,3,0.0,0.0,0.0,0.0,0.0,0.0,0.0,0.0,0.0,0.0,0.0,0.0,0.0,0.0,0.0,0.0,0.0,0.0,0.0,0.0,0.0,0.0,0.0,0.0,0.0,0.0,0.0,0.0,1.0,0.0,0.0,0.0,AI
37.5,462.25,1.0,1.0,1.0,6.909090909090909,11.537190082644628,0.0,2,0.0,0.0,0.0,0.0,0.0,0.0,0.0,0.0,0.0,0.0,0.0,0.0,0.0,0.0,0.0,0.0,0.0,0.0,0.0,0.0,0.0,0.0,0.0,0.0,0.0,0.0,0.6666666666666666,0.0,0.3333333333333333,0.0,0.0,0.0,AI
38.0,121.0,0.9090909090909091,0.9,0.9090909090909091,7.0,13.272727272727273,0.0,4,0.0,0.0,0.0,0.0,0.0,0.0,0.0,0.0,0.0,0.0,0.0,0.0,0.0,0.0,0.0,0.0,0.0,0.0,0.0,0.0,0.0,0.0,0.0,0.0,0.0,0.0,0.5,0.0,0.5,0.0,0.0,0.0,AI
37.5,156.25,1.0,1.0,1.0,6.333333333333333,11.888888888888891,0.0,3,0.0,0.0,0.0,0.0,0.0,0.0,0.0,0.0,0.0,0.0,0.0,0.0,0.0,0.0,0.0,0.0,0.0,0.0,0.0,0.0,0.0,0.0,0.0,0.0,0.0,0.0,0.5,0.0,0.5,0.0,0.0,0.0,AI
36.0,196.0,0.9285714285714286,0.9230769230769231,0.9285714285714286,5.214285714285714,11.311224489795917,0.0,5,0.0,0.0,0.0,0.0,0.0,0.0,0.0,0.0,0.0,0.0,0.0,0.0,0.0,0.0,0.0,0.0,0.0,0.0,0.0,0.0,0.0,0.0,0.0,0.0,0.0,0.0,0.0,0.0,1.0,0.0,0.0,0.0,AI
37.0,625.0,1.0,1.0,1.0,5.769230769230769,16.33136094674556,0.0,5,0.0,0.0,0.0,0.0,0.0,0.0,0.0,0.0,0.0,0.0,0.0,0.0,0.0,0.0,0.0,0.0,0.0,0.0,0.0,0.0,0.0,0.0,0.0,0.0,0.0,0.0,0.0,0.0,1.0,0.0,0.0,0.0,AI
36.5,12.25,1.0,1.0,1.0,5.285714285714286,14.06122448979592,0.0,4,0.0,0.0,0.0,0.0,0.0,0.0,0.0,0.0,0.0,0.0,0.0,0.0,0.0,0.0,0.0,0.0,0.0,0.0,0.0,0.0,0.0,0.0,0.0,0.0,0.0,0.0,0.6666666666666666,0.0,0.3333333333333333,0.0,0.0,0.0,AI
24.0,384.6666666666667,1.0,1.0,1.0,5.6923076923076925,13.289940828402367,0.0,5,0.0,0.0,0.0,0.0,0.0,0.0,0.0,0.0,0.0,0.0,0.0,0.0,0.0,0.0,0.0,0.0,0.0,0.0,0.0,0.0,0.0,0.0,0.0,0.0,0.0,0.0,0.0,0.0,1.0,0.0,0.0,0.0,AI
75.0,0.0,1.0,1.0,1.0,5.769230769230769,12.792899408284025,0.0,6,0.0,0.0,0.0,0.0,0.0,0.0,0.0,0.0,0.0,0.0,0.0,0.0,0.0,0.0,0.0,0.0,0.0,0.0,0.0,0.0,0.0,0.0,1.0,0.0,0.0,0.0,0.0,0.0,0.0,0.0,0.0,0.0,AI
36.5,1122.25,1.0,1.0,1.0,5.6923076923076925,9.289940828402367,0.0,4,0.0,0.0,0.0,0.0,0.0,0.0,0.0,0.0,0.0,0.0,0.0,0.0,0.0,0.0,0.0,0.0,0.0,0.0,0.0,0.0,0.0,0.0,0.0,0.0,0.0,0.0,0.6666666666666666,0.0,0.3333333333333333,0.0,0.0,0.0,AI
36.5,110.25,0.9230769230769231,0.9166666666666666,0.9285714285714286,5.6923076923076925,9.443786982248522,0.0,5,0.0,0.0,0.0,0.0,0.0,0.0,0.0,0.0,0.0,0.0,0.0,0.0,0.0,0.3333333333333333,0.0,0.0,0.0,0.0,0.0,0.0,0.0,0.0,0.0,0.3333333333333333,0.0,0.0,0.0,0.0,0.3333333333333333,0.0,0.0,0.0,AI
74.0,0.0,1.0,1.0,1.0,5.285714285714286,6.775510204081634,0.0,4,0.0,0.0,0.0,0.0,0.0,0.0,0.0,0.0,0.0,0.0,0.0,0.0,0.0,0.0,0.0,0.0,0.0,0.0,0.0,0.0,0.0,0.0,0.0,0.0,0.0,0.0,1.0,0.0,0.0,0.0,0.0,0.0,AI
36.5,812.25,0.9285714285714286,0.9230769230769231,0.9333333333333333,5.285714285714286,8.204081632653063,0.0,5,0.0,0.0,0.0,0.0,0.0,0.0,0.0,0.0,0.0,0.0,0.0,0.0,0.0,0.3333333333333333,0.0,0.0,0.0,0.0,0.0,0.0,0.0,0.0,0.0,0.0,0.0,0.0,0.3333333333333333,0.0,0.3333333333333333,0.0,0.0,0.0,AI
38.5,110.25,1.0,1.0,1.0,8.666666666666666,16.88888888888889,0.0,1,0.0,0.0,0.0,0.0,0.0,0.0,0.0,0.0,0.0,0.0,0.0,0.0,0.0,0.3333333333333333,0.0,0.0,0.0,0.0,0.0,0.0,0.0,0.0,0.0,0.3333333333333333,0.0,0.0,0.0,0.0,0.3333333333333333,0.0,0.0,0.0,AI
36.5,380.25,1.0,1.0,1.0,5.285714285714286,11.346938775510207,0.0,6,0.0,0.0,0.0,0.0,0.0,0.0,0.0,0.0,0.0,0.0,0.0,0.0,0.0,0.0,0.0,0.0,0.0,0.0,0.0,0.0,0.0,0.0,0.0,0.0,0.0,0.0,0.0,0.0,1.0,0.0,0.0,0.0,AI
36.0,676.0,1.0,1.0,0.9333333333333333,4.866666666666666,9.715555555555556,0.0,7,0.0,0.0,0.0,0.0,0.0,0.0,0.0,0.0,0.0,0.0,0.0,0.0,0.0,0.0,0.0,0.0,0.0,0.0,0.0,0.0,0.0,0.0,0.0,0.0,0.0,0.0,0.5,0.0,0.5,0.0,0.0,0.0,AI
77.0,0.0,1.0,1.0,1.0,7.0,9.818181818181818,0.0,2,0.0,0.0,0.0,0.0,0.0,0.0,0.0,0.0,0.0,0.0,0.0,0.0,0.0,1.0,0.0,0.0,0.0,0.0,0.0,0.0,0.0,0.0,0.0,0.0,0.0,0.0,0.0,0.0,0.0,0.0,0.0,0.0,AI
37.5,420.25,1.0,1.0,1.0,6.909090909090909,19.17355371900826,0.0,2,0.0,0.0,0.0,0.0,0.0,0.0,0.0,0.0,0.0,0.0,0.0,0.0,0.0,0.5,0.0,0.0,0.0,0.0,0.0,0.0,0.0,0.0,0.0,0.25,0.0,0.0,0.0,0.0,0.25,0.0,0.0,0.0,AI
38.0,144.0,1.0,1.0,1.0,7.0,7.454545454545454,0.0,2,0.0,0.0,0.0,0.0,0.0,0.0,0.0,0.0,0.0,0.0,0.0,0.0,0.0,0.0,0.0,0.0,0.0,0.0,0.0,0.0,0.0,0.0,0.0,0.0,0.0,0.0,0.75,0.0,0.25,0.0,0.0,0.0,AI
37.0,121.0,1.0,1.0,1.0,6.25,13.020833333333334,0.0,3,0.0,0.0,0.0,0.0,0.0,0.0,0.0,0.0,0.0,0.0,0.0,0.0,0.0,0.3333333333333333,0.0,0.0,0.0,0.0,0.0,0.0,0.0,0.0,0.0,0.3333333333333333,0.0,0.0,0.0,0.0,0.3333333333333333,0.0,0.0,0.0,AI
38.0,225.0,1.0,1.0,1.0,7.7,14.410000000000002,0.0,1,0.0,0.0,0.0,0.0,0.0,0.0,0.0,0.0,0.0,0.0,0.0,0.0,0.0,0.3333333333333333,0.0,0.0,0.0,0.0,0.0,0.0,0.0,0.0,0.0,0.0,0.0,0.0,0.3333333333333333,0.0,0.3333333333333333,0.0,0.0,0.0,AI
37.0,100.0,1.0,1.0,1.0,5.769230769230769,6.63905325443787,0.0,5,0.0,0.0,0.0,0.0,0.0,0.0,0.0,0.0,0.0,0.0,0.0,0.0,0.0,0.0,0.0,0.0,0.0,0.0,0.0,0.0,0.0,0.0,0.0,0.0,0.0,0.0,0.5,0.0,0.5,0.0,0.0,0.0,AI
37.5,342.25,1.0,1.0,1.0,7.6,8.84,0.0,2,0.0,0.0,0.0,0.0,0.0,0.0,0.0,0.0,0.0,0.0,0.0,0.0,0.0,0.3333333333333333,0.0,0.0,0.0,0.0,0.0,0.0,0.0,0.0,0.0,0.3333333333333333,0.0,0.0,0.0,0.0,0.3333333333333333,0.0,0.0,0.0,AI
36.5,156.25,0.9285714285714286,0.9230769230769231,0.9285714285714286,5.285714285714286,7.346938775510204,0.0,6,0.0,0.0,0.0,0.0,0.0,0.0,0.0,0.0,0.0,0.0,0.0,0.0,0.0,0.0,0.0,0.0,0.0,0.0,0.0,0.0,0.0,0.0,0.0,0.0,0.0,0.0,0.0,0.0,1.0,0.0,0.0,0.0,AI
37.0,9.0,1.0,1.0,1.0,6.25,12.520833333333334,0.0,3,0.0,0.0,0.0,0.0,0.0,0.0,0.0,0.0,0.0,0.0,0.0,0.0,0.0,0.25,0.0,0.0,0.0,0.0,0.0,0.0,0.0,0.0,0.0,0.25,0.0,0.0,0.25,0.0,0.25,0.0,0.0,0.0,AI
37.5,1190.25,1.0,1.0,1.0,6.909090909090909,18.446280991735538,0.0,3,0.0,0.0,0.0,0.0,0.0,0.0,0.0,0.0,0.0,0.0,0.0,0.0,0.0,0.5,0.0,0.0,0.0,0.0,0.0,0.0,0.0,0.0,0.0,0.0,0.0,0.0,0.0,0.0,0.5,0.0,0.0,0.0,AI
37.5,272.25,1.0,1.0,1.0,6.909090909090909,8.809917355371903,0.0,1,0.0,0.0,0.0,0.0,0.0,0.0,0.0,0.0,0.0,0.0,0.0,0.0,0.0,0.16666666666666666,0.0,0.0,0.0,0.0,0.0,0.0,0.0,0.0,0.0,0.16666666666666666,0.0,0.0,0.5,0.0,0.16666666666666666,0.0,0.0,0.0,AI
34.0,36.0,1.0,1.0,0.9444444444444444,3.8333333333333335,4.25,0.0,9,0.0,0.0,0.0,0.0,0.0,0.0,0.0,0.0,0.0,0.0,0.0,0.0,0.0,0.0,0.0,0.0,0.0,0.0,0.0,0.0,0.0,0.0,0.0,0.0,0.0,0.0,0.5,0.0,0.5,0.0,0.0,0.0,AI
37.0,4.0,1.0,1.0,1.0,5.769230769230769,10.639053254437869,0.0,4,0.0,0.0,0.0,0.0,0.0,0.0,0.0,0.0,0.0,0.0,0.0,0.0,0.0,0.0,0.0,0.0,0.0,0.0,0.0,0.0,0.0,0.0,0.0,0.0,0.0,0.0,0.6666666666666666,0.0,0.3333333333333333,0.0,0.0,0.0,AI
34.5,132.25,1.0,1.0,1.0,4.375,4.109375,0.0,8,0.0,0.0,0.0,0.0,0.0,0.0,0.0,0.0,0.0,0.0,0.0,0.0,0.0,0.0,0.0,0.0,0.0,0.0,0.0,0.0,0.0,0.0,0.0,0.0,0.0,0.0,0.6666666666666666,0.0,0.3333333333333333,0.0,0.0,0.0,AI
24.333333333333332,238.8888888888889,1.0,1.0,1.0,5.769230769230769,8.485207100591715,0.0,5,0.0,0.0,0.0,0.0,0.0,0.0,0.0,0.0,0.0,0.0,0.0,0.0,0.0,0.0,0.0,0.0,0.0,0.0,0.0,0.0,0.0,0.0,0.0,0.0,0.0,0.0,0.3333333333333333,0.0,0.6666666666666666,0.0,0.0,0.0,AI
23.0,26.0,1.0,1.0,0.9333333333333333,4.733333333333333,11.128888888888888,0.0,7,0.0,0.0,0.0,0.0,0.0,0.0,0.0,0.0,0.0,0.0,0.0,0.0,0.0,0.0,0.0,0.0,0.0,0.0,0.0,0.0,0.0,0.0,0.0,0.0,0.0,0.0,0.5,0.0,0.5,0.0,0.0,0.0,AI
36.5,1122.25,0.9285714285714286,0.9230769230769231,0.9285714285714286,5.285714285714286,9.06122448979592,0.0,7,0.0,0.0,0.0,0.0,0.0,0.0,0.0,0.0,0.0,0.0,0.0,0.0,0.0,0.0,0.0,0.0,0.0,0.0,0.0,0.0,0.0,0.0,0.0,0.0,0.0,0.0,0.5,0.0,0.5,0.0,0.0,0.0,AI
71.0,0.0,0.9411764705882353,0.9375,0.9411764705882353,4.176470588235294,4.73356401384083,0.0,9,0.0,0.0,0.0,0.0,0.0,0.0,0.0,0.0,0.0,0.0,0.0,0.0,0.0,0.0,0.0,0.0,0.0,0.0,0.0,0.0,0.0,0.0,0.0,0.0,0.0,0.0,1.0,0.0,0.0,0.0,0.0,0.0,AI
23.666666666666668,280.22222222222223,1.0,1.0,1.0,5.615384615384615,12.08284023668639,0.0,4,0.0,0.0,0.0,0.0,0.0,0.0,0.0,0.0,0.0,0.0,0.0,0.0,0.0,0.0,0.0,0.0,0.0,0.0,0.0,0.0,0.0,0.0,0.0,0.0,0.0,0.0,0.5,0.0,0.5,0.0,0.0,0.0,AI
37.5,132.25,1.0,1.0,1.0,6.333333333333333,7.888888888888888,0.0,4,0.0,0.0,0.0,0.0,0.0,0.0,0.0,0.0,0.0,0.0,0.0,0.0,0.0,0.0,0.0,0.0,0.0,0.0,0.0,0.0,0.0,0.0,0.0,0.0,0.0,0.0,0.5,0.0,0.5,0.0,0.0,0.0,AI
23.666666666666668,262.88888888888886,1.0,1.0,0.9230769230769231,5.615384615384615,11.159763313609469,0.0,4,0.0,0.0,0.0,0.0,0.0,0.0,0.0,0.0,0.0,0.0,0.0,0.0,0.0,0.0,0.0,0.0,0.0,0.0,0.0,0.0,0.0,0.0,0.0,0.0,0.0,0.0,0.3333333333333333,0.0,0.6666666666666666,0.0,0.0,0.0,AI
17.25,319.6875,1.0,1.0,1.0,4.8,6.159999999999999,0.0,6,0.0,0.0,0.0,0.0,0.0,0.0,0.0,0.0,0.0,0.0,0.0,0.0,0.0,0.0,0.0,0.0,0.0,0.0,0.0,0.0,0.0,0.0,0.0,0.0,0.0,0.0,0.25,0.0,0.75,0.0,0.0,0.0,AI
23.0,258.6666666666667,1.0,1.0,1.0,5.071428571428571,8.923469387755102,0.0,8,0.0,0.0,0.0,0.0,0.0,0.0,0.0,0.0,0.0,0.0,0.0,0.0,0.0,0.0,0.0,0.0,0.0,0.0,0.0,0.0,0.0,0.0,0.0,0.0,0.0,0.0,0.5,0.0,0.5,0.0,0.0,0.0,AI
23.333333333333332,76.22222222222223,1.0,1.0,0.9285714285714286,5.142857142857143,5.122448979591837,0.0,7,0.0,0.0,0.0,0.0,0.0,0.0,0.0,0.0,0.0,0.0,0.0,0.0,0.0,0.0,0.0,0.0,0.0,0.0,0.0,0.0,0.0,0.0,0.0,0.0,0.0,0.0,0.25,0.0,0.5,0.0,0.0,0.25,AI
23.333333333333332,214.2222222222222,0.9285714285714286,0.9230769230769231,0.9285714285714286,5.142857142857143,14.836734693877549,0.0,7,0.0,0.0,0.0,0.0,0.0,0.0,0.0,0.0,0.0,0.0,0.0,0.0,0.0,0.0,0.0,0.0,0.0,0.0,0.0,0.0,0.0,0.0,0.0,0.0,0.0,0.0,0.3333333333333333,0.0,0.6666666666666666,0.0,0.0,0.0,AI
73.0,0.0,1.0,1.0,1.0,5.214285714285714,8.739795918367346,0.0,6,0.0,0.0,0.0,0.0,0.0,0.0,0.0,0.0,0.0,0.0,0.0,0.0,0.0,0.0,0.0,0.0,0.0,0.0,0.0,0.0,0.0,0.0,0.0,0.0,0.0,0.0,1.0,0.0,0.0,0.0,0.0,0.0,AI
23.333333333333332,568.2222222222223,1.0,1.0,1.0,5.142857142857143,8.551020408163264,0.0,5,0.0,0.0,0.0,0.0,0.0,0.0,0.0,0.0,0.0,0.0,0.0,0.0,0.0,0.0,0.0,0.0,0.0,0.0,0.0,0.0,0.0,0.0,0.0,0.0,0.0,0.0,0.5,0.0,0.5,0.0,0.0,0.0,AI
74.0,0.0,0.9285714285714286,0.9230769230769231,0.9285714285714286,5.285714285714286,13.204081632653061,0.0,5,0.0,0.0,0.0,0.0,0.0,0.0,0.0,0.0,0.0,0.0,0.0,0.0,0.0,0.0,0.0,0.0,0.0,0.0,0.0,0.0,0.0,0.0,0.0,0.0,0.0,0.0,1.0,0.0,0.0,0.0,0.0,0.0,AI
37.5,56.25,1.0,1.0,1.0,6.333333333333333,7.888888888888888,0.0,4,0.0,0.0,0.0,0.0,0.0,0.0,0.0,0.0,0.0,0.0,0.0,0.0,0.0,0.0,0.0,0.0,0.0,0.0,0.0,0.0,0.0,0.0,0.0,0.0,0.0,0.0,0.5,0.0,0.5,0.0,0.0,0.0,AI
77.0,0.0,1.0,1.0,1.0,7.0,10.545454545454545,0.0,2,0.0,0.0,0.0,0.0,0.0,0.0,0.0,0.0,0.0,0.0,0.0,0.0,0.0,0.0,0.0,0.0,0.0,0.0,0.0,0.0,0.0,0.0,0.0,1.0,0.0,0.0,0.0,0.0,0.0,0.0,0.0,0.0,AI
36.5,1056.25,1.0,1.0,1.0,5.6923076923076925,3.1360946745562126,0.0,3,0.0,0.0,0.0,0.0,0.0,0.0,0.0,0.0,0.0,0.0,0.0,0.0,0.0,0.0,0.0,0.0,0.0,0.0,0.0,0.0,0.0,0.0,0.0,0.0,0.0,0.0,0.0,0.0,1.0,0.0,0.0,0.0,AI
38.0,529.0,1.0,1.0,1.0,7.7,21.410000000000004,0.0,2,0.0,0.0,0.0,0.0,0.0,0.0,0.0,0.0,0.0,0.0,0.0,0.0,0.0,0.3333333333333333,0.0,0.0,0.0,0.0,0.0,0.0,0.0,0.0,0.0,0.0,0.0,0.0,0.3333333333333333,0.0,0.3333333333333333,0.0,0.0,0.0,AI
36.5,1056.25,1.0,1.0,1.0,5.285714285714286,12.918367346938776,0.0,7,0.0,0.0,0.0,0.0,0.0,0.0,0.0,0.0,0.0,0.0,0.0,0.0,0.0,0.0,0.0,0.0,0.0,0.0,0.0,0.0,0.0,0.0,0.0,0.0,0.0,0.0,0.5,0.0,0.5,0.0,0.0,0.0,AI
38.0,729.0,1.0,1.0,1.0,7.7,10.81,0.0,2,0.0,0.0,0.0,0.0,0.0,0.0,0.0,0.0,0.0,0.0,0.0,0.0,0.0,0.0,0.0,0.0,0.0,0.0,0.0,0.0,0.0,0.0,0.0,0.0,0.0,0.0,0.6666666666666666,0.0,0.3333333333333333,0.0,0.0,0.0,AI
38.0,729.0,1.0,1.0,1.0,8.555555555555555,10.691358024691358,0.0,1,0.0,0.0,0.0,0.0,0.0,0.0,0.0,0.0,0.0,0.0,0.0,0.0,0.0,0.0,0.0,0.0,0.0,0.0,0.0,0.0,0.0,0.0,0.0,0.0,0.0,0.0,0.0,0.0,1.0,0.0,0.0,0.0,AI
77.0,0.0,1.0,1.0,1.0,7.0,20.727272727272727,0.0,3,0.0,0.0,0.0,0.0,0.0,0.0,0.0,0.0,0.0,0.0,0.0,0.0,0.0,0.0,0.0,0.0,0.0,0.0,0.0,0.0,0.0,0.0,0.0,0.0,0.0,0.0,1.0,0.0,0.0,0.0,0.0,0.0,AI
37.5,0.25,1.0,1.0,1.0,6.333333333333333,5.888888888888889,0.0,3,0.0,0.0,0.0,0.0,0.0,0.0,0.0,0.0,0.0,0.0,0.0,0.0,0.0,0.0,0.0,0.0,0.0,0.0,0.0,0.0,0.0,0.0,0.0,0.0,0.0,0.0,0.5,0.0,0.5,0.0,0.0,0.0,AI
37.0,49.0,1.0,1.0,1.0,6.25,14.520833333333334,0.0,4,0.0,0.0,0.0,0.0,0.0,0.0,0.0,0.0,0.0,0.0,0.0,0.0,0.0,0.0,0.0,0.0,0.0,0.0,0.0,0.0,0.0,0.0,0.0,0.0,0.0,0.0,0.0,0.0,1.0,0.0,0.0,0.0,AI
37.5,380.25,1.0,1.0,1.0,6.333333333333333,9.222222222222223,0.0,4,0.0,0.0,0.0,0.0,0.0,0.0,0.0,0.0,0.0,0.0,0.0,0.0,0.0,0.0,0.0,0.0,0.0,0.0,0.0,0.0,0.0,0.0,0.0,0.0,0.0,0.0,0.0,0.0,1.0,0.0,0.0,0.0,AI
75.0,0.0,0.9230769230769231,0.9166666666666666,0.9230769230769231,5.769230769230769,11.869822485207099,0.0,5,0.0,0.0,0.0,0.0,0.0,0.0,0.0,0.0,0.0,0.0,0.0,0.0,0.0,0.0,0.0,0.0,0.0,0.0,0.0,0.0,0.0,0.0,0.0,0.0,0.0,0.0,1.0,0.0,0.0,0.0,0.0,0.0,AI
37.0,1.0,1.0,1.0,1.0,6.25,15.020833333333334,0.0,3,0.0,0.0,0.0,0.0,0.0,0.0,0.0,0.0,0.0,0.0,0.0,0.0,0.0,0.0,0.0,0.0,0.0,0.0,0.0,0.0,0.0,0.0,0.0,0.0,0.0,0.0,0.0,0.0,1.0,0.0,0.0,0.0,AI
36.0,484.0,0.9333333333333333,0.9285714285714286,0.9333333333333333,4.866666666666666,6.515555555555555,0.0,7,0.0,0.0,0.0,0.0,0.0,0.0,0.0,0.0,0.0,0.0,0.0,0.0,0.0,0.0,0.0,0.0,0.0,0.0,0.0,0.0,0.0,0.0,0.0,0.0,0.0,0.0,0.0,0.0,1.0,0.0,0.0,0.0,AI
35.5,156.25,1.0,1.0,1.0,4.8,9.493333333333332,0.0,7,0.0,0.0,0.0,0.0,0.0,0.0,0.0,0.0,0.0,0.0,0.0,0.0,0.0,0.0,0.0,0.0,0.0,0.0,0.0,0.0,0.0,0.0,0.0,0.0,0.0,0.0,0.5,0.0,0.5,0.0,0.0,0.0,AI
37.0,100.0,1.0,1.0,1.0,5.769230769230769,12.331360946745558,0.0,4,0.0,0.0,0.0,0.0,0.0,0.0,0.0,0.0,0.0,0.0,0.0,0.0,0.0,0.0,0.0,0.0,0.0,0.0,0.0,0.0,0.0,0.0,0.0,0.0,0.0,0.0,0.0,0.0,1.0,0.0,0.0,0.0,AI
36.5,462.25,1.0,1.0,1.0,5.6923076923076925,11.75147928994083,0.0,5,0.0,0.0,0.0,0.0,0.0,0.0,0.0,0.0,0.0,0.0,0.0,0.0,0.0,0.0,0.0,0.0,0.0,0.0,0.0,0.0,0.0,0.0,0.0,0.5,0.0,0.0,0.0,0.0,0.5,0.0,0.0,0.0,AI
76.0,0.0,1.0,1.0,1.0,6.333333333333333,10.555555555555555,0.0,2,0.0,0.0,0.0,0.0,0.0,0.0,0.0,0.0,0.0,0.0,0.0,0.0,0.0,0.0,0.0,0.0,0.0,0.0,0.0,0.0,0.0,0.0,0.0,0.0,0.0,0.0,1.0,0.0,0.0,0.0,0.0,0.0,AI
37.0,49.0,1.0,1.0,1.0,6.25,11.020833333333334,0.0,2,0.0,0.0,0.0,0.0,0.0,0.0,0.0,0.0,0.0,0.0,0.0,0.0,0.0,0.0,0.0,0.0,0.0,0.0,0.0,0.0,0.0,0.0,0.0,0.5,0.0,0.0,0.0,0.0,0.5,0.0,0.0,0.0,AI
37.0,256.0,1.0,1.0,1.0,6.25,5.854166666666667,0.0,1,0.0,0.0,0.0,0.0,0.0,0.0,0.0,0.0,0.0,0.0,0.0,0.0,0.0,0.0,0.0,0.0,0.0,0.0,0.0,0.0,0.0,0.0,0.0,0.0,0.0,0.0,0.6666666666666666,0.0,0.3333333333333333,0.0,0.0,0.0,AI
36.5,156.25,1.0,1.0,1.0,5.6923076923076925,11.289940828402367,0.0,4,0.0,0.0,0.0,0.0,0.0,0.0,0.0,0.0,0.0,0.0,0.0,0.0,0.0,0.0,0.0,0.0,0.0,0.0,0.0,0.0,0.0,0.0,0.0,0.5,0.0,0.0,0.0,0.0,0.5,0.0,0.0,0.0,AI
77.0,0.0,0.9090909090909091,0.9,0.9166666666666666,7.0,14.727272727272727,0.0,2,0.0,0.0,0.0,0.0,0.0,0.0,0.0,0.0,0.0,0.0,0.0,0.0,0.0,0.3333333333333333,0.0,0.0,0.0,0.0,0.0,0.0,0.0,0.0,0.0,0.0,0.0,0.0,0.6666666666666666,0.0,0.0,0.0,0.0,0.0,AI
24.666666666666668,288.88888888888886,1.0,1.0,1.0,6.909090909090909,6.809917355371902,0.0,2,0.0,0.0,0.0,0.0,0.0,0.0,0.0,0.0,0.0,0.0,0.0,0.0,0.0,0.0,0.0,0.0,0.0,0.0,0.0,0.0,0.0,0.0,0.0,0.3333333333333333,0.0,0.0,0.0,0.0,0.6666666666666666,0.0,0.0,0.0,AI
75.0,0.0,1.0,1.0,1.0,6.25,7.6875,0.0,3,0,0,0,0,0,0,0,0,0,0,0,0,0,0,0,0,0,0,0,0,0,0,0,0,0,0,0,0,0,0,0,0,AI
36.5,420.25,1.0,1.0,1.0,6.166666666666667,8.472222222222223,0.0,3,0.0,0.0,0.0,0.0,0.0,0.0,0.0,0.0,0.0,0.0,0.0,0.0,0.0,0.0,0.0,0.0,0.0,0.0,0.0,0.0,0.0,0.0,0.0,0.3333333333333333,0.0,0.0,0.3333333333333333,0.0,0.3333333333333333,0.0,0.0,0.0,AI
37.5,6.25,1.0,1.0,1.0,6.909090909090909,8.809917355371901,0.0,5,0.0,0.0,0.0,0.0,0.0,0.0,0.0,0.0,0.0,0.0,0.0,0.0,0.0,0.3333333333333333,0.0,0.0,0.0,0.0,0.0,0.0,0.0,0.0,0.0,0.0,0.0,0.0,0.3333333333333333,0.0,0.3333333333333333,0.0,0.0,0.0,AI
37.5,272.25,1.0,1.0,1.0,6.909090909090909,13.537190082644628,0.0,2,0.0,0.0,0.0,0.0,0.0,0.0,0.0,0.0,0.0,0.0,0.0,0.0,0.0,0.0,0.0,0.0,0.0,0.0,0.0,0.0,0.0,0.0,0.0,0.5,0.0,0.0,0.0,0.0,0.5,0.0,0.0,0.0,AI
37.5,132.25,1.0,1.0,1.0,6.909090909090909,9.53719008264463,0.0,1,0.0,0.0,0.0,0.0,0.0,0.0,0.0,0.0,0.0,0.0,0.0,0.0,0.0,0.0,0.0,0.0,0.0,0.0,0.0,0.0,0.0,0.0,0.0,0.25,0.0,0.0,0.5,0.0,0.25,0.0,0.0,0.0,AI
34.5,756.25,1.0,1.0,0.9411764705882353,4.117647058823529,3.9861591695501724,0.0,9,0.0,0.0,0.0,0.0,0.0,0.0,0.0,0.0,0.0,0.0,0.0,0.0,0.0,0.0,0.0,0.0,0.0,0.0,0.0,0.0,0.0,0.0,0.0,0.0,0.0,0.0,0.5,0.0,0.5,0.0,0.0,0.0,AI
22.333333333333332,134.88888888888889,0.9411764705882353,0.9375,0.9411764705882353,4.0588235294117645,4.290657439446367,0.0,8,0.0,0.0,0.0,0.0,0.0,0.0,0.0,0.0,0.0,0.0,0.0,0.0,0.0,0.0,0.0,0.0,0.0,0.0,0.0,0.0,0.0,0.0,0.0,0.0,0.0,0.0,0.3333333333333333,0.0,0.6666666666666666,0.0,0.0,0.0,AI
35.5,1056.25,0.9333333333333333,0.9285714285714286,0.8666666666666667,4.8,8.293333333333333,0.0,8,0.0,0.0,0.0,0.0,0.0,0.0,0.0,0.0,0.0,0.0,0.0,0.0,0.0,0.0,0.0,0.0,0.0,0.0,0.0,0.0,0.0,0.0,0.0,0.0,0.0,0.0,0.5,0.0,0.5,0.0,0.0,0.0,AI
35.0,961.0,0.875,0.8571428571428571,0.875,4.4375,5.37109375,0.0,8,0.0,0.0,0.0,0.0,0.0,0.0,0.0,0.0,0.0,0.0,0.0,0.0,0.0,0.0,0.0,0.0,0.0,0.0,0.0,0.0,0.0,0.0,0.0,0.0,0.0,0.0,0.5,0.0,0.5,0.0,0.0,0.0,AI
35.0,196.0,0.9375,0.9333333333333333,0.9375,4.4375,6.49609375,0.0,7,0.0,0.0,0.0,0.0,0.0,0.0,0.0,0.0,0.0,0.0,0.0,0.0,0.0,0.0,0.0,0.0,0.0,0.0,0.0,0.0,0.0,0.0,0.0,0.0,0.0,0.0,0.5,0.0,0.5,0.0,0.0,0.0,AI
22.0,458.0,1.0,1.0,1.0,3.4,2.44,0.0,10,0.0,0.0,0.0,0.0,0.0,0.0,0.0,0.0,0.0,0.0,0.0,0.0,0.0,0.0,0.0,0.0,0.0,0.0,0.0,0.0,0.0,0.0,0.0,0.0,0.0,0.0,0.5,0.0,0.5,0.0,0.0,0.0,AI
24.0,64.66666666666667,1.0,1.0,1.0,5.6923076923076925,8.059171597633135,0.0,5,0.0,0.0,0.0,0.0,0.0,0.0,0.0,0.0,0.0,0.0,0.0,0.0,0.0,0.0,0.0,0.0,0.0,0.0,0.0,0.0,0.0,0.0,0.0,0.0,0.0,0.0,0.5,0.0,0.5,0.0,0.0,0.0,AI
36.0,625.0,1.0,1.0,0.9285714285714286,5.615384615384615,13.159763313609469,0.0,6,0.0,0.0,0.0,0.0,0.0,0.0,0.0,0.0,0.0,0.0,0.0,0.0,0.0,0.0,0.0,0.0,0.0,0.0,0.0,0.0,0.0,0.0,0.0,0.0,0.0,0.0,0.0,0.0,1.0,0.0,0.0,0.0,AI
23.666666666666668,123.55555555555556,1.0,1.0,1.0,5.214285714285714,9.45408163265306,0.0,5,0.0,0.0,0.0,0.0,0.0,0.0,0.0,0.0,0.0,0.0,0.0,0.0,0.0,0.0,0.0,0.0,0.0,0.0,0.0,0.0,0.0,0.0,0.0,0.0,0.0,0.0,0.3333333333333333,0.0,0.6666666666666666,0.0,0.0,0.0,AI
36.0,1296.0,1.0,1.0,1.0,6.083333333333333,8.576388888888888,0.0,6,0.0,0.0,0.0,0.0,0.0,0.0,0.0,0.0,0.0,0.0,0.0,0.0,0.0,0.0,0.0,0.0,0.0,0.0,0.0,0.0,0.0,0.0,0.0,0.0,0.0,0.0,0.5,0.0,0.5,0.0,0.0,0.0,AI
35.0,144.0,0.9375,0.9333333333333333,0.9375,4.4375,3.62109375,0.0,7,0.0,0.0,0.0,0.0,0.0,0.0,0.0,0.0,0.0,0.0,0.0,0.0,0.0,0.0,0.0,0.0,0.0,0.0,0.0,0.0,0.0,0.0,0.0,0.0,0.0,0.0,0.6666666666666666,0.0,0.3333333333333333,0.0,0.0,0.0,AI
23.666666666666668,236.22222222222226,1.0,1.0,0.9285714285714286,5.214285714285714,12.88265306122449,0.0,7,0.0,0.0,0.0,0.0,0.0,0.0,0.0,0.0,0.0,0.0,0.0,0.0,0.0,0.0,0.0,0.0,0.0,0.0,0.0,0.0,0.0,0.0,0.0,0.0,0.0,0.0,0.3333333333333333,0.0,0.6666666666666666,0.0,0.0,0.0,AI
35.5,42.25,0.9333333333333333,0.9285714285714286,0.9333333333333333,4.8,9.893333333333333,0.0,6,0.0,0.0,0.0,0.0,0.0,0.0,0.0,0.0,0.0,0.0,0.0,0.0,0.0,0.0,0.0,0.0,0.0,0.0,0.0,0.0,0.0,0.0,0.0,0.0,0.0,0.0,0.5,0.0,0.0,0.0,0.0,0.5,AI
23.333333333333332,998.2222222222223,1.0,1.0,1.0,4.8,7.36,0.0,8,0.0,0.0,0.0,0.0,0.0,0.0,0.0,0.0,0.0,0.0,0.0,0.0,0.0,0.0,0.0,0.0,0.0,0.0,0.0,0.0,0.0,0.0,0.0,0.0,0.0,0.0,0.3333333333333333,0.0,0.6666666666666666,0.0,0.0,0.0,AI
35.5,552.25,1.0,1.0,0.9375,4.8,4.826666666666667,0.0,8,0.0,0.0,0.0,0.0,0.0,0.0,0.0,0.0,0.0,0.0,0.0,0.0,0.0,0.0,0.0,0.0,0.0,0.0,0.0,0.0,0.0,0.0,0.0,0.0,0.0,0.0,0.5,0.0,0.5,0.0,0.0,0.0,AI
35.5,156.25,0.9333333333333333,0.9285714285714286,0.9333333333333333,4.8,7.626666666666666,0.0,5,0.0,0.0,0.0,0.0,0.0,0.0,0.0,0.0,0.0,0.0,0.0,0.0,0.0,0.0,0.0,0.0,0.0,0.0,0.0,0.0,0.0,0.0,0.0,0.0,0.0,0.0,0.5,0.0,0.5,0.0,0.0,0.0,AI
35.0,324.0,1.0,1.0,1.0,4.4375,4.74609375,0.0,7,0.0,0.0,0.0,0.0,0.0,0.0,0.0,0.0,0.0,0.0,0.0,0.0,0.0,0.0,0.0,0.0,0.0,0.0,0.0,0.0,0.0,0.0,0.0,0.3333333333333333,0.0,0.0,0.3333333333333333,0.0,0.3333333333333333,0.0,0.0,0.0,AI
76.0,0.0,1.0,1.0,1.0,6.333333333333333,9.055555555555555,0.0,3,0.0,0.0,0.0,0.0,0.0,0.0,0.0,0.0,0.0,0.0,0.0,0.0,0.0,0.0,0.0,0.0,0.0,0.0,0.0,0.0,0.0,0.0,0.0,0.0,0.0,0.0,1.0,0.0,0.0,0.0,0.0,0.0,AI
38.5,930.25,1.0,1.0,1.0,7.8,13.559999999999999,0.0,2,0.0,0.0,0.0,0.0,0.0,0.0,0.0,0.0,0.0,0.0,0.0,0.0,0.0,0.0,0.0,0.0,0.0,0.0,0.0,0.0,0.0,0.0,0.0,0.0,0.0,0.0,0.0,0.0,1.0,0.0,0.0,0.0,AI
37.0,121.0,1.0,1.0,1.0,6.25,11.6875,0.0,3,0.0,0.0,0.0,0.0,0.0,0.0,0.0,0.0,0.0,0.0,0.0,0.0,0.0,0.3333333333333333,0.0,0.0,0.0,0.0,0.0,0.0,0.0,0.0,0.0,0.0,0.0,0.0,0.3333333333333333,0.0,0.3333333333333333,0.0,0.0,0.0,AI
36.5,42.25,1.0,1.0,1.0,5.285714285714286,8.489795918367346,0.0,5,0.0,0.0,0.0,0.0,0.0,0.0,0.0,0.0,0.0,0.0,0.0,0.0,0.0,0.0,0.0,0.0,0.0,0.0,0.0,0.0,0.0,0.0,0.0,0.0,0.0,0.0,0.0,0.0,1.0,0.0,0.0,0.0,AI
36.5,20.25,0.9285714285714286,0.9230769230769231,0.9285714285714286,5.285714285714286,9.632653061224492,0.0,6,0.0,0.0,0.0,0.0,0.0,0.0,0.0,0.0,0.0,0.0,0.0,0.0,0.0,0.0,0.0,0.0,0.0,0.0,0.0,0.0,0.0,0.0,0.0,0.0,0.0,0.0,0.5,0.0,0.0,0.0,0.0,0.5,AI
35.0,576.0,1.0,1.0,1.0,4.733333333333333,8.195555555555556,0.0,7,0.0,0.0,0.0,0.0,0.0,0.0,0.0,0.0,0.0,0.0,0.0,0.0,0.0,0.0,0.0,0.0,0.0,0.0,0.0,0.0,0.0,0.0,0.0,0.0,0.0,0.0,0.0,0.0,0.0,0.0,0.0,1.0,AI
36.5,272.25,1.0,1.0,1.0,5.285714285714286,6.918367346938775,0.0,5,0.0,0.0,0.0,0.0,0.0,0.0,0.0,0.0,0.0,0.0,0.0,0.0,0.0,0.0,0.0,0.0,0.0,0.0,0.0,0.0,0.0,0.0,0.0,0.0,0.0,0.0,0.6666666666666666,0.0,0.3333333333333333,0.0,0.0,0.0,AI
38.0,361.0,1.0,1.0,1.0,7.0,11.090909090909092,0.0,2,0.0,0.0,0.0,0.0,0.0,0.0,0.0,0.0,0.0,0.0,0.0,0.0,0.0,0.0,0.0,0.0,0.0,0.0,0.0,0.0,0.0,0.0,0.0,0.0,0.0,0.0,0.6666666666666666,0.0,0.3333333333333333,0.0,0.0,0.0,AI
36.0,196.0,1.0,1.0,1.0,5.214285714285714,10.454081632653063,0.0,7,0.0,0.0,0.0,0.0,0.0,0.0,0.0,0.0,0.0,0.0,0.0,0.0,0.0,0.0,0.0,0.0,0.0,0.0,0.0,0.0,0.0,0.0,0.0,0.0,0.0,0.0,0.5,0.0,0.5,0.0,0.0,0.0,AI
24.0,810.6666666666666,1.0,1.0,1.0,5.285714285714286,8.632653061224492,0.0,4,0.0,0.0,0.0,0.0,0.0,0.0,0.0,0.0,0.0,0.0,0.0,0.0,0.0,0.0,0.0,0.0,0.0,0.0,0.0,0.0,0.0,0.0,0.0,0.0,0.0,0.0,0.0,0.0,1.0,0.0,0.0,0.0,AI
34.0,1.0,0.9444444444444444,0.9411764705882353,0.9444444444444444,3.8333333333333335,3.1388888888888884,0.0,7,0.0,0.0,0.0,0.0,0.0,0.0,0.0,0.0,0.0,0.0,0.0,0.0,0.0,0.0,0.0,0.0,0.0,0.0,0.0,0.0,0.0,0.0,0.0,0.0,0.0,0.0,0.0,0.0,1.0,0.0,0.0,0.0,AI
38.0,841.0,1.0,1.0,1.0,7.0,11.090909090909092,0.0,3,0.0,0.0,0.0,0.0,0.0,0.0,0.0,0.0,0.0,0.0,0.0,0.0,0.0,0.0,0.0,0.0,0.0,0.0,0.0,0.0,0.0,0.0,0.0,0.0,0.0,0.0,0.5,0.0,0.5,0.0,0.0,0.0,AI
37.0,49.0,0.9166666666666666,0.9090909090909091,0.9166666666666666,6.25,13.520833333333334,0.0,6,0.0,0.0,0.0,0.0,0.0,0.0,0.0,0.0,0.0,0.0,0.0,0.0,0.0,0.0,0.0,0.0,0.0,0.0,0.0,0.0,0.0,0.0,0.0,0.0,0.0,0.0,0.5,0.0,0.5,0.0,0.0,0.0,AI
36.0,225.0,1.0,1.0,1.0,5.214285714285714,8.739795918367346,0.0,5,0.0,0.0,0.0,0.0,0.0,0.0,0.0,0.0,0.0,0.0,0.0,0.0,0.0,0.0,0.0,0.0,0.0,0.0,0.0,0.0,0.0,0.0,0.0,0.0,0.0,0.0,0.5,0.0,0.5,0.0,0.0,0.0,AI
36.0,144.0,0.9230769230769231,0.9166666666666666,0.9230769230769231,5.615384615384615,11.467455621301774,0.0,6,0.0,0.0,0.0,0.0,0.0,0.0,0.0,0.0,0.0,0.0,0.0,0.0,0.0,0.0,0.0,0.0,0.0,0.0,0.0,0.0,0.0,0.0,0.0,0.3333333333333333,0.0,0.0,0.3333333333333333,0.0,0.3333333333333333,0.0,0.0,0.0,AI
77.0,0.0,0.9090909090909091,0.9,0.9090909090909091,7.0,11.636363636363637,0.0,2,0,0,0,0,0,0,0,0,0,0,0,0,0,0,0,0,0,0,0,0,0,0,0,0,0,0,0,0,0,0,0,0,AI
36.5,1332.25,1.0,1.0,1.0,5.6923076923076925,16.982248520710066,0.0,3,0.0,0.0,0.0,0.0,0.0,0.0,0.0,0.0,0.0,0.0,0.0,0.0,0.0,0.0,0.0,0.0,0.0,0.0,0.0,0.0,0.0,0.0,0.0,0.5,0.0,0.0,0.0,0.0,0.5,0.0,0.0,0.0,AI
38.0,784.0,1.0,1.0,1.0,7.0,14.0,0.0,4,0.0,0.0,0.0,0.0,0.0,0.0,0.0,0.0,0.0,0.0,0.0,0.0,0.0,0.0,0.0,0.0,0.0,0.0,0.0,0.0,0.0,0.0,0.0,0.0,0.0,0.0,0.0,0.0,1.0,0.0,0.0,0.0,AI
37.0,196.0,1.0,1.0,1.0,6.25,9.354166666666666,0.0,3,0.0,0.0,0.0,0.0,0.0,0.0,0.0,0.0,0.0,0.0,0.0,0.0,0.0,0.0,0.0,0.0,0.0,0.0,0.0,0.0,0.0,0.0,0.0,0.5,0.0,0.0,0.0,0.0,0.5,0.0,0.0,0.0,AI
38.0,529.0,1.0,1.0,1.0,7.7,7.010000000000001,0.0,1,0.0,0.0,0.0,0.0,0.0,0.0,0.0,0.0,0.0,0.0,0.0,0.0,0.0,0.0,0.0,0.0,0.0,0.0,0.0,0.0,0.0,0.0,0.0,0.25,0.0,0.0,0.5,0.0,0.25,0.0,0.0,0.0,AI
78.0,0.0,0.9,0.8888888888888888,0.9,7.8,7.960000000000001,0.0,1,0.0,0.0,0.0,0.0,0.0,0.0,0.0,0.0,0.0,0.0,0.0,0.0,0.0,0.0,0.0,0.0,0.0,0.0,0.0,0.0,0.0,0.0,0.0,0.0,0.0,0.0,1.0,0.0,0.0,0.0,0.0,0.0,AI
36.5,90.25,1.0,1.0,1.0,5.6923076923076925,13.443786982248522,0.0,4,0.0,0.0,0.0,0.0,0.0,0.0,0.0,0.0,0.0,0.0,0.0,0.0,0.0,0.0,0.0,0.0,0.0,0.0,0.0,0.0,0.0,0.0,0.0,0.5,0.0,0.0,0.0,0.0,0.5,0.0,0.0,0.0,AI
37.0,729.0,1.0,1.0,1.0,6.25,10.6875,0.0,2,0.0,0.0,0.0,0.0,0.0,0.0,0.0,0.0,0.0,0.0,0.0,0.0,0.0,0.0,0.0,0.0,0.0,0.0,0.0,0.0,0.0,0.0,0.0,0.5,0.0,0.0,0.0,0.0,0.5,0.0,0.0,0.0,AI
24.666666666666668,648.2222222222222,0.9,0.8888888888888888,0.9,7.6,12.64,0.0,1,0.0,0.0,0.0,0.0,0.0,0.0,0.0,0.0,0.0,0.0,0.0,0.0,0.0,0.0,0.0,0.0,0.0,0.0,0.0,0.0,0.0,0.0,0.0,0.2,0.0,0.0,0.4,0.0,0.4,0.0,0.0,0.0,AI
74.0,0.0,0.9285714285714286,0.9230769230769231,0.9285714285714286,5.285714285714286,8.632653061224492,0.0,7,0.0,0.0,0.0,0.0,0.0,0.0,0.0,0.0,0.0,0.0,0.0,0.0,0.0,0.0,0.0,0.0,0.0,0.0,0.0,0.0,0.0,0.0,0.0,0.0,0.0,0.0,1.0,0.0,0.0,0.0,0.0,0.0,AI
22.666666666666668,374.88888888888886,0.8823529411764706,0.8666666666666667,0.8823529411764706,4.117647058823529,4.45674740484429,0.0,10,0.0,0.0,0.0,0.0,0.0,0.0,0.0,0.0,0.0,0.0,0.0,0.0,0.0,0.0,0.0,0.0,0.0,0.0,0.0,0.0,0.0,0.0,0.0,0.0,0.0,0.0,0.0,0.0,1.0,0.0,0.0,0.0,AI
36.0,121.0,0.9333333333333333,0.9285714285714286,0.9285714285714286,4.866666666666666,12.515555555555553,0.0,6,0.0,0.0,0.0,0.0,0.0,0.0,0.0,0.0,0.0,0.0,0.0,0.0,0.0,0.0,0.0,0.0,0.0,0.0,0.0,0.0,0.0,0.0,0.0,0.25,0.0,0.0,0.5,0.0,0.25,0.0,0.0,0.0,AI
23.666666666666668,142.88888888888889,1.0,1.0,1.0,5.214285714285714,7.454081632653062,0.0,5,0.0,0.0,0.0,0.0,0.0,0.0,0.0,0.0,0.0,0.0,0.0,0.0,0.0,0.0,0.0,0.0,0.0,0.0,0.0,0.0,0.0,0.0,0.0,0.0,0.0,0.0,0.0,0.0,1.0,0.0,0.0,0.0,AI
74.0,0.0,1.0,1.0,0.9333333333333333,5.285714285714286,10.204081632653061,0.0,7,0.0,0.0,0.0,0.0,0.0,0.0,0.0,0.0,0.0,0.0,0.0,0.0,0.0,0.0,0.0,0.0,0.0,0.0,0.0,0.0,0.0,0.0,0.0,0.0,0.0,0.0,1.0,0.0,0.0,0.0,0.0,0.0,AI
23.333333333333332,118.22222222222223,0.9230769230769231,0.9166666666666666,0.9230769230769231,5.538461538461538,10.094674556213018,0.0,6,0.0,0.0,0.0,0.0,0.0,0.0,0.0,0.0,0.0,0.0,0.0,0.0,0.0,0.0,0.0,0.0,0.0,0.0,0.0,0.0,0.0,0.0,0.0,0.0,0.0,0.0,0.6,0.0,0.4,0.0,0.0,0.0,AI
34.5,1122.25,1.0,1.0,0.9411764705882353,4.117647058823529,4.103806228373702,0.0,8,0.0,0.0,0.0,0.0,0.0,0.0,0.0,0.0,0.0,0.0,0.0,0.0,0.0,0.0,0.0,0.0,0.0,0.0,0.0,0.0,0.0,0.0,0.0,0.0,0.0,0.0,0.5,0.0,0.5,0.0,0.0,0.0,AI
36.5,1056.25,1.0,1.0,1.0,5.285714285714286,13.204081632653061,0.0,5,0.0,0.0,0.0,0.0,0.0,0.0,0.0,0.0,0.0,0.0,0.0,0.0,0.0,0.0,0.0,0.0,0.0,0.0,0.0,0.0,0.0,0.0,0.0,0.0,0.0,0.0,0.6666666666666666,0.0,0.3333333333333333,0.0,0.0,0.0,AI
35.5,12.25,1.0,1.0,1.0,5.142857142857143,8.693877551020408,0.0,4,0.0,0.0,0.0,0.0,0.0,0.0,0.0,0.0,0.0,0.0,0.0,0.0,0.0,0.0,0.0,0.0,0.0,0.0,0.0,0.0,0.0,0.0,0.0,0.0,0.0,0.0,0.75,0.0,0.25,0.0,0.0,0.0,AI
35.5,342.25,1.0,1.0,1.0,4.8,6.16,0.0,7,0.0,0.0,0.0,0.0,0.0,0.0,0.0,0.0,0.0,0.0,0.0,0.0,0.0,0.0,0.0,0.0,0.0,0.0,0.0,0.0,0.0,0.0,0.0,0.0,0.0,0.0,0.5,0.0,0.5,0.0,0.0,0.0,AI
36.5,420.25,1.0,1.0,0.9285714285714286,5.285714285714286,8.775510204081634,0.0,5,0.0,0.0,0.0,0.0,0.0,0.0,0.0,0.0,0.0,0.0,0.0,0.0,0.0,0.0,0.0,0.0,0.0,0.0,0.0,0.0,0.0,0.0,0.0,0.0,0.0,0.0,0.5,0.0,0.5,0.0,0.0,0.0,AI
23.333333333333332,172.22222222222226,1.0,1.0,0.9285714285714286,5.142857142857143,7.265306122448982,0.0,6,0.0,0.0,0.0,0.0,0.0,0.0,0.0,0.0,0.0,0.0,0.0,0.0,0.0,0.0,0.0,0.0,0.0,0.0,0.0,0.0,0.0,0.0,0.0,0.0,0.0,0.0,0.3333333333333333,0.0,0.6666666666666666,0.0,0.0,0.0,AI
23.0,588.6666666666666,1.0,1.0,1.0,4.733333333333333,6.195555555555556,0.0,7,0.0,0.0,0.0,0.0,0.0,0.0,0.0,0.0,0.0,0.0,0.0,0.0,0.0,0.0,0.0,0.0,0.0,0.0,0.0,0.0,0.0,0.0,0.0,0.0,0.0,0.0,0.0,0.0,1.0,0.0,0.0,0.0,AI
36.0,169.0,0.7857142857142857,0.8181818181818182,0.7857142857142857,5.214285714285714,6.882653061224489,0.0,6,0.0,0.0,0.0,0.0,0.0,0.0,0.0,0.0,0.0,0.0,0.0,0.0,0.0,0.0,0.0,0.0,0.0,0.0,0.0,0.0,0.0,0.0,0.0,0.0,0.0,0.0,0.5,0.0,0.5,0.0,0.0,0.0,AI
23.333333333333332,120.22222222222223,1.0,1.0,0.9285714285714286,5.142857142857143,8.83673469387755,0.0,6,0.0,0.0,0.0,0.0,0.0,0.0,0.0,0.0,0.0,0.0,0.0,0.0,0.0,0.0,0.0,0.0,0.0,0.0,0.0,0.0,0.0,0.0,0.0,0.0,0.0,0.0,0.3333333333333333,0.0,0.6666666666666666,0.0,0.0,0.0,AI
24.0,162.0,1.0,1.0,0.9230769230769231,6.166666666666667,9.805555555555555,0.0,4,0.0,0.0,0.0,0.0,0.0,0.0,0.0,0.0,0.0,0.0,0.0,0.0,0.0,0.0,0.0,0.0,0.0,0.0,0.0,0.0,0.0,0.0,0.0,0.0,0.0,0.0,0.5,0.0,0.5,0.0,0.0,0.0,AI
35.5,812.25,0.875,0.9285714285714286,0.875,4.5,11.375,0.0,8,0.0,0.0,0.0,0.0,0.0,0.0,0.0,0.0,0.0,0.0,0.0,0.0,0.0,0.0,0.0,0.0,0.0,0.0,0.0,0.0,0.0,0.0,0.0,0.0,0.0,0.0,0.0,0.0,1.0,0.0,0.0,0.0,AI
76.0,0.0,1.0,1.0,1.0,6.909090909090909,12.264462809917354,0.0,2,0.0,0.0,0.0,0.0,0.0,0.0,0.0,0.0,0.0,0.0,0.0,0.0,0.0,0.0,0.0,0.0,0.0,0.0,0.0,0.0,0.0,0.0,0.0,0.0,0.0,0.0,1.0,0.0,0.0,0.0,0.0,0.0,AI
38.0,961.0,1.0,1.0,1.0,7.7,13.809999999999999,0.0,2,0.0,0.0,0.0,0.0,0.0,0.0,0.0,0.0,0.0,0.0,0.0,0.0,0.0,0.0,0.0,0.0,0.0,0.0,0.0,0.0,0.0,0.0,0.0,0.0,0.0,0.0,0.6666666666666666,0.0,0.3333333333333333,0.0,0.0,0.0,AI
37.0,81.0,1.0,1.0,1.0,5.769230769230769,12.639053254437867,0.0,4,0.0,0.0,0.0,0.0,0.0,0.0,0.0,0.0,0.0,0.0,0.0,0.0,0.0,0.0,0.0,0.0,0.0,0.0,0.0,0.0,0.0,0.0,0.0,0.0,0.0,0.0,0.0,0.0,1.0,0.0,0.0,0.0,AI
36.0,441.0,1.0,1.0,1.0,4.866666666666666,4.3822222222222225,0.0,7,0.0,0.0,0.0,0.0,0.0,0.0,0.0,0.0,0.0,0.0,0.0,0.0,0.0,0.0,0.0,0.0,0.0,0.0,0.0,0.0,0.0,0.0,0.0,0.0,0.0,0.0,0.5,0.0,0.5,0.0,0.0,0.0,AI
36.5,132.25,1.0,1.0,1.0,6.166666666666667,12.972222222222223,0.0,5,0.0,0.0,0.0,0.0,0.0,0.0,0.0,0.0,0.0,0.0,0.0,0.0,0.0,0.0,0.0,0.0,0.0,0.0,0.0,0.0,0.0,0.0,0.0,0.0,0.0,0.0,0.5,0.0,0.5,0.0,0.0,0.0,AI
36.0,25.0,1.0,1.0,1.0,4.866666666666666,6.248888888888888,0.0,5,0.0,0.0,0.0,0.0,0.0,0.0,0.0,0.0,0.0,0.0,0.0,0.0,0.0,0.0,0.0,0.0,0.0,0.0,0.0,0.0,0.0,0.0,0.0,0.0,0.0,0.0,0.0,0.0,1.0,0.0,0.0,0.0,AI
36.5,240.25,1.0,1.0,1.0,5.6923076923076925,11.75147928994083,0.0,5,0.0,0.0,0.0,0.0,0.0,0.0,0.0,0.0,0.0,0.0,0.0,0.0,0.0,0.3333333333333333,0.0,0.0,0.0,0.0,0.0,0.0,0.0,0.0,0.0,0.0,0.0,0.0,0.3333333333333333,0.0,0.3333333333333333,0.0,0.0,0.0,AI
37.5,6.25,1.0,1.0,1.0,6.333333333333333,10.888888888888891,0.0,4,0.0,0.0,0.0,0.0,0.0,0.0,0.0,0.0,0.0,0.0,0.0,0.0,0.0,0.0,0.0,0.0,0.0,0.0,0.0,0.0,0.0,0.0,0.0,0.0,0.0,0.0,0.0,0.0,1.0,0.0,0.0,0.0,AI
37.0,1024.0,1.0,1.0,1.0,6.25,9.020833333333334,0.0,4,0.0,0.0,0.0,0.0,0.0,0.0,0.0,0.0,0.0,0.0,0.0,0.0,0.0,0.0,0.0,0.0,0.0,0.0,0.0,0.0,0.0,0.0,0.0,0.0,0.0,0.0,0.5,0.0,0.5,0.0,0.0,0.0,AI
37.5,272.25,1.0,1.0,1.0,6.333333333333333,8.222222222222223,0.0,4,0.0,0.0,0.0,0.0,0.0,0.0,0.0,0.0,0.0,0.0,0.0,0.0,0.0,0.0,0.0,0.0,0.0,0.0,0.0,0.0,0.0,0.0,0.0,0.0,0.0,0.0,0.5,0.0,0.5,0.0,0.0,0.0,AI
35.5,30.25,1.0,1.0,1.0,5.142857142857143,9.693877551020407,0.0,5,0.0,0.0,0.0,0.0,0.0,0.0,0.0,0.0,0.0,0.0,0.0,0.0,0.0,0.3333333333333333,0.0,0.0,0.0,0.0,0.0,0.0,0.0,0.0,0.0,0.3333333333333333,0.0,0.0,0.0,0.0,0.3333333333333333,0.0,0.0,0.0,AI
38.0,256.0,1.0,1.0,0.9090909090909091,7.7,19.01,0.0,3,0.0,0.0,0.0,0.0,0.0,0.0,0.0,0.0,0.0,0.0,0.0,0.0,0.0,0.3333333333333333,0.0,0.0,0.0,0.0,0.0,0.0,0.0,0.0,0.0,0.3333333333333333,0.0,0.0,0.0,0.0,0.3333333333333333,0.0,0.0,0.0,AI
35.5,20.25,1.0,1.0,1.0,5.142857142857143,12.551020408163264,0.0,5,0.0,0.0,0.0,0.0,0.0,0.0,0.0,0.0,0.0,0.0,0.0,0.0,0.0,0.0,0.0,0.0,0.0,0.0,0.0,0.0,0.0,0.0,0.0,0.0,0.0,0.0,0.0,0.0,1.0,0.0,0.0,0.0,AI
38.0,784.0,1.0,1.0,1.0,7.7,10.809999999999999,0.0,2,0.0,0.0,0.0,0.0,0.0,0.0,0.0,0.0,0.0,0.0,0.0,0.0,0.0,0.0,0.0,0.0,0.0,0.0,0.0,0.0,0.0,0.0,0.0,0.0,0.0,0.0,0.5,0.0,0.5,0.0,0.0,0.0,AI
75.0,0.0,1.0,1.0,1.0,5.769230769230769,9.715976331360945,0.0,3,0.0,0.0,0.0,0.0,0.0,0.0,0.0,0.0,0.0,0.0,0.0,0.0,0.0,0.0,0.0,0.0,0.0,0.0,0.0,0.0,0.0,0.0,0.0,1.0,0.0,0.0,0.0,0.0,0.0,0.0,0.0,0.0,AI
